registered_N,repeat,status,kernel_wall_seconds
100,0,NOT_EXECUTED,UNRESOLVED
100,1,NOT_EXECUTED,UNRESOLVED
100,2,NOT_EXECUTED,UNRESOLVED
200,0,NOT_EXECUTED,UNRESOLVED
200,1,NOT_EXECUTED,UNRESOLVED
200,2,NOT_EXECUTED,UNRESOLVED
400,0,NOT_EXECUTED,UNRESOLVED
400,1,NOT_EXECUTED,UNRESOLVED
400,2,NOT_EXECUTED,UNRESOLVED
800,0,NOT_EXECUTED,UNRESOLVED
800,1,NOT_EXECUTED,UNRESOLVED
800,2,NOT_EXECUTED,UNRESOLVED
1600,0,NOT_EXECUTED,UNRESOLVED
1600,1,NOT_EXECUTED,UNRESOLVED
1600,2,NOT_EXECUTED,UNRESOLVED
3200,0,NOT_EXECUTED,UNRESOLVED
3200,1,NOT_EXECUTED,UNRESOLVED
3200,2,NOT_EXECUTED,UNRESOLVED
6400,0,NOT_EXECUTED,UNRESOLVED
6400,1,NOT_EXECUTED,UNRESOLVED
6400,2,NOT_EXECUTED,UNRESOLVED
