iteration,U_max_normalized,U_RMS_normalized,T_max_normalized,T_RMS_normalized,p_rgh_max_normalized,p_rgh_RMS_normalized,phi_max_normalized,phi_RMS_normalized,Nu_bar_cavity_difference_absolute,Nu_bar_cavity_difference_normalized,Nu_bar_0_difference_absolute,Nu_bar_0_difference_normalized,Nu_bar_half_difference_absolute,Nu_bar_half_difference_normalized,Umax_difference_absolute,Umax_difference_normalized,Wmax_difference_absolute,Wmax_difference_normalized,Umax_Z_difference_absolute,Umax_Z_difference_normalized,Wmax_X_difference_absolute,Wmax_X_difference_normalized,QoI_max_relative_difference,epsilon_phi_mean_difference_absolute,epsilon_phi_max_difference_absolute,heat_imbalance_difference_absolute
15000,0.0,0.0,0.0,0.0,0.0,0.0,0.0,0.0,0.0,0.0,0.0,0.0,0.0,0.0,0.0,0.0,0.0,0.0,0.0,0.0,0.0,0.0,0.0,0.0,0.0,0.0
15020,5.60453548760791e-08,1.6223267502400402e-08,1.7133856999862473e-08,6.230714109713182e-09,1.1679006072431992e-07,2.9537123579068643e-08,1.657247802363743e-08,3.897295136395652e-09,2.325354220289455e-08,7.0637471424805205e-09,4.631056071957573e-08,1.4138772557610438e-08,2.444742186469284e-09,7.463881532324974e-10,6.404411330152016e-07,2.6191656681407573e-08,4.244194329316997e-07,1.1708171655715743e-08,0.0,0.0,0.0,0.0,2.6191656681407573e-08,1.312191629052113e-11,7.392234816014809e-10,2.244001522437895e-08
15040,1.5140650297174586e-07,2.8723945766647875e-08,2.9099680887156865e-08,9.793994488613382e-09,2.19819229802565e-07,8.172886826033735e-08,6.162171766290628e-08,1.4503495134247577e-08,3.5330598446847716e-08,1.073240427683583e-08,3.924878910765983e-08,1.1982789709066645e-08,9.89145529928237e-08,3.019895194668275e-08,9.050247236075393e-07,3.7012140848446625e-08,9.542389562966491e-07,2.6323944510748297e-08,0.0,0.0,0.0,0.0,3.7012140848446625e-08,3.9857484933451686e-11,2.570183315920954e-10,1.4190975040188906e-08
15060,9.713216170560874e-08,2.8004424066876156e-08,3.4556080663605826e-08,1.0245346101767572e-08,1.2505298612380316e-07,5.1355199032148705e-08,2.127794641333292e-08,6.9373881553396634e-09,9.85560966171306e-10,2.993846446931363e-10,1.752607659000205e-08,5.350771109453047e-09,4.08555553832457e-08,1.2473340709928065e-08,4.3123801773958803e-07,1.763602833177223e-08,7.68461916322849e-08,2.119903864870688e-09,0.0,0.0,0.0,0.0,1.763602833177223e-08,1.2255274608479028e-10,5.150499451854831e-11,1.8433939638865206e-09
15080,1.9828053312377843e-07,3.4879870216308296e-08,8.8951594534592e-08,8.146002995532351e-09,3.4947085459925156e-07,5.4705192080158375e-08,3.56059566739275e-08,6.697694658273643e-09,1.2950570393854832e-08,3.934005163544255e-09,2.2371636987372767e-08,6.830137304723947e-09,9.306962045485534e-08,2.8414474649558284e-08,3.5339042270265963e-07,1.445235197599245e-08,3.387599889492776e-08,9.345142413587384e-10,0.0,0.0,0.0,0.0,2.8414474649558284e-08,1.2605727982629733e-10,1.5039587482769927e-08,1.147652459351599e-08
15100,2.2589328921143153e-07,3.66519999698802e-08,2.3707912077952642e-08,6.182199017876763e-09,2.2203670271046206e-07,9.87954615845728e-08,5.339736141881555e-08,1.1466615437621904e-08,2.2607962613108157e-08,6.867638969123308e-09,4.67048266727943e-08,1.4259143417274663e-08,1.1001510813457571e-10,3.358798875579347e-11,9.239280629458335e-07,3.7785215520550936e-08,9.743017983510072e-07,2.68774037605847e-08,0.0,0.0,0.0,0.0,3.7785215520550936e-08,2.347877276758153e-10,8.505977115843798e-10,1.741731350394413e-08
15120,1.2096520293804282e-07,2.277015371950277e-08,2.7332532681612065e-08,6.256762857710322e-09,1.0738337449831273e-07,4.7825518038693464e-08,3.753946439908938e-08,8.816700635590732e-09,8.117118532879886e-09,2.4657436052628057e-09,4.3150635065103415e-08,1.3174036516351024e-08,5.199527208787913e-08,1.587433461911542e-08,8.031924352280839e-07,3.2847578691205224e-08,3.801222945298832e-07,1.048617644267794e-08,0.0,0.0,0.0,0.0,3.2847578691205224e-08,3.7063840027490436e-11,7.37956339328836e-10,5.04245133840567e-09
15140,6.978177133157458e-08,2.22693494209438e-08,2.1945197659078985e-08,8.145322171511236e-09,1.7113178803922234e-07,5.123051462981636e-08,2.5381094199735217e-08,8.002182810124853e-09,1.6917690803808227e-08,5.139100506303644e-09,5.2622567636717577e-08,1.6065849967101434e-08,7.407698676686891e-08,2.2615957521530393e-08,8.760676522001631e-07,3.582790357531755e-08,1.9830963537970092e-07,5.470633619939155e-09,0.0,0.0,0.0,0.0,3.582790357531755e-08,6.559103033100383e-11,6.410665904016157e-10,2.101187966651029e-08
15160,2.092286773239692e-07,3.5781449719696806e-08,9.672237410995876e-08,8.771476367366323e-09,3.800010471568258e-07,5.1328920840466864e-08,5.641446545863646e-08,1.1599927894546208e-08,7.129071999401049e-09,2.16560391591304e-09,3.56012606061995e-08,1.0869186689556138e-08,1.262691613490574e-07,3.8550406050481855e-08,6.134538992341732e-07,2.50879793088967e-08,3.2338204647430757e-07,8.920921472985951e-09,0.0,0.0,0.0,0.0,3.8550406050481855e-08,1.1180018836569104e-10,5.81332684575191e-10,2.5017018445509347e-08
15180,2.0437606795118736e-07,3.213548095120533e-08,1.8459445527696516e-08,6.850928896801763e-09,1.9177343273967301e-07,8.96879375895504e-08,4.405831542292017e-08,9.491968764642317e-09,1.563556262240695e-08,4.749627393664055e-09,2.0289235180825926e-08,6.194372958346281e-09,1.0546468942607135e-07,3.2198730491239804e-08,6.771781677628042e-07,2.7694065571847845e-08,3.5668094966467834e-07,9.839515877623057e-09,0.0,0.0,0.0,0.0,3.2198730491239804e-08,2.2083924685404842e-10,1.4206540070437271e-10,1.2863078817475513e-08
15200,7.657542117747559e-08,2.73911938580383e-08,2.6496991267777048e-08,7.851885476904609e-09,1.655987974200553e-07,5.858567100733841e-08,2.6279309682769865e-08,7.592189018279103e-09,2.861504722062591e-08,8.692415811756512e-09,1.381454239890445e-08,4.2176270708312355e-09,5.757053944677182e-09,1.7576482645259077e-09,1.6005525509399376e-06,6.545663917952743e-08,8.55219994377876e-07,2.3592375035688986e-08,0.0,0.0,0.0,0.0,6.545663917952743e-08,9.185510751928903e-11,4.310849655102921e-10,1.1557674140373894e-08
15220,5.995703702445449e-08,2.0536988937491262e-08,2.812350885506021e-08,9.925863233053939e-09,2.0168410125316e-07,6.219215827160942e-08,1.9726059678093344e-08,8.236610509283019e-09,4.356806471150776e-09,1.3234706054873474e-09,8.315055310958996e-10,2.538614832647009e-10,1.630710588784723e-08,4.978615305945507e-09,1.4233403433649983e-07,5.820931912840027e-09,3.789273819165828e-07,1.0453213009370465e-08,0.0,0.0,0.0,0.0,1.0453213009370465e-08,1.787577061485456e-10,1.9277574325492837e-09,1.8529562955365007e-08
15240,9.42233011219858e-08,2.649351053463677e-08,2.024239620368462e-08,6.3874393056530125e-09,1.6842766069133012e-07,7.416304952470382e-08,4.153487308204699e-08,1.1632387624599393e-08,3.486756439130545e-08,1.059174791571735e-08,5.199240149522666e-09,1.5873458033403206e-09,9.07829478258293e-08,2.771634405838292e-08,9.437339834050817e-07,3.8595205202905265e-08,3.162839732340217e-07,8.725111894759493e-09,0.0,0.0,0.0,0.0,3.8595205202905265e-08,2.2666328733023155e-10,1.0978229724629688e-09,1.7319746708955242e-08
15260,5.974758553866509e-08,1.8478873378516914e-08,1.5919795259833336e-08,4.849135117217031e-09,7.574358523904247e-08,2.1329496147719665e-08,1.8294181585014558e-08,6.931085221678867e-09,3.915662860620728e-08,1.1894640312034055e-08,3.482932697806973e-08,1.0633512765541303e-08,4.8005848185539435e-09,1.4656349617637983e-09,3.4465861631360895e-07,1.4095253230307838e-08,3.076527690382136e-07,8.487008624074385e-09,0.0,0.0,0.0,0.0,1.4095253230307838e-08,1.636200636228474e-10,5.8496087080551994e-08,4.473362837555842e-09
15280,6.89230231315322e-08,2.298194570085214e-08,3.413634885873762e-08,8.905556539175558e-09,2.21391025329721e-07,6.181352200627847e-08,3.9241136895955715e-08,9.843313856913164e-09,2.3737082521790853e-08,7.210632612406398e-09,2.0429979485925287e-08,6.237342698630962e-09,1.1025647017604001e-07,3.3661677293842314e-08,1.3176968138850498e-07,5.38888934607547e-09,5.513716985205974e-07,1.5210317789087632e-08,0.0,0.0,0.0,0.0,3.3661677293842314e-08,4.306945404390271e-11,1.4227605172400573e-10,2.3978872690067437e-08
15300,8.626969677737677e-08,2.172629790423476e-08,2.7251644496573135e-08,8.891830127383627e-09,1.5619641243278544e-07,5.0481431668893536e-08,2.4417508303678113e-08,7.688366313013538e-09,4.647507267918627e-08,1.4117769925982634e-08,5.289348337100819e-08,1.6148561418491544e-08,1.9886847724137624e-08,6.071522605175687e-09,4.528612578269531e-07,1.8520337901924373e-08,3.719465908602615e-07,1.0260638808632456e-08,0.0,0.0,0.0,0.0,1.8520337901924373e-08,4.31510640758735e-12,1.7007365899237778e-09,3.531111198710229e-08
15320,7.00780032005617e-08,2.0657414140290445e-08,2.380403429924627e-08,8.285868463884907e-09,1.2239125670060748e-07,6.04252448602969e-08,3.173815268028438e-08,8.01328260704216e-09,1.5543846210164247e-09,4.721766623220654e-10,1.0475218914507423e-08,3.198120171975108e-09,4.5245098334589784e-08,1.3813483347414576e-08,1.1585674997149908e-07,4.738109477542362e-09,8.404939322304017e-07,2.3186137647525177e-08,0.0,0.0,0.0,0.0,2.3186137647525177e-08,3.354909109231545e-11,3.167622967067073e-10,1.963546054401911e-08
15340,1.4494599676269985e-07,3.3953038272234575e-08,2.1737037059210707e-08,7.113492579316336e-09,1.2760693879349485e-07,3.3036258507112116e-08,7.19989871950987e-08,1.6052773290363568e-08,7.518511502269121e-08,2.2839042920732944e-08,8.662027539685369e-09,2.644546690013267e-09,1.4519387070421885e-07,4.432818692887674e-08,2.678946241729818e-06,1.0955892978362617e-07,8.125232042743846e-07,2.2414528130609854e-08,0.0,0.0,0.0,0.0,1.0955892978362617e-07,2.19972397871073e-10,3.9294592756736546e-08,1.4414118774085365e-08
15360,7.600695750536899e-08,1.9935689316981842e-08,1.7791876416595187e-08,6.468490471730124e-09,1.5170210952241614e-07,5.409860122195327e-08,2.5465647677346424e-08,6.386160904232736e-09,3.360697808929558e-08,1.0208818617653507e-08,2.3668576432100963e-08,7.226097348990531e-09,1.1811176969800385e-07,3.605992673398174e-08,3.596191540111704e-07,1.4707084342378064e-08,2.5611832654703903e-08,7.065362932419179e-10,0.0,0.0,0.0,0.0,3.605992673398174e-08,1.1390339132765869e-10,3.410249196967436e-08,4.839785581522639e-09
15380,9.772349475608366e-08,2.5735088352234624e-08,1.49744892041781e-08,4.276046482114152e-09,1.0520080307045571e-07,4.099172867795604e-08,2.6734596375374e-08,9.544628994078374e-09,2.7803058078035292e-08,8.445757173670585e-09,3.7564859667327255e-08,1.146868021093643e-08,4.808191178540255e-09,1.4679572078490415e-09,6.465827695478765e-07,2.644282762311854e-08,1.0480543011226473e-07,2.8911964600440367e-09,0.0,0.0,0.0,0.0,2.644282762311854e-08,1.0172264924166388e-10,1.4867255466897718e-10,4.753048113311513e-09
15400,5.753223692365329e-08,2.046986510796918e-08,2.1800815375172533e-08,6.314192408415439e-09,1.1295667386907533e-07,4.578254514118121e-08,2.664511906658866e-08,8.9312125605102e-09,6.022979182063182e-08,1.829605236549266e-08,6.688674147881102e-08,2.0420751342418536e-08,1.5072117376391247e-07,4.601569123176127e-08,7.146783147504721e-07,2.9227681695352395e-08,7.699904358560161e-08,2.124120488778968e-09,0.0,0.0,0.0,0.0,4.601569123176127e-08,2.6156106018730785e-12,2.5006867009972276e-09,1.2061926195921176e-08
15420,4.913440646075734e-07,4.861003124185924e-08,3.184657089150278e-07,1.699746488762581e-08,1.2511810687828636e-06,8.802823552048304e-07,5.961898373531116e-08,9.752171034603328e-09,3.857556940545237e-09,1.1718131678355371e-09,6.141408448456787e-08,1.8749930076572864e-08,3.483204960019748e-07,1.0634343942237951e-07,9.55024901827528e-07,3.9056960584098843e-08,5.870302288712992e-08,1.6194005564090001e-09,0.0,0.0,0.0,0.0,1.0634343942237951e-07,1.0463182531600772e-10,3.9595066785987525e-10,5.381627389347892e-09
15440,6.451782337080832e-08,2.1109578359159204e-08,1.605582156116725e-08,5.511967235151759e-09,1.455669454800228e-07,3.7395109320019467e-08,2.501976373551969e-08,8.881403359019641e-09,1.0911664016788336e-08,3.314644935607925e-09,3.824084160441998e-09,1.1675059804904533e-09,8.416028318691815e-09,2.5694422646339133e-09,8.796264729937775e-07,3.597344675218924e-08,1.841900854060441e-08,5.081127191920293e-10,0.0,0.0,0.0,0.0,3.597344675218924e-08,7.063605894577847e-11,2.405564328180239e-10,7.769987147613684e-09
15460,7.241978252525794e-08,1.8776216177821142e-08,2.1746870970673626e-08,7.73979903728401e-09,1.5414828543860386e-07,5.457207357324051e-08,2.04663357060587e-08,6.90626816419746e-09,3.590341313142176e-08,1.0906408603023057e-08,1.3872977433493361e-08,4.23546745005649e-09,8.829120545783553e-09,2.6955606944282652e-09,3.9055490930195447e-07,1.5972240816962973e-08,5.747042592929574e-07,1.5853977495629143e-08,0.0,0.0,0.0,0.0,1.5972240816962973e-08,1.4130345423690376e-10,2.948897683002098e-08,1.1571964427052354e-10
15480,7.095588919911844e-08,1.7907922485697876e-08,1.7775505511963274e-08,6.134312110964079e-09,1.4122146542996513e-07,4.2604753534651644e-08,1.5253006815756358e-08,4.795138184045282e-09,9.029903935697803e-09,2.7430211622472505e-09,1.5961177268764004e-08,4.87300208150917e-09,5.7929108621124215e-08,1.7685955018269795e-08,8.365454675640649e-07,3.4211593573647487e-08,5.3982432746124687e-08,1.4891768214759093e-09,0.0,0.0,0.0,0.0,3.4211593573647487e-08,8.287613482144518e-12,2.2394203166744145e-09,5.0497749097107355e-09
15500,1.1482044386507721e-07,2.4030838890627592e-08,2.351288230784121e-08,7.436691635019098e-09,1.22841412057603e-07,5.014980014602016e-08,2.076461947327824e-08,6.607006367725853e-09,8.544204010974e-09,2.595479699289646e-09,1.7109982763940934e-08,5.2237363088015405e-09,7.401382440264115e-08,2.2596674063471414e-08,1.119408469918426e-06,4.5779637982472626e-08,8.550480856683862e-07,2.358763255629227e-08,0.0,0.0,0.0,0.0,4.5779637982472626e-08,1.279730902255893e-10,7.537733585468777e-10,7.510815140805529e-09
15520,7.52685167474502e-08,2.753676223447734e-08,2.5172653295157943e-08,8.592073013227684e-09,8.970663510577189e-08,3.283894844933784e-08,3.069428716191855e-08,1.0321474449400188e-08,1.2602374255266113e-08,3.8282333475065074e-09,1.2572786545206327e-07,3.8385146680927076e-08,9.739320905310933e-09,2.9734479704915994e-09,2.3325471474322512e-06,9.539249494592978e-08,3.1132420730273225e-07,8.588290181827188e-09,0.0,0.0,0.0,0.0,9.539249494592978e-08,1.700505452153437e-10,1.8103310961448625e-09,2.1956137268063576e-08
15540,1.254073088743218e-07,2.5327536489377393e-08,2.4714324808883248e-08,8.244955191492526e-09,9.464716081200543e-08,5.0824718753146826e-08,4.233272932220456e-08,1.361602112923287e-08,3.251398483783419e-08,9.876799292571655e-09,5.967092420178233e-08,1.82177372115863e-08,3.4385692959659764e-08,1.0498069927649281e-08,1.4041074294368627e-06,5.742276533145805e-08,6.926844164922841e-07,1.9108616322203524e-08,0.0,0.0,0.0,0.0,5.742276533145805e-08,1.456103941670017e-10,2.9205232519005215e-09,2.33827468422754e-09
15560,2.6501585240842136e-07,4.157875160322025e-08,3.296020167908864e-08,7.683143580706862e-09,2.920032327551278e-07,1.865225973845397e-07,6.916962004549619e-08,1.4182520564245348e-08,1.8752723374149127e-08,5.6965298259355346e-09,7.275514235516312e-08,2.22123935087718e-08,8.268763007635016e-09,2.5244816292202073e-09,8.764454051402026e-08,3.5843352740326985e-09,3.793892631165363e-07,1.046595467395687e-08,0.0,0.0,0.0,0.0,2.22123935087718e-08,6.586890854845411e-11,1.50665912923029e-09,2.9417596382364836e-08
15580,9.448484150972882e-08,2.149566545988676e-08,2.2100095975474687e-08,6.98462428256441e-09,1.2119366894359924e-07,2.916286097251075e-08,1.5433107366364465e-08,4.8264462334065795e-09,1.4856373020677438e-08,4.512932367412645e-09,1.0119151738763321e-08,3.0894116507875708e-09,3.4990290664893564e-09,1.0682655586033367e-09,2.0104659625985732e-07,8.222056748451905e-09,5.705914460918393e-07,1.5740519782983384e-08,0.0,0.0,0.0,0.0,1.5740519782983384e-08,7.847824066590484e-11,5.6682593389703446e-11,1.6075464356735238e-09
15600,6.892858043388414e-08,1.881698973520141e-08,1.9722278921108227e-08,6.029619866527147e-09,1.3766458677926323e-07,4.544298501696865e-08,1.814318527828873e-08,5.2311853742840725e-09,2.4956378297247284e-08,7.581019045305794e-09,4.942421583109535e-09,1.508938212896764e-09,6.500409366339e-08,1.9845972361700097e-08,2.8752413427923784e-07,1.175866586166429e-08,4.5589293762304806e-07,1.257640983036895e-08,0.0,0.0,0.0,0.0,1.9845972361700097e-08,1.456739714853059e-10,2.842181801860439e-10,1.1945998115609554e-08
15620,6.743462259609008e-08,2.5219352303763722e-08,2.741160187724745e-08,8.041277636246843e-09,1.6746283139627914e-07,6.142448954631392e-08,2.8367605744950425e-08,1.0003112205114651e-08,4.0826401370708254e-08,1.240186874043746e-08,2.525337094994029e-08,7.709940496565669e-09,9.744677509360145e-08,2.9750834071569307e-08,3.681302480629256e-07,1.505515628214064e-08,8.33483547069136e-07,2.2992746201812946e-08,0.0,0.0,0.0,0.0,2.9750834071569307e-08,8.9377001146084e-11,1.5309447340595186e-09,4.30488541331712e-09
15640,6.764840852289273e-08,2.095505341721606e-08,1.8067339624394663e-08,5.080473359799139e-09,1.0430774301605048e-07,2.6542391161086515e-08,2.3965449684302378e-08,8.333890689450875e-09,9.854758786786988e-09,2.9935879706917493e-09,7.773223842377774e-09,2.373191829400054e-09,5.34134754204274e-08,1.6307317170912502e-08,5.36630373915159e-07,2.194618415054713e-08,2.6184958556996207e-07,7.223467241118659e-09,0.0,0.0,0.0,0.0,2.194618415054713e-08,1.2170411341861832e-10,6.683262987394005e-10,8.020169440065918e-09
15660,8.917487346456604e-08,2.788193062943404e-08,2.3735708509775577e-08,7.796887689608405e-09,1.398975441466147e-07,7.202512003168907e-08,3.7948580383851605e-08,1.033253575074899e-08,4.9868124740726216e-08,1.5148480310645534e-08,3.856837338389596e-08,1.1775056548676169e-08,1.598156407212059e-08,4.8792262428230695e-09,7.736475886588323e-07,3.1639304769976084e-08,2.3615776711949366e-07,6.5147244738867474e-09,0.0,0.0,0.0,0.0,3.1639304769976084e-08,1.1484399962906432e-11,1.895834773281338e-09,7.589986388279489e-09
15680,6.715888767928686e-08,2.2881249531796604e-08,2.3866562059993157e-08,6.723769298184546e-09,1.2183062095433026e-07,4.212054095222662e-08,3.1526751786274584e-08,9.530598356124792e-09,5.3996150217727745e-08,1.6402453745599255e-08,7.063590601319447e-09,2.156538383535077e-09,8.614041124843652e-08,2.6298961824710562e-08,5.031378975672851e-07,2.0576465720794612e-08,4.847851116096535e-07,1.3373438519205996e-08,0.0,0.0,0.0,0.0,2.6298961824710562e-08,1.6639815275511807e-10,7.91163273225516e-10,9.08764393237165e-09
15700,6.380299471470468e-08,1.7658577707464503e-08,2.080997774100979e-08,6.7774420683085844e-09,1.2056200131188835e-07,4.878858883430248e-08,1.9853205471087652e-08,6.837351957322398e-09,2.2108662456332695e-08,6.715966156031416e-09,4.395633368403651e-08,1.3420018950102856e-08,1.3501589135600511e-07,4.1220813266930766e-08,6.744994962559758e-08,2.7584518216339617e-09,3.702480455558543e-08,1.0213782332808442e-09,0.0,0.0,0.0,0.0,4.1220813266930766e-08,2.133049131797219e-10,2.1939803683069008e-09,1.2932080251557931e-08
15720,8.722566418322075e-08,2.7812220596232952e-08,1.801868165784981e-08,5.596052580812362e-09,1.3152745645630424e-07,8.198784072095328e-08,2.9623321814892477e-08,9.33315392011856e-09,4.049676904926969e-08,1.230173574229393e-08,4.327569058659719e-08,1.3212216456159759e-08,1.0246926906987142e-07,3.128421796104626e-08,2.5866875219549e-07,1.0578588324847375e-08,1.6987640094612289e-07,4.686265307410815e-09,0.0,0.0,0.0,0.0,3.128421796104626e-08,1.3666763627088248e-10,1.209141149547736e-09,1.6782590407511548e-08
15740,1.0443739412149584e-07,2.3194222279861334e-08,2.5654003366071265e-08,6.097975766993595e-09,1.587420084100732e-07,6.007690863258299e-08,2.6848518773996998e-08,6.385742700366384e-09,1.277209893402187e-09,3.8797907344297415e-10,2.801186838041758e-08,8.552119280622218e-09,1.0635843050721405e-07,3.247159341958177e-08,2.952572089043315e-07,1.2074920205184174e-08,6.020843912324381e-07,1.6609294308046637e-08,0.0,0.0,0.0,0.0,3.247159341958177e-08,9.995668245024446e-11,3.988739667381613e-11,4.84887926959271e-09
15760,1.1207899171475859e-07,2.377856352208779e-08,2.357973016842152e-08,8.026973123688844e-09,1.2139078857030432e-07,6.086928363151421e-08,2.0958497486466474e-08,6.032806749145542e-09,4.378659124171236e-08,1.3301087727002862e-08,6.266054697334766e-08,1.9130479245658312e-08,8.162778408760119e-08,2.4921241459467013e-08,1.116527492683872e-07,4.566181605535997e-09,4.293855582204742e-07,1.1845168516961959e-08,0.0,0.0,0.0,0.0,2.4921241459467013e-08,2.231417385526431e-10,2.550186354831161e-09,1.0987023740758849e-08
15780,7.469646549487504e-08,2.03900201283205e-08,2.4742917048570234e-08,7.371621199973428e-09,2.6950959754691785e-07,1.5622747065298963e-07,3.869916537435044e-08,9.494934060723457e-09,5.141697290156344e-09,1.5618975027342457e-09,3.4920503821922466e-08,1.0661349352597359e-08,5.218627174841117e-08,1.5932647589611983e-08,1.2738778814025409e-06,5.2096860122965786e-08,5.711719808232374e-08,1.5756534941457416e-09,0.0,0.0,0.0,0.0,5.2096860122965786e-08,1.8134546955600857e-10,6.32925837879718e-10,7.057133977112946e-09
15800,7.8733951728824e-08,2.1935174642645217e-08,2.24541167881398e-08,6.501388455474653e-09,1.2953659738359681e-07,5.4658447114954526e-08,2.3071316760318135e-08,8.121170425540858e-09,6.392941553912124e-08,1.9419889719100087e-08,1.3519411368179135e-08,4.1275225758422785e-09,1.312193709246401e-07,4.006172257838873e-08,7.030754183290355e-07,2.8753164973924156e-08,1.6825232762585074e-08,4.6414630977009404e-10,0.0,0.0,0.0,0.0,4.006172257838873e-08,6.09607990581898e-11,3.2120893105079396e-11,2.045323851677813e-08
15820,1.1193041537445341e-07,2.4115431904720304e-08,7.195956186478725e-08,8.174664936404978e-09,3.4120461110131383e-07,2.304749681202815e-07,2.1101207403377013e-08,6.492172914664305e-09,5.111651901756886e-08,1.5527705894393528e-08,2.717115421546623e-10,8.295446222582001e-11,1.5217138393808227e-07,4.6458449148893767e-08,5.284929649462811e-07,2.1613393150943312e-08,1.3325546177611614e-07,3.6760282246638007e-09,0.0,0.0,0.0,0.0,4.6458449148893767e-08,1.7819924470330845e-10,7.443269169282106e-10,4.036689228304385e-09
15840,2.5341972634089107e-07,3.342097022164283e-08,7.633275345142465e-08,6.669399714346163e-09,4.2342315824299875e-07,3.4447090312010547e-07,2.4562391163379e-08,6.056315668756718e-09,1.0299061159457779e-08,3.128554066029333e-09,9.179848348139785e-08,2.802639129273608e-08,8.971696718873545e-08,2.7390896824474544e-08,3.541940003515265e-07,1.4485214883475419e-08,5.46437505022368e-07,1.5074201431216e-08,0.0,0.0,0.0,0.0,2.802639129273608e-08,4.423375495383054e-11,5.369347875978158e-10,3.346750961044168e-08
15860,7.674485763669479e-08,2.0081084936322168e-08,2.823753675329499e-08,8.77784920884982e-09,2.6408893070506283e-07,8.02935648516862e-08,2.5622582165651457e-08,9.760963805938137e-09,6.373969441142435e-08,1.936225837101936e-08,2.001797838602215e-09,6.111557209416456e-10,1.456540048572208e-07,4.446866747353825e-08,1.8882214902760097e-07,7.722122643216656e-09,4.4230760920527246e-07,1.220164063894096e-08,0.0,0.0,0.0,0.0,4.446866747353825e-08,7.612502116022573e-12,5.522058850510417e-10,3.1055513734757166e-09
15880,8.872857873777821e-08,2.1528929681170563e-08,2.2785002329328563e-08,6.98385954984614e-09,1.957534303895929e-07,1.1828639409740015e-07,2.7798693925397823e-08,8.064532628500711e-09,4.177314272268973e-08,1.2689460954496e-08,3.078139343415387e-08,9.39766476427811e-09,1.4658632530029081e-08,4.475330687787729e-09,1.361251733555946e-08,5.567012539613135e-10,3.079967569874498e-08,8.496497931380648e-10,0.0,0.0,0.0,0.0,1.2689460954496e-08,5.070377624640883e-11,1.031118032991503e-09,2.1052038075471596e-08
15900,9.774206240623865e-08,2.3641447365446657e-08,2.1425478280434618e-08,6.0726513327096775e-09,1.1324030984066846e-07,3.642418314427319e-08,3.1012307477347934e-08,9.806159987671088e-09,8.184993571802579e-09,2.486362041841925e-09,1.7201500668306835e-08,5.25167709590176e-09,1.4484803889658338e-07,4.422260074001967e-08,1.0308598668018476e-06,4.215832665583306e-08,5.689975992595464e-07,1.5696551678441757e-08,0.0,0.0,0.0,0.0,4.422260074001967e-08,5.031195680297573e-11,1.4272143671947624e-10,5.661520722684723e-09
15920,1.3505292853519916e-07,2.6359488058050352e-08,6.880696901134797e-08,9.856110347004389e-09,2.7702349294342873e-07,1.9569466670604372e-07,3.3238557007595634e-08,1.0979456343118848e-08,3.26531579553091e-08,9.919075919348946e-09,8.76343619893305e-08,2.6755070482376515e-08,1.820883626102443e-07,5.559219934835313e-08,1.6634971800044696e-06,6.803083667288166e-08,4.438896183955876e-07,1.224528230843882e-08,0.0,0.0,0.0,0.0,6.803083667288166e-08,1.740613027315173e-10,9.318719166180972e-10,3.649458423301482e-08
15940,1.7346826651051765e-07,2.9539634002325775e-08,7.934596624181722e-08,8.436339113931579e-09,3.3835571634677655e-07,2.282584331480687e-07,8.42817035678815e-08,1.5296877331223742e-08,5.00464665265099e-08,1.5202655285118486e-08,9.959535418602172e-09,3.0406802475031483e-09,2.504176572770689e-07,7.645336958901867e-08,1.212676849604577e-06,4.959396681300348e-08,6.51947679841669e-07,1.7984839394547662e-08,0.0,0.0,0.0,0.0,7.645336958901867e-08,8.297612024698723e-11,6.47851363034514e-10,3.6881069259189946e-09
15960,8.056469110048463e-08,2.0486244274839703e-08,3.8856512674101396e-08,5.392232722503169e-09,1.7647650729422964e-07,1.1026828609514334e-07,2.3921204013741397e-08,7.830523502971902e-09,5.327625984818951e-08,1.618377201737543e-08,1.8110199562215712e-08,5.529105885042585e-09,6.114124007083888e-08,1.8666629814012508e-08,4.4255521913783014e-08,1.8098860486332853e-09,7.583423666801536e-09,2.091987754462028e-10,0.0,0.0,0.0,0.0,1.8666629814012508e-08,1.621419917709884e-11,1.0394135065864458e-09,1.2963526470134567e-08
15980,1.6237118197923845e-07,3.436482205377236e-08,5.406980108091375e-08,7.540739250260999e-09,3.06232713638501e-07,2.385307918592037e-07,3.078006815279134e-08,8.75188796303406e-09,4.9817156622111725e-08,1.5132997427234624e-08,2.014803612837568e-08,6.151264359388166e-09,5.047902096322332e-09,1.5411417803097828e-09,9.947171371038621e-07,4.068022414234895e-08,1.9627093905683068e-07,5.4143935617087724e-09,0.0,0.0,0.0,0.0,4.068022414234895e-08,1.6687962211598442e-10,4.6526359980855485e-11,5.649511353239129e-09
16000,7.318200983363928e-08,2.1088117678373802e-08,1.946085603776737e-08,6.013419788394735e-09,9.212147342544476e-08,2.4210821870781197e-08,2.822595476711732e-08,8.060800767691187e-09,5.039929762418183e-08,1.5309835060211638e-08,4.2073452277691104e-08,1.2845168904877207e-08,1.1450570314153197e-07,3.495898309890854e-08,8.268440794267917e-07,3.381484350813061e-08,2.6161597332929887e-07,7.217022692597249e-09,0.0,0.0,0.0,0.0,3.495898309890854e-08,8.20777749785084e-11,8.259458680710866e-10,1.2960541654484245e-08
16020,7.141896760467304e-08,2.1858810718199126e-08,3.085858679696685e-08,7.276997901290606e-09,1.212368042235079e-07,3.9883614876060896e-08,2.8946561463121574e-08,8.20508774921043e-09,1.7251972739273924e-08,5.2406455631860265e-09,4.872470071859425e-08,1.4875817770253118e-08,8.431685083465368e-08,2.57422228357961e-08,4.517701448492062e-07,1.8475715767754758e-08,1.7193969625850514e-07,4.743184001029889e-09,0.0,0.0,0.0,0.0,2.57422228357961e-08,1.8064289564449315e-10,4.8150434647833156e-08,1.674336930879325e-08
16040,1.0520781481269937e-07,2.350769426906077e-08,2.7395117285777815e-08,9.458530808571237e-09,2.1020854196787297e-07,4.79862619393065e-08,3.576346216332701e-08,1.0499071044753172e-08,6.703798627327728e-08,2.0364182909354337e-08,1.029843588185031e-08,3.1441476743113347e-09,2.117318005367963e-07,6.464244496130104e-08,9.743306037535149e-07,3.984649295778111e-08,1.7056045464869385e-07,4.70513583360358e-09,0.0,0.0,0.0,0.0,6.464244496130104e-08,8.208943400029142e-11,2.263938701817533e-09,2.698317830114206e-08
16060,6.82233207056643e-08,2.156176354138984e-08,1.84654140866769e-08,4.8478677363617735e-09,8.926864610977625e-08,4.002738367361496e-08,2.074064567201251e-08,6.1869682590871085e-09,1.1892591356144067e-08,3.6126220036324575e-09,1.4299871509138029e-08,4.365799728207511e-09,2.030682200171441e-08,6.1997422542456615e-09,2.3029783235983814e-07,9.418323410366498e-09,4.5398463299761715e-07,1.2523766927253778e-08,0.0,0.0,0.0,0.0,1.2523766927253778e-08,6.200594757298405e-11,8.388180490008814e-10,6.539449620503329e-09
16080,7.39735622086008e-08,2.684333264569871e-08,2.024239620368462e-08,6.275285198995232e-09,1.3976678648899982e-07,3.877807481676702e-08,3.600266315153122e-08,1.1401287075432143e-08,1.3684764432753127e-09,4.157031866885855e-10,2.2753283701604232e-08,6.946655281796144e-09,3.5333003189919054e-08,1.0787286795690576e-08,9.068935007405798e-07,3.7088566717674786e-08,1.604837081004007e-07,4.427155428191303e-09,0.0,0.0,0.0,0.0,3.7088566717674786e-08,4.992154449475658e-11,9.7708927643928e-10,2.2764440252501308e-08
16100,5.452204495842194e-07,5.365647234330296e-08,3.8200710150704253e-07,2.0146503025782788e-08,1.5008212783214846e-06,1.061317985922953e-06,4.1729894608029105e-08,6.156029853235924e-09,1.4250031821205766e-08,4.328743642915068e-09,3.9787892092135735e-08,1.2147379630501266e-08,5.575683434955181e-07,1.7022750059834346e-07,2.579772981903261e-07,1.0550310556049406e-08,3.2966629248676327e-07,9.094280708248675e-09,0.0,0.0,0.0,0.0,1.7022750059834346e-07,1.467850239212525e-11,5.569347099980129e-10,8.341540006134825e-09
16120,2.045427019382836e-07,3.115632680015444e-08,2.6765405891637783e-08,9.77263977821679e-09,2.121527018771465e-07,7.650473132585074e-08,5.969185630364422e-08,1.4426554412593113e-08,7.343122510050648e-08,2.2306262485364188e-08,4.55482904726523e-08,1.3906049108500051e-08,1.8484495845072502e-07,5.643379969706856e-08,2.2181726677672486e-08,9.071499841621733e-10,2.915520269652916e-09,8.042848318688818e-11,0.0,0.0,0.0,0.0,5.643379969706856e-08,3.3944646250859214e-11,5.179360424791783e-10,1.3151024401445143e-08
16140,8.925215716312087e-08,2.504644343956176e-08,2.000950871661189e-08,7.728834033294322e-09,1.7762493803709696e-07,7.318041834832522e-08,4.354450427288914e-08,1.266011276312594e-08,5.7231480443675764e-08,1.73852527306705e-08,3.299305717519019e-08,1.0072893193322637e-08,1.227258836777878e-07,3.7468632334805626e-08,8.423465907014815e-07,3.4448838712309056e-08,4.1572564413172586e-07,1.1468342091259014e-08,0.0,0.0,0.0,0.0,3.7468632334805626e-08,2.6378972631251166e-11,1.8814990784880332e-10,2.2914520010322277e-09
16160,8.406742421154284e-08,2.6923745209165523e-08,2.0443394532776438e-08,7.621216409575433e-09,1.2808916910221732e-07,3.362083313557651e-08,3.575052482385337e-08,1.1767365801324451e-08,5.908815214894503e-09,1.7949255379220227e-09,4.916375928587513e-08,1.500986368020506e-08,5.626558818860872e-08,1.7178076768393185e-08,3.7648182882321635e-07,1.53967038629191e-08,1.0277940418745857e-06,2.8353057834141302e-08,0.0,0.0,0.0,0.0,2.8353057834141302e-08,1.033290282307949e-10,4.070605017282762e-10,9.375832594720078e-09
16180,5.7648142402369846e-08,2.0402475486380085e-08,2.4391908937104745e-08,7.307054124944929e-09,1.7003792158205143e-07,6.908871358077645e-08,1.8254643901730966e-08,5.754405481666032e-09,4.7064671271357383e-08,1.4296873057929261e-08,1.4602960618503857e-08,4.458333890015807e-09,1.895088974634973e-09,5.785771469236544e-10,1.2945433525146655e-07,5.294200199705151e-09,4.284505905616243e-08,1.1819376182761592e-09,0.0,0.0,0.0,0.0,1.4296873057929261e-08,1.817991861122571e-10,1.0109182592046184e-09,9.792236465471243e-09
16200,8.799653557853876e-08,2.3702939047719567e-08,2.2783694930694764e-08,8.450934027625977e-09,1.2849926149268798e-07,5.387563417388015e-08,3.345418973714581e-08,9.586227679339917e-09,1.9462741640552395e-08,5.9122126388254105e-09,3.2852199183253106e-08,1.0029888742108974e-08,8.882786950437094e-09,2.711945235042554e-09,7.941721591464557e-08,3.2478683259848662e-09,4.5304979323645966e-08,1.2497977882999253e-09,0.0,0.0,0.0,0.0,1.0029888742108974e-08,1.4252004304419827e-10,9.761806433751879e-11,2.86026990362298e-08
16220,9.238663717946487e-08,1.924961823462549e-08,1.5952593912516022e-08,4.840077266256558e-09,1.0767229484892602e-07,4.5311527405366894e-08,2.6382291461749467e-08,7.576470231462078e-09,1.597117371687773e-08,4.851576270025214e-09,2.551576017140178e-08,7.790048874717744e-09,3.6021363669647144e-08,1.0997445649591932e-08,7.196867102265969e-08,2.9432506189335008e-09,3.230693579325816e-08,8.912295720862098e-10,0.0,0.0,0.0,0.0,1.0997445649591932e-08,3.849182038864076e-11,7.378468807329857e-10,1.1351849751245672e-08
16240,7.23805061783898e-08,1.9037914830306185e-08,2.312253855052404e-08,5.432951794250378e-09,1.0541979756845353e-07,2.48747036981635e-08,2.143741351706222e-08,7.3238862296743675e-09,1.5469342251606122e-08,4.699134523036989e-09,3.780496626859531e-08,1.1541985590699986e-08,6.106794181448549e-09,1.8644251542019675e-09,1.806271789916991e-07,7.386978995522002e-09,3.035407729612416e-07,8.373573801002129e-09,0.0,0.0,0.0,0.0,1.1541985590699986e-08,9.154960063511293e-11,1.1486872623379496e-09,1.1595333229140601e-08
16260,9.35574544344103e-08,2.690739365942328e-08,2.6685995635489235e-08,6.6584591946316995e-09,1.360381040738754e-07,4.838835231084207e-08,2.6255604691064082e-08,7.574857898133458e-09,1.0267525496487906e-08,3.118974484500485e-09,1.2380644420773024e-07,3.779853150398853e-08,1.3494052097939857e-08,4.119780320022745e-09,1.346702728000082e-06,5.507512596854386e-08,5.886989384862318e-07,1.6240038944578328e-08,0.0,0.0,0.0,0.0,5.507512596854386e-08,6.175173088979247e-11,2.6003731427953242e-09,2.5312561977313184e-09
16280,2.0733949018214097e-07,3.193232047034284e-08,1.6336588259946438e-07,1.1256387292037069e-08,6.418281407487293e-07,4.2429270399520893e-07,2.3883868613504212e-08,7.223756913242348e-09,5.5935259535289106e-08,1.699149843828917e-08,3.3791934583859984e-08,1.0316793225921828e-08,1.7859564183098087e-07,5.4525863437813345e-08,8.877220629699423e-07,3.630452578565395e-08,2.75614205236252e-07,7.603182422376348e-09,0.0,0.0,0.0,0.0,5.4525863437813345e-08,1.4026737315757938e-10,2.094416633353285e-09,1.7122981454347974e-09
16300,9.19140569624041e-08,2.268411604697055e-08,1.8841831206373172e-08,5.932199027292979e-09,8.4807155506346e-08,1.992175909545197e-08,1.9065441185430918e-08,5.775328935723766e-09,3.576354679069027e-08,1.0863921161109427e-08,5.8782916312338784e-09,1.7946625601398321e-09,7.206025998129917e-08,2.2000243559564775e-08,1.4062077724474875e-07,5.750865983326499e-09,1.0926041227321548e-07,3.014093016837956e-09,0.0,0.0,0.0,0.0,2.2000243559564775e-08,2.548738580494346e-10,3.7139779041717785e-09,1.580091672156324e-09
16320,7.968457804387916e-08,1.9427728456626667e-08,1.9016681562789017e-08,5.498875815115489e-09,9.433231013643281e-08,2.3911835967346427e-08,2.5580935793831154e-08,6.946554762711292e-09,8.552293540020628e-09,2.5979370555345577e-09,1.987791620194912e-08,6.0687958379824106e-09,8.601265877317132e-08,2.625995866408586e-08,5.649410610431005e-07,2.310398499735088e-08,8.679593861415924e-07,2.394380776788772e-08,0.0,0.0,0.0,0.0,2.625995866408586e-08,1.0311079203211344e-10,2.5345676272917766e-09,7.128426312617367e-09
16340,4.044200012134518e-07,4.072687721286586e-08,3.289370056336338e-07,1.7878981743112055e-08,1.292320328132332e-06,8.679843718487982e-07,7.219434708272061e-08,1.034963468078896e-08,2.0039759629497667e-08,6.087493795976169e-09,2.335457338631386e-08,7.130231079117127e-09,4.111218641078551e-07,1.255169238738137e-07,1.4635339482538257e-06,5.985308950579322e-08,3.7857918755435094e-07,1.044360781315497e-08,0.0,0.0,0.0,0.0,1.255169238738137e-07,4.995685524426768e-11,1.724140382069322e-10,3.3054402459472693e-09
16360,8.555289696677093e-08,2.7519462648268813e-08,2.4742803361732513e-08,6.930929148557047e-09,1.1841703499984915e-07,3.453541168026954e-08,2.84316812747563e-08,9.234876966879142e-09,5.0376674831653645e-08,1.5302962538853154e-08,3.136824489047285e-08,9.576832348968594e-09,3.032319728646371e-08,9.257775620242046e-09,9.123696003143777e-07,3.7312515925270494e-08,1.9560577868560358e-07,5.396044157373607e-09,0.0,0.0,0.0,0.0,3.7312515925270494e-08,7.668162751134814e-11,2.3887413791078296e-10,6.852938935207656e-10
16380,8.16018129397347e-08,2.4275574121033886e-08,2.134328269676189e-08,7.199397216786501e-09,1.0513935680277957e-07,3.5573453958409514e-08,3.799027380616411e-08,1.0998100810967296e-08,4.888755178455995e-09,1.4850610846880142e-09,4.136336428928189e-08,1.2628376694772167e-08,9.264636302575013e-08,2.8285251792930172e-08,4.2052180759810653e-07,1.7197774956949144e-08,3.568177930901584e-08,9.84329079403882e-10,0.0,0.0,0.0,0.0,2.8285251792930172e-08,1.5840376095256753e-11,1.6177889452834106e-08,1.5179903206727804e-08
16400,8.709485676071877e-08,2.701880727785545e-08,1.8453533812134992e-08,6.306646012554126e-09,9.704688334982998e-08,2.778796437473188e-08,3.876721215090155e-08,1.2144044105395461e-08,7.694297199378752e-09,2.337302828334665e-09,5.78399976802757e-08,1.7658749359681615e-08,2.280014754774129e-08,6.960963094403053e-09,2.468904050090259e-07,1.0096898209457058e-08,3.087514031108185e-07,8.51731587369952e-09,0.0,0.0,0.0,0.0,1.7658749359681615e-08,1.0457268175730884e-11,1.2923825008352965e-10,4.5229272172620155e-09
16420,6.897309284203054e-08,1.922798159868736e-08,1.554150230731466e-08,5.404963194023627e-09,9.131665021142249e-08,2.4898197589926015e-08,3.22328461437998e-08,8.761460786614257e-09,1.6717844886215971e-09,5.078393116424795e-10,1.2359237189230043e-08,3.7733174454605035e-09,9.27555885432696e-08,2.831859824614184e-08,9.901498287945287e-09,4.0493439791746075e-10,1.442820760644281e-07,3.980211954239143e-09,0.0,0.0,0.0,0.0,2.831859824614184e-08,1.1024647180319495e-10,6.557121970036847e-10,2.854882962203898e-09
16440,7.065878813312979e-08,2.6417187078083022e-08,2.8792499051633058e-08,8.189406425557606e-09,1.5045720813929724e-07,6.860902569313001e-08,2.376680151595652e-08,6.5395067346517805e-09,5.536893610269544e-09,1.6819466168812479e-09,4.839057510253042e-08,1.4773808114796025e-08,1.6930261637071453e-08,5.168866864171778e-09,1.1243425142026808e-06,4.598142126562002e-08,1.58555359064394e-07,4.373959360124949e-09,0.0,0.0,0.0,0.0,4.598142126562002e-08,1.3938417464312058e-10,8.347453028369693e-10,2.544095377895025e-08
16460,1.0849493654032764e-07,2.7975227888458305e-08,3.0976593734521884e-08,9.881666339096357e-09,2.4634718116132057e-07,8.278066546028256e-08,2.884850044119103e-08,7.359528322432468e-09,5.6516074486978596e-08,1.7167933262653214e-08,5.040419637225568e-09,1.5388573772663036e-09,1.800263627060872e-08,5.4962665097750495e-09,1.5831734927473917e-06,6.474589494625133e-08,2.007760500077893e-07,5.538673015723968e-09,0.0,0.0,0.0,0.0,6.474589494625133e-08,1.250168113736443e-10,4.353659221276036e-10,4.788103840092943e-09
16480,2.388313767592359e-07,4.084125293798727e-08,2.981761326736887e-08,6.911316207728597e-09,1.294799439247994e-07,6.590168502709196e-08,9.296725300124918e-08,2.1933264619628202e-08,1.4579506046885626e-08,4.4288282286529435e-09,1.01753130365978e-08,3.106557887415637e-09,3.970473061443158e-08,1.2121989953014908e-08,2.1331018018599934e-07,8.723591657738954e-09,6.845204509886571e-07,1.8883402316225146e-08,0.0,0.0,0.0,0.0,1.8883402316225146e-08,8.729958265081095e-11,1.9740539547496329e-10,3.933846408320549e-09
16500,9.010615483665706e-08,2.5220945948927957e-08,2.53089069701673e-08,7.835572281777167e-09,1.403098486027217e-07,3.827959681567447e-08,2.3659530374981225e-08,7.539322084140083e-09,3.521865510336397e-08,1.0698399067041366e-08,6.904883775860071e-08,2.108084651046857e-08,5.5383680308551675e-08,1.6908827443514545e-08,1.2559746949136752e-06,5.1364688676335304e-08,1.2984974020469053e-06,3.582076845115082e-08,0.0,0.0,0.0,0.0,5.1364688676335304e-08,9.666543591728392e-11,9.1910718313545e-10,3.1442691913621446e-08
16520,3.6577405263413646e-07,3.7095565398905105e-08,2.4089621319944854e-07,1.383164355880093e-08,9.464276125923982e-07,6.541794653384391e-07,4.94358941306663e-08,1.0152402318504693e-08,7.798209189502359e-08,2.3688682722256305e-08,1.038937398334383e-07,3.171911440389706e-08,1.5376011974765902e-07,4.6943490748095975e-08,1.1273399103117754e-06,4.610400289078331e-08,3.038339002614521e-08,8.381659987888619e-10,0.0,0.0,0.0,0.0,4.6943490748095975e-08,5.251452431185284e-11,1.2150458157134403e-09,4.6064544034663006e-08
16540,1.0988254788101525e-07,2.624697649283121e-08,4.3744989852712024e-08,9.467306464303014e-09,1.718642275499221e-07,4.37534127177463e-08,2.4446941869508617e-08,6.037942410105246e-09,1.858872256121913e-08,5.646711100334171e-09,7.293078851944301e-08,2.226601925092312e-08,6.590633461200923e-08,2.012142907981184e-08,1.529981616954501e-07,6.257054963815777e-09,2.6306360467742707e-07,7.256957579057578e-09,0.0,0.0,0.0,0.0,2.226601925092312e-08,1.7961492850472293e-10,1.130282434197355e-09,4.433197631640783e-08
16560,6.762664795131535e-08,2.317071873538124e-08,2.1973505681671668e-08,6.36641803859941e-09,9.835507438865531e-08,5.829933567903203e-08,1.6916509146319933e-08,5.2269512754104e-09,1.638413626992019e-08,4.97702216624198e-09,1.3503040463547222e-08,4.122524498905991e-09,3.5770613138197405e-08,1.0920890357348108e-08,6.336375442117514e-07,2.5913415788006085e-08,5.904407345269647e-07,1.6288088715726742e-08,0.0,0.0,0.0,0.0,2.5913415788006085e-08,1.0259255384017975e-10,3.8161140585636255e-10,7.6122346635413e-09
16580,7.86850513266985e-08,2.4675347256952814e-08,2.888691597036086e-08,8.32196501225737e-09,1.45272617857854e-07,3.727628124060779e-08,3.491060713947606e-08,8.739880331113632e-09,1.4600099351724793e-08,4.435083857083068e-09,3.2913476388785057e-09,1.0048597128832515e-09,6.413008568628698e-08,1.9579134469925494e-08,9.68091278252814e-07,3.959132650679978e-08,8.01852920062629e-07,2.2120173304146494e-08,0.0,0.0,0.0,0.0,3.959132650679978e-08,1.5598198103764203e-10,3.6502387187659583e-10,2.917810447293925e-09
16600,7.628767816008075e-08,2.5517949574125563e-08,1.6234196209552465e-08,5.658502751592446e-09,1.1940521387661706e-07,3.311538928732975e-08,2.5897718577374937e-08,7.599683919762358e-09,1.466192278698486e-08,4.453864018369113e-09,3.241416379751172e-08,9.896155205929913e-09,3.087382216548917e-08,9.425883325949328e-09,3.4677632143598203e-07,1.4181859009801509e-08,1.2021913420312558e-07,3.316403875396038e-09,0.0,0.0,0.0,0.0,1.4181859009801509e-08,1.2389133342245294e-10,6.589621968253016e-10,1.6821811538199017e-08
16620,2.2245905404560262e-07,3.7565169563959324e-08,5.3003077482571825e-08,8.415181995204422e-09,3.6620648295606445e-07,2.276851478937668e-07,8.155162908968121e-08,1.5370022459378285e-08,7.849355343481079e-08,2.3844049943621237e-08,6.816981112933718e-08,2.0812476440757747e-08,1.508410467643273e-07,4.6052288672245025e-08,4.096817072252179e-07,1.6754455607982384e-08,8.061978817863746e-07,2.224003594902985e-08,0.0,0.0,0.0,0.0,4.6052288672245025e-08,6.1597529749212676e-12,1.9570951293748847e-10,1.7867697341062817e-08
16640,6.587446214788905e-08,1.8894544190091675e-08,1.9279809748695698e-08,6.994719973909711e-09,9.288488185505331e-08,4.3689092112689334e-08,2.3173988294563403e-08,6.447156093404936e-09,1.6774249989026657e-08,5.095527324161247e-09,4.278774667909602e-08,1.3063245318919936e-08,5.433577054958505e-08,1.6588896585253498e-08,3.428925765547319e-08,1.4023029052615126e-09,6.168839590259267e-07,1.7017560213305322e-08,0.0,0.0,0.0,0.0,1.7017560213305322e-08,6.320813003550257e-11,1.2504541735733488e-09,1.1826321460272576e-08
16660,7.205386045109972e-08,1.978900419823798e-08,1.99117380361713e-08,6.1047545645535566e-09,9.257089142722816e-08,3.464796392076741e-08,2.5201810953154342e-08,6.14277499414424e-09,2.3732140697063642e-08,7.209131383053633e-09,5.2525365390465595e-08,1.6036174182316948e-08,7.584184213982326e-08,2.3154773945942224e-08,1.0134815298101785e-06,4.144761930801048e-08,7.13256795847883e-07,1.9676132473009396e-08,0.0,0.0,0.0,0.0,4.144761930801048e-08,1.1602289096650743e-11,3.983723456136474e-10,2.3833754798568906e-08
16680,8.59082821331598e-08,2.3812950097202685e-08,2.71184035227634e-08,8.842161698140241e-09,1.5492398312174763e-07,4.1505542328196264e-08,1.931100585948082e-08,6.666717410740379e-09,5.2887512591581753e-08,1.6065682051470014e-08,2.9197508411016315e-08,8.91409929951607e-09,1.0252347948380702e-07,3.1300769679251674e-08,1.8532685324146314e-06,7.57917812315652e-08,5.887199918674924e-07,1.6240619988346733e-08,0.0,0.0,0.0,0.0,7.57917812315652e-08,1.861766295747673e-10,1.2783615355397008e-09,2.3968979827218402e-09
16700,1.5676052849681184e-07,3.0853548748409084e-08,1.9816980056930333e-08,6.572941491580076e-09,1.2435004082158796e-07,3.5148742985996534e-08,4.353196370217185e-08,1.5730315757425643e-08,6.640488869891215e-08,2.0171866542481623e-08,1.5505861483688932e-08,4.733992567214839e-09,8.785935445843052e-08,2.682376207616972e-08,1.4885873369507863e-06,6.087767981674344e-08,7.375994215408355e-07,2.0347656257067764e-08,0.0,0.0,0.0,0.0,6.087767981674344e-08,1.01688930819024e-10,2.9230002659178596e-10,6.080284567850582e-09
16720,1.426238146229233e-07,3.237559469585198e-08,2.613757033032016e-08,7.381573878013995e-09,1.5141429520462102e-07,6.00115737668148e-08,5.8373784014175706e-08,1.4955268463450464e-08,6.584368916762173e-08,2.000139021911032e-08,2.4875816961866803e-09,7.59467208278965e-10,1.141358145773097e-07,3.484605533226752e-08,1.0919805966125296e-06,4.4657939423027245e-08,6.640577083771859e-07,1.831891028760431e-08,0.0,0.0,0.0,0.0,4.4657939423027245e-08,1.4650874908275096e-10,1.9804643796960703e-10,1.8293541459759406e-08
16740,4.47500547346118e-07,4.299460719810596e-08,3.183499188708083e-07,1.7203512881402328e-08,1.2507261206169892e-06,8.855574296227966e-07,4.6171545092469504e-08,6.816856231159247e-09,2.6061500069118892e-08,7.916722772212229e-09,2.06151753445738e-08,6.293883657228418e-09,3.4968713924499184e-07,1.0676067087925549e-07,8.152190851262731e-07,3.333942321815277e-08,6.576256410539827e-07,1.8141473256966508e-08,0.0,0.0,0.0,0.0,1.0676067087925549e-07,1.6158913963897237e-10,1.467441816173344e-10,1.908480243343781e-08
16760,1.1509235501992802e-07,2.544293218182517e-08,7.519690825574799e-08,9.117815262320118e-09,3.437785952542679e-07,2.5419201684207535e-07,2.1499915297670932e-08,7.260885454297464e-09,9.327925543090032e-09,2.833551435829479e-09,7.551659564342117e-08,2.305547459562494e-08,8.108052673705402e-08,2.475416295358331e-08,9.351501510934668e-07,3.824415865634874e-08,1.0195968513926346e-07,2.8126927928262366e-09,0.0,0.0,0.0,0.0,3.824415865634874e-08,1.1912663737793104e-11,2.418070746152763e-09,3.3918518151521e-08
16780,7.278912357875132e-08,2.4058029112358165e-08,1.5053501556394622e-08,5.762492171137366e-09,9.714052746176844e-08,3.2653847037744996e-08,2.2430126758295622e-08,6.241763823708173e-09,2.7919894396433165e-08,8.481248731714513e-09,4.830621946894098e-08,1.474805381515126e-08,1.2015276329435665e-08,3.668305009109365e-09,1.3232701867593732e-06,5.411682293342832e-08,3.6224635380222026e-07,9.993045011407913e-09,0.0,0.0,0.0,0.0,5.411682293342832e-08,6.350756561153052e-12,1.5971482731941291e-09,4.3407467820492413e-08
16800,2.1558136247227166e-07,3.8719665535517563e-08,2.6073905701196054e-08,7.38836527842784e-09,1.667377654377005e-07,9.552277459788944e-08,4.658850827536462e-08,1.198184982365246e-08,1.9704033960010747e-08,5.985510079092483e-09,1.8921468836197164e-08,5.776789224016975e-09,6.269027075234135e-09,1.913955390060379e-09,1.3559705962506996e-06,5.545414919538356e-08,1.0867864048691445e-06,2.99804402226649e-08,0.0,0.0,0.0,0.0,5.545414919538356e-08,1.3123124648465314e-10,1.1569944420702119e-09,1.1876129149409369e-08
16820,7.745561300787908e-08,2.3100075399414355e-08,2.4816927179927006e-08,8.451017743030066e-09,1.426831492454455e-07,3.9773787928265185e-08,2.1851175996521214e-08,6.920622749741231e-09,5.225953403353856e-08,1.5874920696232044e-08,1.364571744488785e-08,4.1660842506785795e-09,4.3903864099803513e-08,1.3404000138204804e-08,1.0699187349416661e-06,4.37556904831352e-08,9.770226654381986e-07,2.695246297870946e-08,0.0,0.0,0.0,0.0,4.37556904831352e-08,7.626835534831066e-11,9.134543935146647e-12,6.3625379372271365e-09
16840,7.152602005229467e-08,2.061627241602223e-08,2.3947393401613226e-08,7.736421405134093e-09,2.481602147353732e-07,8.132998576196491e-08,2.3675675276717593e-08,7.090735370995176e-09,1.6423843618440515e-08,4.989084142085587e-09,5.597723884420702e-08,1.7090042619260427e-08,4.797781594234607e-08,1.46477914157763e-08,5.998384331462603e-07,2.453115859028837e-08,5.327885403971777e-07,1.4697676854421612e-08,0.0,0.0,0.0,0.0,2.453115859028837e-08,1.3906617398200305e-10,3.3701781027832984e-10,4.563293692477281e-09
16860,7.396281751392768e-08,2.260306354555511e-08,1.5445095868926728e-08,5.315837372764241e-09,8.926114966511976e-08,2.1567158909331603e-08,2.9391948400816162e-08,1.0072298937034011e-08,2.4743709303720607e-09,7.516416402447375e-10,7.3308683568029664e-09,2.238139213887439e-09,7.3067942807369946e-09,2.230789278579565e-09,2.4327200875973176e-07,9.948919025011565e-09,1.3929046289717917e-06,3.842511570101147e-08,0.0,0.0,0.0,0.0,3.842511570101147e-08,3.697234186143543e-10,4.8487925228355096e-08,3.5955380070409775e-09
16880,7.249439223942839e-08,2.1162583009149873e-08,5.385794565881952e-08,1.0625593682407759e-08,4.065901989981869e-07,2.4487915366667486e-07,3.606196549363068e-08,6.6712373602582615e-09,7.916400290852721e-08,2.4047712866811056e-08,9.132770628639264e-08,2.7882660825577258e-08,1.7830621068526398e-07,5.443749658472673e-08,8.709362830927603e-08,3.5618050066061284e-09,4.2731636540338513e-07,1.1788087525725497e-08,0.0,0.0,0.0,0.0,5.443749658472673e-08,8.530927538940087e-11,4.421872863783539e-10,1.7619389439387626e-08
16900,8.229134017796362e-08,2.5057247006129193e-08,2.8505837690318003e-08,8.755210695934252e-09,1.748734970630941e-07,8.56198264157181e-08,4.028656692224517e-08,9.868380134119748e-09,1.9146678909010006e-08,5.816201991526736e-09,1.1025690582755487e-07,3.3661811552955387e-08,9.378208787325093e-08,2.8631992455379886e-08,8.663415052012624e-07,3.543013969800562e-08,9.201522033208676e-08,2.5383616098417817e-09,0.0,0.0,0.0,0.0,3.543013969800562e-08,9.545799857497396e-12,1.4003891998902231e-09,1.543536155193521e-08
16920,1.8019263183117052e-07,3.110287920079159e-08,2.457448999848566e-08,6.022313259740914e-09,1.4105384001174458e-07,7.459894180015354e-08,7.284034287959342e-08,1.656913937837616e-08,2.44037732244351e-08,7.413153768308111e-09,1.711669028736651e-09,5.225784153927677e-10,1.2041821317865242e-08,3.6764092311619516e-09,1.5606691619041158e-06,6.382555830725367e-08,9.144961481410974e-07,2.5227586770917928e-08,0.0,0.0,0.0,0.0,6.382555830725367e-08,2.1719130097051954e-10,6.061659056785892e-10,9.01572710250919e-09
16940,8.94482087857561e-08,2.027204667337327e-08,2.45462956627307e-08,7.102004741546268e-09,1.87071687229629e-07,7.06847333542183e-08,1.8688841793939266e-08,6.0012775638776185e-09,4.885498228190954e-09,1.4840717092164296e-09,4.790990715264343e-09,1.4627058548629304e-09,1.3659010367206292e-08,4.1701426720688895e-09,4.307647110124435e-07,1.7616672763838727e-08,2.702001964394185e-07,7.453829970140675e-09,0.0,0.0,0.0,0.0,1.7616672763838727e-08,5.562777904772169e-11,2.2411519341787593e-09,5.281943308315035e-09
16960,1.1074196841592541e-07,2.6811038203626294e-08,2.2232200080907205e-08,7.3193564885845e-09,1.933371173594958e-07,5.929574089537831e-08,4.634030867296045e-08,1.2902720493720172e-08,6.774632677064574e-08,2.0579355532708218e-08,6.36032382317353e-09,1.9418286288693942e-09,5.129159807992778e-08,1.5659500155747957e-08,7.849923342462262e-07,3.210326220182152e-08,1.237961292588352e-06,3.415079975611888e-08,0.0,0.0,0.0,0.0,3.415079975611888e-08,1.0625560547905722e-10,1.842994487739052e-09,9.36521193394229e-09
16980,2.4227809309995856e-07,4.344606047933468e-08,1.1677241218421841e-07,1.3401179883573402e-08,4.5877282735948455e-07,2.000518164366666e-07,1.431237943307775e-07,2.5845333554766086e-08,1.8172766402813068e-08,5.520355799542788e-09,5.571109795710072e-09,1.7008788920068887e-09,9.594870853391058e-08,2.929346949121089e-08,1.4962325352030348e-06,6.119033828173219e-08,1.9329209521856683e-07,5.332218225035879e-09,0.0,0.0,0.0,0.0,6.119033828173219e-08,1.7329648059266363e-11,2.2444248289549328e-09,6.02631202713383e-09
17000,1.2587724089223587e-07,2.790968126539255e-08,2.184918912462308e-08,6.134740165727919e-09,1.3180703697423073e-07,7.25721483498245e-08,4.3132711980033297e-08,1.3413888584028603e-08,3.4176971475119444e-08,1.0381966048018444e-08,3.3984747460635845e-08,1.0375659666258691e-08,5.502809408142184e-08,1.680026544968229e-08,1.2649163494415916e-07,5.173036878319982e-09,6.926133977458448e-07,1.9106657106401897e-08,0.0,0.0,0.0,0.0,1.9106657106401897e-08,1.8236379958970368e-10,2.2132073943268087e-10,4.249802433713306e-09
17020,6.68148989548032e-08,1.875696170197807e-08,2.8689498776657274e-08,8.953594968398261e-09,1.1797388451736871e-07,3.6072873087236027e-08,1.638447378658827e-08,4.5839966890611035e-09,2.2871666782720013e-08,6.94774462018663e-09,9.510358722764067e-09,2.903545061307826e-09,2.9011202773432387e-08,8.857219552466796e-09,3.6584669516059876e-08,1.4961767018306256e-09,3.268667967404326e-07,9.017053158193529e-09,0.0,0.0,0.0,0.0,9.017053158193529e-09,4.25734205019814e-11,5.888370820137406e-10,1.1974667807997665e-08
17040,1.0332436480350387e-07,2.7562133874127485e-08,3.294110229035141e-08,6.676600134275325e-09,1.352750643218729e-07,3.578396456509698e-08,3.628459801605851e-08,1.0259081578831433e-08,4.9522275169522345e-08,1.5043421369143135e-08,4.193941549601732e-08,1.2804246942553821e-08,4.604367331850767e-08,1.4057291135015778e-08,1.7087747394839425e-07,6.988252001878648e-09,5.868480172921409e-07,1.618897938211274e-08,0.0,0.0,0.0,0.0,1.618897938211274e-08,5.4878666160829774e-12,2.716689346642386e-08,1.16762747220416e-08
17060,1.4649591307213382e-07,3.304889974717705e-08,3.6295773497840855e-08,7.583570607154302e-09,1.4259847628858775e-07,3.677596377804924e-08,7.084033175749358e-08,1.6344947341471107e-08,7.105104060656231e-09,2.158323164877408e-09,7.502876542275771e-09,2.2906538734494985e-09,1.0273279560379933e-08,3.1364673882216e-09,4.880490465097864e-07,1.9959388288322384e-08,1.7929849605025083e-08,4.946186224624118e-10,0.0,0.0,0.0,0.0,1.9959388288322384e-08,3.8256139475870395e-11,1.8920636157804237e-10,7.33754787040517e-09
17080,8.258913169024185e-08,2.0041056068698818e-08,2.8033355192746967e-08,7.8950820712797e-09,8.218659508249335e-08,3.327546436855483e-08,2.4934552657198736e-08,7.359824138942587e-09,4.207096626629436e-08,1.277993132186069e-08,1.1684733181027696e-09,3.5673890117386034e-10,1.40352019784018e-07,4.284995285026927e-08,4.4133357235409676e-07,1.8048899703817516e-08,1.0293414476336693e-07,2.8395745570642483e-09,0.0,0.0,0.0,0.0,4.284995285026927e-08,1.0518254080428176e-10,9.100502659252749e-10,2.1021147049294635e-09
17100,6.470940617797927e-08,2.1155568591196928e-08,4.092640892849886e-08,7.787653062542718e-09,1.6079074986693154e-07,3.060808903764963e-08,4.286716622372261e-08,1.0443129363254377e-08,4.633399797171478e-08,1.4074915802950712e-08,8.636448001198005e-09,2.6367371069955194e-09,3.028640715996289e-08,9.246543823731484e-09,6.923863438146327e-07,2.8316023124302506e-08,1.8073869512136298e-08,4.985916029378643e-10,0.0,0.0,0.0,0.0,2.8316023124302506e-08,1.0685576072805642e-10,1.4300321868961755e-09,2.5641398472306487e-08
17120,1.272590402734205e-07,2.7319589446929616e-08,3.622415079007624e-08,5.7927179091234105e-09,1.4231692949009562e-07,4.289117482999462e-08,5.2505127916083116e-08,1.3751445285553239e-08,1.1505923769306037e-08,3.4951636465672704e-09,3.620129973569419e-08,1.1052380745791396e-08,8.517090099857683e-08,2.6002966783620852e-08,8.696622160186962e-07,3.5565943832568934e-08,8.182394637401558e-07,2.2572218067294056e-08,0.0,0.0,0.0,0.0,3.5565943832568934e-08,6.442849407699782e-11,8.388465610125003e-12,4.0687602241007786e-09
17140,1.3722853968925852e-07,2.6419138449360515e-08,1.0467459787832922e-07,8.954216118886503e-09,4.11243156171696e-07,1.6467969749467942e-07,2.7293909868059875e-08,5.97781033690543e-09,5.748011755457583e-08,1.746078164606436e-08,4.4782041186408605e-08,1.3672110319724063e-08,8.626771386133214e-08,2.6337828062679186e-08,2.866967712122914e-07,1.172483033943465e-08,3.595528070832188e-07,9.91873984933035e-09,0.0,0.0,0.0,0.0,2.6337828062679186e-08,1.320751381815482e-10,4.737708661171618e-10,1.1349385503466216e-08
17160,7.938717495265416e-08,2.35371061825419e-08,2.6622103632689686e-08,7.329957669609814e-09,1.301280791562475e-07,3.5670294227870036e-08,2.8315958305641116e-08,1.0556297112510487e-08,9.852933313680978e-08,2.993033491162281e-08,1.3357384887058288e-07,4.0780553998805204e-08,8.353497671365062e-08,2.5503514710721555e-08,1.0399400736105235e-06,4.2529677157299025e-08,1.0223361996963831e-06,2.820249735237939e-08,0.0,0.0,0.0,0.0,4.2529677157299025e-08,1.075728747284894e-10,4.281983906799562e-10,1.6233046155325215e-09
17180,8.993897899543515e-08,2.3920033562598598e-08,2.112102492901613e-08,7.655090264853058e-09,8.342277109560223e-08,3.3447250718200674e-08,2.383070741579267e-08,7.363624955398506e-09,1.4773360756947795e-08,4.487715649516475e-09,1.0637438663252397e-07,3.247646457024671e-08,3.812442006534411e-08,1.1639516100282689e-08,1.3465573758253413e-06,5.506918304930937e-08,3.603130025453538e-07,9.939710919803295e-09,0.0,0.0,0.0,0.0,5.506918304930937e-08,1.7408295637059192e-10,5.30341647377495e-08,1.2827744909092638e-08
17200,6.745866692141615e-08,2.0975878418877208e-08,1.9983758647867944e-08,6.717392085034864e-09,1.0623137987192018e-07,5.0577174575886954e-08,3.541517252069056e-08,9.635367296651187e-09,3.5751059890287706e-08,1.0860128146084194e-08,6.291543286351953e-08,1.920829707992089e-08,8.572301002374161e-08,2.617152859432215e-08,7.126547885150103e-08,2.914492641776461e-09,1.5490545024476887e-07,4.273271809723852e-09,0.0,0.0,0.0,0.0,2.617152859432215e-08,5.138276311712503e-11,2.8356496834997466e-10,3.21229186996272e-08
17220,9.039991087741167e-08,2.0470796738439644e-08,2.7835028504341608e-08,7.350163146002421e-09,1.3887765899572586e-07,6.972121045181799e-08,1.6751869610449268e-08,5.116838960820766e-09,3.518217939202373e-08,1.0687318835164382e-08,4.5908336687716655e-08,1.4015972389925058e-08,2.0129559352710658e-08,6.145623393655572e-09,3.1301326330890333e-07,1.2801076274517869e-08,2.9506960430580875e-07,8.139885375487057e-09,0.0,0.0,0.0,0.0,1.4015972389925058e-08,3.5977044860237943e-11,4.6192096690194843e-10,4.433482186711278e-09
17240,1.496650836657012e-07,3.270542273082363e-08,7.02034981259203e-08,1.2125176714456408e-08,3.9238591108456086e-07,2.009410079267739e-07,6.876528855718901e-08,1.274429716422719e-08,8.862023292977028e-08,2.6920239610086388e-08,1.0294422736478737e-07,3.142922546819552e-08,1.1553936074548687e-07,3.527456315829319e-08,2.99170160644735e-07,1.2234945339474716e-08,3.0860382338460113e-07,8.513244790562551e-09,0.0,0.0,0.0,0.0,3.527456315829319e-08,1.7757574467399498e-10,1.19249323811862e-09,2.199674721573247e-08
17260,1.947533715643264e-07,3.909540142496263e-08,1.1283583489785087e-07,1.0106461317495936e-08,4.4330667889286107e-07,1.0981736629259488e-07,1.0783700551797259e-07,2.022456351290045e-08,1.1202811123212086e-08,3.4030869525335892e-09,5.35078470420558e-09,1.6336128871696855e-09,3.0305353337922725e-08,9.252328304183116e-09,2.787386605973552e-07,1.1399372948685195e-08,1.6404494544985937e-06,4.5253970140147557e-08,0.0,0.0,0.0,0.0,4.5253970140147557e-08,4.0505158679302026e-11,8.942756358606593e-10,5.668844194865944e-09
17280,2.1983478318019968e-07,4.015608737030311e-08,4.169470457782154e-08,9.340013878526764e-09,2.4384054211773954e-07,1.3038072756843941e-07,5.692659773573171e-08,1.2140729779114005e-08,4.3362435864224835e-08,1.3172241780973e-08,1.4993702279753052e-08,4.577628660595388e-09,1.841882646402837e-08,5.623330767077425e-09,2.015288760759404e-06,8.241780869917065e-08,4.1288129182248667e-07,1.1389876582084692e-08,0.0,0.0,0.0,0.0,8.241780869917065e-08,2.099406994956572e-11,8.290753979692548e-10,1.0730767072735007e-08
17300,8.813687651545644e-08,2.4317836706083194e-08,2.2112430997367483e-08,7.030872137262811e-09,1.1648282938593914e-07,3.3470774775394126e-08,3.445149442103936e-08,9.296911268969992e-09,8.765872250293683e-08,2.662816017224866e-08,5.848278306075372e-09,1.7854993859766874e-09,8.578621724097957e-08,2.619082524679554e-08,2.330952376894402e-06,9.53272736762292e-08,1.0202605906783901e-06,2.814523776838979e-08,0.0,0.0,0.0,0.0,9.53272736762292e-08,2.555715605163676e-10,1.899315609992456e-09,1.1706297870108316e-08
17320,6.53909531696278e-08,2.3484505688563435e-08,2.468004822731018e-08,7.913008000160195e-09,1.5998310012459617e-07,6.982206466431502e-08,2.4635480946366218e-08,8.289362766471794e-09,6.585426870486799e-09,2.000460397134295e-09,4.451919721759623e-08,1.3591863203297853e-08,8.559323338985791e-08,2.6131907749153918e-08,1.6722559408322013e-06,6.838903622360983e-08,4.313476864581389e-07,1.1899296681408318e-08,0.0,0.0,0.0,0.0,6.838903622360983e-08,1.5950686330867044e-10,3.5870340301745257e-10,2.1504990254217828e-09
17340,1.224390664244356e-07,2.338386523745937e-08,3.056032937820419e-08,7.4099549636328865e-09,1.2767698753864566e-07,3.21879698108958e-08,2.331558508590249e-08,6.699677551906596e-09,1.217949607834612e-08,3.6997752878304688e-09,1.0276039574819151e-08,3.1373100726728463e-09,4.362673378111026e-08,1.3319391412984205e-08,3.3972706248164286e-07,1.389357149851517e-08,3.9111279903636387e-07,1.078936396427867e-08,0.0,0.0,0.0,0.0,1.389357149851517e-08,2.631698917234813e-10,1.2928543447646272e-09,9.531155444459826e-09
17360,5.844152676298674e-08,1.8329404267542458e-08,2.1012510842410848e-08,6.5367593967564e-09,1.839729519507205e-07,3.831546109280387e-08,2.147824985188539e-08,6.291989816024224e-09,2.50181093619517e-08,7.599771096276713e-09,5.6170961215684656e-08,1.7149186667639105e-08,8.444569488119669e-10,2.5781559364612973e-10,5.253613721833972e-08,2.1485322964127536e-09,1.6778893296987007e-07,4.628679727088292e-09,0.0,0.0,0.0,0.0,1.7149186667639105e-08,8.650723294006843e-11,5.785578887194227e-10,2.799834382953527e-09
17380,7.612951185764896e-08,2.554252148755489e-08,1.9376102500245906e-08,6.306843511915252e-09,9.81548824485664e-08,2.7601104956032218e-08,5.0796872737236256e-08,1.3173714528118984e-08,4.2735028848994716e-08,1.2981653909062787e-08,1.6546664483030327e-08,5.0517532926480695e-09,7.855750894236735e-08,2.398387584045707e-08,2.220725754398245e-07,9.081941311027442e-09,4.824746326903551e-07,1.3309701121336084e-08,0.0,0.0,0.0,0.0,2.398387584045707e-08,1.328619874087972e-10,2.5218709223176493e-10,1.4430918193054544e-08
17400,7.774244542703541e-08,1.8349967075368166e-08,2.5755809929250972e-08,7.532437856282188e-09,1.7260748160373287e-07,5.477458183595819e-08,1.6159457002988623e-08,4.464621014602161e-09,1.3687613709123525e-08,4.1578973980320425e-09,5.819219950353727e-08,1.7766277706890245e-08,4.653302898560696e-08,1.4206692888809693e-08,1.16992776000302e-06,4.7845686505083705e-08,5.141725836210753e-07,1.4184130963170894e-08,0.0,0.0,0.0,0.0,4.7845686505083705e-08,4.914325346368047e-11,1.058088488720942e-09,3.1770515102612722e-09
17420,5.190421168073917e-07,5.1294201674376276e-08,3.4261540804436663e-07,1.8960109180870728e-08,1.3460596362389372e-06,9.896957722584725e-07,2.9154573710003343e-08,5.922268036180964e-09,1.5549062926112356e-08,4.723351322264544e-09,2.1876758182770573e-08,6.6790490430350116e-09,4.934446216076083e-07,1.5065033176071333e-07,3.44533408025427e-07,1.4090132741508613e-08,3.3080438299748494e-07,9.125676611935281e-09,0.0,0.0,0.0,0.0,1.5065033176071333e-07,1.870921165509446e-10,1.1493039353046845e-09,2.0223222452581337e-08
17440,1.5089046396473763e-07,2.5072633652229906e-08,7.922443501229282e-08,7.987430520795993e-09,3.937544423582442e-07,2.1372639814926754e-07,3.962719741636392e-08,8.499485022204199e-09,3.107014778791495e-08,9.438203648032774e-09,1.8751393326965626e-08,5.72486450946918e-09,9.442326875941376e-08,2.88277474384304e-08,7.733144684607396e-07,3.1625682465875366e-08,6.228068940572484e-07,1.7180952374894736e-08,0.0,0.0,0.0,0.0,3.1625682465875366e-08,1.977117506479243e-10,9.242359969403812e-10,4.670301617094637e-09
17460,1.2057855240492233e-07,3.1268887252143306e-08,6.012442099745385e-08,1.5098097226799463e-08,5.413016781529341e-07,2.751059658909554e-07,5.615444398824031e-08,1.7417387185133656e-08,1.249886500964692e-07,3.796790171974825e-08,7.1348722485709e-09,2.178300911147455e-09,1.941696532448134e-07,5.928065866862486e-08,7.66441843325083e-07,3.134461661613805e-08,1.3617623295658632e-07,3.756601611436157e-09,0.0,0.0,0.0,0.0,5.928065866862486e-08,2.6770866379561722e-11,7.350767064676269e-10,4.306725115390047e-09
17480,6.300403109531485e-08,2.006413545898683e-08,2.860048198272125e-08,8.169597294046363e-09,2.0009755862176168e-07,4.3612785285793544e-08,2.4391870906870315e-08,6.666865889716515e-09,1.8395675649429677e-08,5.5880691705704e-09,2.8521981221274473e-08,8.707858529895317e-09,5.17538589761557e-09,1.5800630478554037e-09,1.8425005521294224e-07,7.535141051583428e-09,3.962211962971196e-07,1.0930285972070132e-08,0.0,0.0,0.0,0.0,1.0930285972070132e-08,5.844159053551767e-11,8.823138098022119e-10,1.778439572699856e-08
17500,8.120566364400167e-08,2.3821248657612662e-08,2.6275188247382175e-08,8.264416705069324e-09,3.1611056984504897e-07,1.7771991706587727e-07,2.9547838417329926e-08,8.121267360915602e-09,8.384109051462474e-08,2.5468474977527964e-08,4.6657532948302105e-08,1.4244704650028174e-08,5.541600112124456e-08,1.691869509943042e-08,1.1847154475219668e-06,4.8450447557042966e-08,2.3619257660811854e-07,6.515684763266535e-09,0.0,0.0,0.0,0.0,4.8450447557042966e-08,1.2226809253124904e-10,6.874894842208564e-10,6.6995274448596246e-09
17520,9.457042435834455e-08,2.072745841497601e-08,1.889225131890271e-08,5.853075545590917e-09,1.203727468074458e-07,4.9839210788799546e-08,3.7519863389558096e-08,9.539340994640005e-09,4.5331285392080645e-09,1.3770320679534223e-09,1.9537310436135158e-08,5.9648077273809e-09,8.589657873869783e-09,2.622451871959604e-09,3.1483953222277705e-07,1.2875763975678405e-08,3.3682789535305346e-07,9.291843038837792e-09,0.0,0.0,0.0,0.0,1.2875763975678405e-08,7.094712148847066e-11,3.411693436311855e-10,2.1188652722461612e-08
17540,1.9192130804701088e-07,2.9508403984736418e-08,2.6134671315958258e-08,7.219285060360465e-09,1.9470220764218925e-07,1.2024755365696622e-07,4.1365050490665027e-08,9.284507985393662e-09,4.936939346222857e-08,1.499698038283874e-08,3.629190814535832e-08,1.1080043609404367e-08,7.058101481050016e-08,2.1548625786082018e-08,2.6226228300174625e-08,1.0725550824725048e-09,4.891907678938878e-08,1.3494974617302594e-09,0.0,0.0,0.0,0.0,2.1548625786082018e-08,3.699353396770271e-11,5.173287052758029e-10,1.4293019303790855e-08
17560,5.6161668900306784e-08,1.9699306971213865e-08,2.3193308607005747e-08,7.333406805662402e-09,2.1051528173611233e-07,5.635672953930663e-08,2.2601029466201085e-08,8.010765291741493e-09,1.9624810665419545e-08,5.961444412058152e-09,1.795456228137482e-08,5.481589286942609e-09,3.496933720370521e-08,1.0676258119977128e-08,3.833285688870092e-09,1.5676710922769563e-10,1.5156133770233282e-07,4.181020009208188e-09,0.0,0.0,0.0,0.0,1.0676258119977128e-08,4.2305456126923467e-11,4.876915584996816e-10,8.276356585834656e-10
17580,1.9991541078715881e-07,3.4196742997489824e-08,5.8607724895409774e-08,7.927707065633065e-09,3.3094210125911317e-07,2.1832592197259695e-07,8.579218417543536e-08,1.723247307194268e-08,9.581064386310345e-09,2.910447607178225e-09,8.09512812338653e-08,2.471470315862526e-08,6.863496837539174e-08,2.0954490657910535e-08,1.1447817342968847e-06,4.681730793190072e-08,7.35812371033262e-07,2.0298357694106958e-08,0.0,0.0,0.0,0.0,4.681730793190072e-08,5.456665060971619e-12,8.289084274206887e-10,2.5529635615839457e-08
17600,1.7081503340294792e-07,3.2489473692323626e-08,5.1575568704720354e-08,8.391057705980285e-09,3.262455172355539e-07,1.8932895226406294e-07,5.899748762675318e-08,1.0568081429553943e-08,8.352552205437291e-08,2.5372615301775096e-08,8.11695599622908e-08,2.4781344287319415e-08,1.4701856576593286e-07,4.4885272558953556e-08,1.955984309631731e-06,7.999247616486869e-08,6.334032320864935e-08,1.7473266241403157e-09,0.0,0.0,0.0,0.0,7.999247616486869e-08,2.823930504549049e-11,1.9340097704336904e-10,2.2083276059058385e-08
17620,6.813093111247035e-08,1.933607574225754e-08,2.063762849502382e-08,5.287094607128142e-09,1.3265868224422224e-07,3.3517746958615914e-08,2.012920078327833e-08,6.102005962475132e-09,3.556705108209712e-08,1.0804231635781151e-08,8.81550477060955e-09,2.691403746317034e-09,4.006521781008132e-09,1.2232048032409356e-09,6.619413994712886e-07,2.7070937397120668e-08,1.8723440575740824e-09,5.165108782495413e-11,0.0,0.0,0.0,0.0,2.7070937397120668e-08,1.1600653092055963e-10,6.700342527151183e-11,6.420397795461532e-09
17640,1.410381547614392e-07,3.494047196860423e-08,5.1636050102388253e-08,1.0132560770108845e-08,2.028666961208553e-07,6.406321943674805e-08,4.084203177160119e-08,1.2917212158617366e-08,3.066539955298708e-08,9.315253072019806e-09,5.4930524129304104e-08,1.6770477207209985e-08,1.6695273163946922e-08,5.0971241714556224e-09,1.266901055174685e-06,5.181153348874073e-08,2.4184410563066194e-07,6.671589629530206e-09,0.0,0.0,0.0,0.0,5.181153348874073e-08,1.7103788678201882e-12,7.385226474996415e-10,7.0114571248338025e-09
17660,7.975878808561296e-08,1.7829135751123093e-08,5.796800905955024e-08,6.135367556842977e-09,2.4711034380585843e-07,1.4258211258001199e-07,2.015851495462647e-08,5.369674031149076e-09,2.4077514648723763e-08,7.3140459246625e-09,9.772747944225557e-09,2.983653390933679e-09,5.428520344352705e-08,1.6573458204984745e-08,9.652318766484314e-08,3.947438778554563e-09,2.9889958597095756e-07,8.245540629320595e-09,0.0,0.0,0.0,0.0,1.6573458204984745e-08,1.3547154263963537e-11,3.3504598853463395e-08,1.5814556687049414e-08
17680,2.0353838000738394e-07,3.418276254461483e-08,5.391865443016286e-08,7.234761031723086e-09,2.283241306041569e-07,1.5261271385246855e-07,2.2154551462302243e-08,6.0697169575026455e-09,1.0123432314657066e-08,3.0752031510601855e-09,7.154949344112538e-08,2.184430585920629e-08,7.623254827393566e-08,2.3274057703340712e-08,6.223848991737668e-07,2.5453224372282275e-08,2.696621166364821e-07,7.4389862160187564e-09,0.0,0.0,0.0,0.0,2.5453224372282275e-08,1.326849849876301e-10,3.3268284728832805e-10,1.523179363357654e-08
17700,3.531306934723262e-07,4.096950871606003e-08,2.604514861559437e-07,1.4402735388595944e-08,1.0232562160260662e-06,7.123031581172013e-07,4.3588434029222814e-08,7.53860720120613e-09,2.4436267676009038e-08,7.4230246220182485e-09,3.742786702787271e-08,1.1426855950115044e-08,2.636867155736411e-07,8.050445118679849e-08,1.7415451374347413e-06,7.122270512061194e-08,5.772318019126033e-07,1.592370296497071e-08,0.0,0.0,0.0,0.0,8.050445118679849e-08,7.853977668796678e-11,3.304051488306698e-10,2.2068663984781133e-08
17720,8.997212534560487e-08,2.4216534686405588e-08,2.8006695629301248e-08,8.345089231229526e-09,1.774251147746141e-07,4.251317425976566e-08,2.353689679033312e-08,8.235791782809599e-09,3.527173397799288e-08,1.0714522759572698e-08,1.4986994756327476e-08,4.575580776066724e-09,3.246839286319414e-08,9.912711328650295e-09,9.497652868617479e-07,3.8841862007879074e-08,5.700940874930893e-08,1.5726799407629198e-09,0.0,0.0,0.0,0.0,3.8841862007879074e-08,6.884763680699351e-11,1.8333961361566414e-08,3.1324853045474647e-10
17740,5.9547227312325373e-08,1.930258684536989e-08,1.4043962437426671e-08,4.416407310315911e-09,1.0317971243405163e-07,3.6008279473591526e-08,2.2382344795670734e-08,6.191687922861936e-09,1.0258111249328294e-08,3.1161146736936913e-09,3.937680048693437e-08,1.202187194856522e-08,1.0037993991574012e-08,3.064634002819467e-09,4.6114958607290646e-07,1.8859300518713974e-08,1.9438601839283365e-07,5.362395557582441e-09,0.0,0.0,0.0,0.0,1.8859300518713974e-08,7.704937405936848e-11,4.0423315371540635e-10,1.1161228094305061e-08
17760,1.6259158597266022e-07,3.467488654678615e-08,2.769598950180807e-08,6.355703515204398e-09,1.9078513097036972e-07,1.1814768615296015e-07,3.870961611200474e-08,9.011226776849491e-09,3.224800115830817e-08,9.796001060716131e-09,6.891821158205858e-08,2.1040965572595277e-08,8.575076515526803e-08,2.618000148998153e-08,6.762469979548769e-07,2.7655982697371272e-08,7.770403911422363e-07,2.1435687870756977e-08,0.0,0.0,0.0,0.0,2.7655982697371272e-08,5.816349120600971e-11,6.906430036191631e-10,2.783774787976649e-08
17780,9.727980952035943e-08,2.5933421135639614e-08,4.932547881253413e-08,7.765932713301769e-09,3.417006053739957e-07,2.180101998395506e-07,2.7797626912962404e-08,7.9702961312821e-09,5.4561828388699496e-08,1.657429017637725e-08,4.5868205234000925e-08,1.4003720154950456e-08,1.620532494861493e-07,4.947540965330815e-08,3.042027501010125e-07,1.2440759364908806e-08,5.2910196046696e-07,1.45959776174211e-08,0.0,0.0,0.0,0.0,4.947540965330815e-08,1.3101564783334497e-10,3.1484243238316524e-10,4.628685555190826e-09
17800,8.760000444932293e-08,2.6981244761764894e-08,2.7913472422369523e-08,7.222234022288519e-09,7.054830330702359e-08,2.041496869932661e-08,2.1302219100188845e-08,6.454846609381877e-09,1.4394125003036606e-08,4.372514912139095e-09,5.864319518877892e-08,1.790396805831613e-08,2.727289771797814e-08,8.326509119409076e-09,1.7668574301410445e-06,7.225788522178446e-08,2.7320771778249764e-07,7.536796409340462e-09,0.0,0.0,0.0,0.0,7.225788522178446e-08,1.8878839331661124e-10,2.659698061083785e-09,1.9351540794972793e-08
17820,8.877622056289177e-08,2.154097107054171e-08,2.7205771857552463e-08,8.066705138682415e-09,1.1560869478197817e-07,4.034082917056135e-08,2.8655768825938645e-08,7.123751533110467e-09,4.8594840595939104e-08,1.476169375589609e-08,4.275761966709979e-09,1.3054047507076393e-09,4.959203270260559e-09,1.5140617239638537e-09,3.941722717115681e-07,1.6120177033916058e-08,7.57617605984251e-07,2.0899884211312133e-08,0.0,0.0,0.0,0.0,2.0899884211312133e-08,9.732230364984537e-11,1.5398210130831043e-09,6.5974830485399456e-09
17840,3.5182409392559425e-07,5.547716407034073e-08,1.7484649106336292e-07,1.4870901123779239e-08,6.869330193214815e-07,3.541315172128088e-07,1.0337713291398464e-07,1.5650597275481445e-08,6.215218562033442e-09,1.888001929682077e-09,9.074972240341594e-08,2.7706200342385287e-08,2.7607804975460226e-07,8.428757627973285e-08,7.010535938434259e-07,2.867047998044765e-08,1.844426691377521e-07,5.0880950456205745e-09,0.0,0.0,0.0,0.0,8.428757627973285e-08,1.4725199874263377e-10,6.332769912344675e-11,2.4595130649611856e-08
17860,4.354152488258982e-07,4.1515370459122996e-08,2.931772655756504e-07,1.67321188637198e-08,1.1518288443623596e-06,8.306403268785647e-07,4.562923066481085e-08,7.582898036144715e-09,3.0494731628749605e-08,9.263409130612194e-09,1.918067482620245e-08,5.855925731921635e-09,3.148296525701255e-07,9.611857098292343e-08,1.2478967228446436e-06,5.103433034358668e-08,7.921633695673336e-07,2.1852874320289435e-08,0.0,0.0,0.0,0.0,9.611857098292343e-08,1.381194271130066e-10,1.0761090947669438e-09,1.137368177069902e-08
17880,8.773887435544042e-08,2.433084050796496e-08,2.7664498247759184e-08,9.334057074538953e-09,2.157098263129191e-07,1.203293773584756e-07,3.493479344719701e-08,8.493124913145335e-09,3.5108612461698385e-08,1.066497132191387e-08,1.1931967947020894e-07,3.6428705760905165e-08,6.170940292093974e-08,1.88400913718594e-08,2.0159939140285132e-07,8.244664066845659e-09,4.142476370816439e-07,1.1427569142657284e-08,0.0,0.0,0.0,0.0,3.6428705760905165e-08,1.912233132160794e-11,5.549680494234708e-10,1.4173377224210395e-08
17900,8.012118100834081e-08,2.273432036013765e-08,3.1623073937225854e-08,9.041965670419287e-09,1.5502487789327187e-07,6.285401904440704e-08,3.51731058129321e-08,1.1049193241588905e-08,3.86918763695121e-08,1.1753462225404619e-08,9.745394891069736e-08,2.975302404541089e-08,1.2567434470867056e-07,3.83688069818145e-08,2.431646823453093e-06,9.944529167713857e-08,3.461577193775156e-07,9.549218519309292e-09,0.0,0.0,0.0,0.0,9.944529167713857e-08,2.2519184434820605e-11,2.492831426975329e-10,5.257029139539475e-08
17920,8.918523255000103e-08,1.9072745075586265e-08,2.1380401449277997e-08,7.058755754337123e-09,1.2078541994115887e-07,3.7397199533507276e-08,1.9590792752184563e-08,5.387986530039202e-09,1.775016134075713e-08,5.3919806951124305e-09,5.853735274286009e-09,1.7871654068636167e-09,1.1010726463922538e-07,3.361612394947724e-08,1.0758036381730562e-06,4.3996362661013615e-08,9.899880382135962e-08,2.731012976936408e-09,0.0,0.0,0.0,0.0,4.3996362661013615e-08,4.026013359373767e-11,1.6231118241827525e-10,1.1281564197198731e-08
17940,6.823050203219733e-08,2.0793744021942553e-08,3.344331389598665e-08,7.943623193797458e-09,1.5889722168222316e-07,3.873321195934608e-08,2.393432609301347e-08,7.741639368807173e-09,2.806042065373049e-09,8.523936464128547e-10,6.664038210146828e-08,2.0345536361397413e-08,3.4626394196379806e-08,1.0571556591482433e-08,4.979553835937622e-07,2.036452006370758e-08,2.1695673524391168e-07,5.985038537149329e-09,0.0,0.0,0.0,0.0,2.036452006370758e-08,1.8720970668910245e-11,1.4373814328651016e-09,1.801205177899889e-08
17960,8.294642893889306e-08,2.224621800528795e-08,2.5335907594126184e-08,7.706948470437628e-09,1.8841207611271662e-07,4.965883582133092e-08,2.687559613130689e-08,8.382214145171955e-09,4.522766738901396e-08,1.3738844849035126e-08,4.132698450121097e-08,1.261727006495301e-08,9.084671814818535e-08,2.7735813967098512e-08,7.476186780763783e-08,3.057481944131843e-09,3.982677299063653e-08,1.0986742343684646e-09,0.0,0.0,0.0,0.0,2.7735813967098512e-08,1.129251864581091e-11,1.3162331875372162e-10,2.2215934375652128e-08
17980,6.824624098868416e-08,1.9398123250285734e-08,5.345788167687715e-08,5.86817196865052e-09,2.1752642377049694e-07,1.5457654235448625e-07,2.2398864438293444e-08,6.882522746364592e-09,6.7729044150866e-08,2.0574105545043394e-08,1.1368570085323881e-08,3.4708633589139e-09,1.3787708841306312e-07,4.2094345719780065e-08,1.905745108388146e-07,7.793787443088298e-09,1.8451078176440205e-07,5.089974030332022e-09,0.0,0.0,0.0,0.0,4.2094345719780065e-08,1.8374312542560758e-11,7.443826241914916e-11,2.121378186600799e-09
18000,7.441779333692522e-08,2.2904335297966076e-08,1.8805394574883394e-08,5.882529379482317e-09,1.0504153434463912e-07,3.576790590053353e-08,3.2720319409748704e-08,7.980533772654511e-09,9.454887095472486e-09,2.8721186358771647e-09,5.4163024287845474e-08,1.6536156404790074e-08,1.8940392809696505e-08,5.782566792389031e-09,6.68303428597028e-07,2.733112194832144e-08,1.2997901421840652e-07,3.585643071092416e-09,0.0,0.0,0.0,0.0,2.733112194832144e-08,7.307046138227574e-11,1.5950799964813005e-09,2.004974666884318e-08
