branch,iteration,Nu_bar_cavity,Nu_bar_0,Nu_bar_half,Umax,Wmax,Umax_Z,Wmax_X,U_change,T_change,epsilon_phi_mean,epsilon_phi_max,heat_imbalance,Up,window_value_range,window_position_range,window_heat_range,qualified,restart_sentinel,matched_full_window_eligible
C,15000.0,3.2919556518800457,3.2754299789348806,3.275430051115661,24.452105388776868,36.24984731623319,0.8251953125,0.074951171875,8.712792450406741e-08,3.0637522741017165e-08,3.3986968157531415e-10,2.6576718655920234e-09,1.5154357606308138e-08,0.005129306676097024,6.41342481969555e-08,0.0,3.240715047665729e-08,0.0,False,False
C,15020.0,3.291955634007701,3.2754300651542962,3.2754300505460394,24.45210476013247,36.24984715051602,0.8251953125,0.074951171875,9.070973953580214e-08,2.0784170828846982e-08,3.221208707682987e-10,2.8406945514858656e-09,3.8999704560578786e-09,0.00512930674659497,6.413424984579662e-08,0.0,3.240715047665729e-08,0.0,False,False
C,15040.0,3.2919556080367878,3.2754300175995468,3.2754299939766325,24.45210417071896,36.24984682318507,0.8251953125,0.074951171875,1.1237376894945468e-07,1.982948560907971e-08,1.8275491830482104e-10,9.598946396879944e-10,5.275175020998834e-09,0.00512930676899628,6.413425139174102e-08,0.0,3.240715047665729e-08,0.0,False,False
C,15060.0,3.2919556284574574,3.27543007007705,3.2754300819127806,24.452105067368834,36.249847413232786,0.8251953125,0.074951171875,1.1520795258950668e-07,2.8771751203748863e-08,1.96097165859206e-10,1.834027059781339e-09,8.331751915792886e-09,0.005129306703501467,6.413424903996115e-08,0.0,3.240715047665729e-08,0.0,False,False
C,15080.0,3.2919556165979458,3.275430052028355,3.2754299209365163,24.45210463249821,36.249847670243845,0.8251953125,0.074951171875,1.8836147646547603e-07,8.343613444594666e-08,1.789186955836501e-10,1.1197407950094648e-09,3.0242281823012485e-09,0.005129306684789693,6.413425018056239e-08,0.0,3.240715047665729e-08,0.0,False,False
C,15100.0,3.2919556072695224,3.2754300385402075,3.275430063242462,24.45210514793332,36.24984790308526,0.8251953125,0.074951171875,1.1334347089095655e-07,1.1184476989001269e-07,4.2858852105037187e-10,1.9716281182409802e-09,1.1702722936331996e-08,0.0051293067186917,5.587393398097887e-08,0.0,3.240715047665729e-08,0.0,False,False
C,15120.0,3.2919556257004836,3.2754300484552914,3.275430015521275,24.452104758733242,36.2498472734842,0.8251953125,0.074951171875,2.089615867287574e-07,4.0129805256583495e-08,3.372486562474291e-10,2.3170992898909604e-09,2.4153285388149007e-09,0.005129306746909404,5.5873934795030895e-08,0.0,3.240715047665729e-08,0.0,False,False
C,15140.0,3.2919556220114607,3.2754300422619735,3.2754300451947533,24.452104778011655,36.249847669730535,0.8251953125,0.074951171875,6.514212318848706e-08,1.816351868910715e-08,3.121357810416159e-10,2.2847683755191655e-09,1.6955337156116722e-08,0.005129306720676879,5.1535049911719275e-08,0.0,3.1196397110317724e-08,0.0,False,False
C,15160.0,3.2919556281811397,3.2754300411830855,3.2754301260460816,24.4521047981186,36.24984789447623,0.8251953125,0.074951171875,2.0753514844651283e-07,9.785139809537213e-08,1.9319753505212677e-10,1.395853861380323e-09,6.697097802497177e-10,0.00512930672950946,6.262065055246591e-08,0.0,3.294201586888291e-08,0.0,False,False
C,15180.0,3.2919556265117973,3.275430026131744,3.2754300500997937,24.45210386340616,36.24984746209304,0.8251953125,0.074951171875,2.31822821754887e-07,1.0308804121450521e-07,2.074348551455213e-10,2.926939581754294e-09,2.8462405524086057e-09,0.005129306749995447,6.262065200442975e-08,0.0,3.294201586888291e-08,0.0,False,False
C,15200.0,3.291955635845675,3.275430038479385,3.2754300509778265,24.452104034093686,36.24984738010292,0.8251953125,0.074951171875,9.927472033811956e-08,2.690239853109233e-08,2.8789401356648977e-10,2.278069525032078e-09,1.1479578897568866e-08,0.005129306673780443,6.262065198764326e-08,0.0,1.6285627375867004e-08,0.0,False,False
C,15220.0,3.2919555999858794,3.2754300510758867,3.275429991221281,24.452104313835754,36.24984792493034,0.8251953125,0.074951171875,1.1607362451891746e-07,2.6342490855313372e-08,3.301550743386353e-10,2.894494984749654e-09,1.890813380553549e-08,0.00512930671231313,6.262065313008679e-08,0.0,1.823842402528577e-08,0.0,False,False
C,15240.0,3.291955649696367,3.2754300534777485,3.2754301084804016,24.452104307869877,36.24984722820452,0.8251953125,0.074951171875,9.406082696813665e-08,2.633402118590311e-08,1.5772529161078937e-10,1.2835344013508713e-09,1.8515436379406827e-08,0.005129306733637445,6.262065088829183e-08,0.0,1.823842402528577e-08,0.0,False,True
C,15260.0,3.2919556690244516,3.2754300244916976,3.2754300653259154,24.45210530680772,36.249847580632924,0.8251953125,0.074951171875,1.0552103799152954e-07,1.709429398033535e-08,3.8637880830965734e-10,2.4852684648998236e-09,1.2141964995933328e-08,0.005129306705306423,6.26206517133322e-08,0.0,1.823842402528577e-08,0.0,False,True
C,15280.0,3.291955615787378,3.2754300145171555,3.2754300747874225,24.45210375018518,36.24984738426498,0.8251953125,0.074951171875,7.911181846051214e-08,2.2752203676645877e-08,3.2759514554947325e-10,2.1242366604963966e-09,2.4135306065894275e-08,0.005129306711718391,6.366006603009602e-08,0.0,2.3465596285644557e-08,0.0,False,True
C,15300.0,3.291955664587832,3.2754300522670974,3.275430072052276,24.45210558387804,36.24984738253687,0.8251953125,0.074951171875,7.980273719164373e-08,2.8852127798018046e-08,4.3402112910593267e-10,3.78001272558261e-09,3.5818279552056337e-09,0.0051293067331024955,7.499120488769677e-08,0.0,2.3465596285644557e-08,0.0,False,True
C,15320.0,3.2919556281589366,3.275430049909005,3.2754300415512616,24.452104899778195,36.24984656813308,0.8251953125,0.074951171875,9.335371573576223e-08,3.31601199832221e-08,2.809695402869266e-10,2.241575016060448e-09,4.499776348450028e-09,0.0051293066910968205,7.499120698573586e-08,0.0,2.3465596285644557e-08,0.0,False,True
C,15340.0,3.2919555904174636,3.2754299904767095,3.2754299411608714,24.45210305559404,36.24984650757747,0.8251953125,0.074951171875,8.186583053474657e-08,2.3623613287782064e-08,3.1279472579678107e-10,1.4986006892377673e-09,3.48890507122645e-08,0.0051293067542974875,1.0339740488529927e-07,0.0,3.421934093201478e-08,0.0,False,True
C,15360.0,3.2919556461881903,3.275430054288904,3.27543010747992,24.452103873161153,36.24984717654754,0.8251953125,0.074951171875,1.4340865959484653e-07,2.576973656687187e-08,4.743943641733001e-10,3.6741006117067404e-08,7.629033900131421e-10,0.00512930674495272,1.0339740142816045e-07,0.0,3.421934093201478e-08,0.0,False,True
C,15380.0,3.2919556537465415,3.2754300387158537,3.2754300689633653,24.452103941508117,36.2498472728029,0.8251953125,0.074951171875,1.1182556741101153e-07,2.327368520127493e-08,2.570079889069023e-10,2.2450013235901364e-09,2.3031769114378545e-08,0.005129306648313594,1.0339740113915061e-07,0.0,3.4126147322251357e-08,0.0,False,True
C,15400.0,3.2919555878747073,3.2754299955590795,3.275429961592768,24.45210407721512,36.24984740383717,0.8251953125,0.074951171875,9.664819204534641e-08,2.5953852400562027e-08,4.3983069195640286e-10,2.4262031438218032e-09,2.0158837168052736e-08,0.005129306681535591,1.0339740056530422e-07,0.0,3.4126147322251357e-08,0.0,False,True
C,15420.0,3.291955617524381,3.2754300540726717,3.275430039633195,24.452105016495956,36.24984729985712,0.8251953125,0.074951171875,8.386635247566986e-08,1.5361763416876784e-08,1.9724234781120626e-10,1.1500992315389733e-09,1.263521436103114e-08,0.005129306730749467,1.033973965934909e-07,0.0,3.4126147322251357e-08,0.0,False,True
C,15440.0,3.291955617800455,3.2754300400547436,3.275430016284451,24.452104327207564,36.2498474155365,0.8251953125,0.074951171875,1.12472902944384e-07,1.9768378933804343e-08,3.0747405317592685e-10,2.0919689402729162e-09,2.118289085881192e-10,0.005129306686938196,1.0339739950819403e-07,0.0,3.4677221803676376e-08,0.0,False,True
C,15460.0,3.2919556233634957,3.275430066947706,3.275430066936864,24.452104984992094,36.24984704635794,0.8251953125,0.074951171875,1.152894040269906e-07,2.4951134491857374e-08,4.2397120525868376e-10,3.18977378818221e-08,2.3445118172055517e-08,0.005129306683456016,1.0339739672670713e-07,0.0,3.4677221803676376e-08,0.0,False,True
C,15480.0,3.291955621771417,3.275430012502852,3.2754300551642688,24.452104686770255,36.24984754505056,0.8251953125,0.074951171875,6.991433765329931e-08,2.3729114673187723e-08,4.2887748196536104e-10,2.1044426282044533e-09,2.0871551502406663e-09,0.005129306694297479,1.0339739798775856e-07,0.0,3.4677221803676376e-08,0.0,False,True
C,15500.0,3.291955630904165,3.2754300279499375,3.2754300121666122,24.45210401941158,36.249847610937636,0.8251953125,0.074951171875,7.679043651350109e-08,2.616792471599183e-08,1.5329402665107679e-10,8.847403591208437e-10,1.0576902350808725e-08,0.00512930669002134,1.0339740080973047e-07,0.0,3.4677221803676376e-08,0.0,False,True
C,15520.0,3.2919556127566203,3.275430116163534,3.27543007376071,24.452103373062858,36.249847258479214,0.8251953125,0.074951171875,1.0488605494217438e-07,2.774862650767318e-08,1.9756183280946815e-10,1.380096510667843e-09,3.8760768011466336e-08,0.005129306693575977,8.01935884857243e-08,0.0,3.8548939102878213e-08,0.0,False,True
C,15540.0,3.2919556097781566,3.2754300662451215,3.2754299787141328,24.452103992763426,36.24984691787493,0.8251953125,0.074951171875,8.08156478486402e-08,2.1983851183904335e-08,2.4135345344122253e-10,1.030116537949373e-09,3.646386630259687e-09,0.0051293067066710525,8.019358645334245e-08,0.0,3.8548939102878213e-08,0.0,False,True
C,15560.0,3.2919556198530726,3.275430102858195,3.2754300573734705,24.452104452665306,36.249847714379634,0.8251953125,0.074951171875,1.0187895961807764e-07,2.2944107058719965e-08,2.3383456654122745e-10,2.4159244426546257e-09,3.0108443934593416e-08,0.00512930675864136,6.721029272692729e-08,0.0,3.8548939102878213e-08,0.0,False,True
C,15580.0,3.2919556091630273,3.2754300438349446,3.275430007370105,24.452105161851566,36.24984777876834,0.8251953125,0.074951171875,9.968514948945563e-08,2.823185241140891e-08,2.342498494779599e-10,1.931470762052825e-09,1.8226379889000131e-09,0.00512930674491096,7.315479368454012e-08,0.0,3.8548939102878213e-08,0.0,False,True
C,15600.0,3.291955626031622,3.275430061262341,3.27543002069471,24.452105167528117,36.24984743437497,0.8251953125,0.074951171875,7.538894790297885e-08,1.7637660221225815e-08,3.2866208879886373e-10,2.143494068456378e-09,1.299573651708953e-08,0.005129306760218985,7.338694344550446e-08,0.0,3.8548939102878213e-08,0.0,False,True
C,15620.0,3.291955609688879,3.27543007124234,3.27543002186699,24.45210406082762,36.24984765862448,0.8251953125,0.074951171875,1.0074166469221378e-07,2.1381140413723188e-08,2.39158083582748e-10,1.0537278305055735e-09,4.627297133487745e-09,0.005129306725816171,7.338694676699231e-08,0.0,3.8548939102878213e-08,0.0,False,True
C,15640.0,3.291955634265119,3.2754300541911334,3.2754299717492135,24.45210384793844,36.24984745267715,0.8251953125,0.074951171875,7.924229101256622e-08,1.9272533791081514e-08,3.6101720779602005e-10,2.3067586671874247e-09,2.738087337139526e-09,0.005129306683599731,7.338694740592658e-08,0.0,3.8548939102878213e-08,0.0,False,True
C,15660.0,3.2919556099420473,3.275429992583099,3.27543001221313,24.452104566879747,36.24984726001768,0.8251953125,0.074951171875,6.643338623494925e-08,2.00860768018174e-08,3.749045429558329e-10,1.6735174125377532e-09,5.28697611480175e-09,0.005129306707177214,7.338694524820195e-08,0.0,3.6938130022566326e-08,0.0,False,True
C,15680.0,3.291955646100499,3.275430038829427,3.2754301033852524,24.45210486555099,36.24984785427017,0.8251953125,0.074951171875,7.463551092153958e-08,2.8714680411212612e-08,2.9687008921461395e-10,1.4711379764194495e-09,1.3084764971321184e-08,0.00512930672434489,7.338694435181409e-08,0.0,3.6938130022566326e-08,0.0,False,True
C,15700.0,3.291955608870593,3.2754300755811983,3.2754300717380818,24.452103566428715,36.24984687274501,0.8251953125,0.074951171875,8.363469559502885e-08,2.136943066943786e-08,1.977229863517561e-10,1.0220705953252863e-09,2.104356900609136e-08,0.005129306705449456,7.338694825080846e-08,0.0,3.6938130022566326e-08,0.0,False,True
C,15720.0,3.2919556961413132,3.275430033272073,3.27543009697291,24.452104973961355,36.249847117593184,0.8251953125,0.074951171875,6.134271570507979e-08,2.1337257294362644e-08,2.543176077067913e-10,1.243911539868019e-09,7.37142392460495e-09,0.005129306774390828,7.33869440264472e-08,0.0,3.6938130022566326e-08,0.0,False,True
C,15740.0,3.2919556255136877,3.2754300380127006,3.275429977608532,24.452104352421934,36.24984783012417,0.8251953125,0.074951171875,8.299615712960802e-08,3.321827080071671e-08,2.9657607105897864e-10,1.8896938996223858e-09,7.341990673893999e-10,0.00512930676326573,6.547900251515004e-08,0.0,2.9374244867204015e-08,0.0,False,True
C,15760.0,3.2919556761376843,3.2754300699272108,3.2754300872355877,24.452104386960958,36.24984799545956,0.8251953125,0.074951171875,7.48586689696979e-08,2.431636403343873e-08,1.7261692696310271e-10,9.462572215771981e-10,6.880395894522537e-09,0.005129306739962726,6.54790024226598e-08,0.0,2.9374244867204015e-08,0.0,False,True
C,15780.0,3.291955638033436,3.2754300292593825,3.275429990834442,24.452104760167284,36.249846996525385,0.8251953125,0.074951171875,1.4342671625329094e-07,2.4155497158062644e-08,1.6156018472772337e-10,1.0036560799970105e-09,1.6268411774666806e-08,0.0051293067161653095,6.547900142327026e-08,0.0,2.0309369938701958e-08,0.0,False,True
C,15800.0,3.291955642582491,3.2754300236432528,3.275430073379478,24.452105323592892,36.24984710299459,0.8251953125,0.074951171875,8.723892356565341e-08,2.4474161364196334e-08,3.1506673790385395e-10,2.0047448362395587e-09,2.3355846435884622e-08,0.005129306654124711,7.186146773311482e-08,0.0,2.262164736849522e-08,0.0,False,True
C,15820.0,3.291955641433492,3.2754300957916485,3.2754296952614843,24.452105287466864,36.24984728954395,0.8251953125,0.074951171875,4.237703700213399e-07,3.0045401899769786e-07,3.8814698561450023e-10,1.987567614793108e-09,3.841444203663136e-08,0.0051293067010758885,1.246015961522827e-07,0.0,3.768024296924196e-08,0.0,False,True
C,15840.0,3.29195562617495,3.2754300231721345,3.2754300731245425,24.452105350234554,36.249847629791695,0.8251953125,0.074951171875,5.467415885475132e-07,2.9518292876673513e-07,3.584850594534783e-10,1.4147996339098633e-09,5.990214756934788e-09,0.0051293067654119995,1.2460158177788328e-07,0.0,3.768024296924196e-08,0.0,False,True
C,15860.0,3.2919555761546557,3.27543009090698,3.275429940505737,24.45210439560527,36.249847237236985,0.8251953125,0.074951171875,1.7437034638896367e-07,2.5610006559873e-08,3.2205457018227124e-10,2.3560627007342955e-09,2.6388404874220668e-08,0.005129306671222783,1.2460158682287377e-07,0.0,3.768024296924196e-08,0.0,False,True
C,15880.0,3.2919556530010907,3.2754300356784825,3.275430030238776,24.452104676784913,36.2498478166994,0.8251953125,0.074951171875,8.911642338753907e-08,3.269053650001297e-08,2.9530424006340393e-10,2.42661358892224e-09,1.6647815491772485e-09,0.005129306736903644,1.2460158340931312e-07,0.0,3.768024296924196e-08,0.0,False,True
C,15900.0,3.29195565008668,3.27542999201728,3.27543013013031,24.45210587264182,36.24984715853415,0.8251953125,0.074951171875,1.0224529197224581e-07,2.4218365979322698e-08,2.4790198211464947e-10,1.249862465228618e-09,2.0650489897248852e-08,0.005129306675830383,1.327669370315365e-07,0.0,3.768024296924196e-08,0.0,False,True
C,15920.0,3.2919556439338495,3.2754300552882114,3.2754300917155295,24.452105271072906,36.24984767314688,0.8251953125,0.074951171875,6.097338250831319e-08,1.960432882697205e-08,3.4123052897411763e-10,1.8460534313940093e-09,1.4494817332057133e-09,0.0051293067282295705,1.3276693858864888e-07,0.0,3.768024296924196e-08,0.0,False,True
C,15940.0,3.2919556214301053,3.2754300379924643,3.275429959767757,24.452104308917967,36.249847192926026,0.8251953125,0.074951171875,1.23713839570122e-07,3.4939375836984254e-08,3.230188756502493e-10,1.9787504374482296e-09,6.663048323470086e-09,0.005129306653999876,1.327669439370465e-07,0.0,3.768024296924196e-08,0.0,False,True
C,15960.0,3.291955657246677,3.2754300494059407,3.2754300417390763,24.45210401351072,36.249847307312166,0.8251953125,0.074951171875,1.1623294954968683e-07,2.885036565203336e-08,3.1568463560393843e-10,2.6149137235594327e-09,5.064248521998024e-09,0.005129306646190567,1.3276694061440446e-07,0.0,3.6964960303425645e-08,0.0,False,True
C,15980.0,3.2919556658654123,3.275430050023033,3.275430048562865,24.452105613359713,36.24984715645383,0.8251953125,0.074951171875,7.197384503558184e-08,1.8511968846723903e-08,3.92197468730939e-10,1.9702267521692157e-09,5.952729008669664e-09,0.0051293066359013,1.3276694033780765e-07,0.0,3.6964960303425645e-08,0.0,False,True
C,16000.0,3.2919556236868517,3.2754300538404095,3.2754300323199894,24.45210427272807,36.2498476827082,0.8251953125,0.074951171875,6.580792092228622e-08,1.813049266274902e-08,3.839163983718955e-10,2.0322381867404675e-09,1.6722405124422515e-08,0.005129306684171716,1.3276694099619964e-07,0.0,3.6964960303425645e-08,0.0,False,True
C,16020.0,3.2919556438740853,3.275430061803263,3.2754300734824677,24.452105159447747,36.24984740654628,0.8251953125,0.074951171875,9.365827796042638e-08,1.69036411534762e-08,2.963225627935261e-10,2.8489780647567843e-09,1.6993412807074063e-08,0.005129306735589443,1.3276693932771147e-07,0.0,3.6964960303425645e-08,0.0,False,True
C,16040.0,3.2919556149971143,3.2754300842774455,3.275429954166369,24.452104349204724,36.249847120367754,0.8251953125,0.074951171875,8.148386714676888e-08,2.1979417397233192e-08,2.791543445017809e-10,1.4476940135959157e-09,1.505606151535573e-08,0.005129306651543715,7.603153794800443e-08,0.0,2.4938923141014953e-08,0.0,False,True
C,16060.0,3.29195563338378,3.27543002413654,3.2754300370806613,24.452104936888816,36.249846841981054,0.8251953125,0.074951171875,8.298914665325046e-08,1.8989055661222665e-08,2.740922857370051e-10,2.1391987864327547e-09,9.783073272010659e-09,0.005129306696412629,7.60315361206556e-08,0.0,2.4938923141014953e-08,0.0,False,True
C,16080.0,3.2919556238583163,3.2754300852137703,3.27543003714653,24.452104273643826,36.24984726727014,0.8251953125,0.074951171875,6.080760689168613e-08,1.9680442164826673e-08,2.2949146137948072e-10,2.084394283986074e-09,2.5047249893647595e-08,0.005129306716573557,7.603153818295399e-08,0.0,2.359776816044188e-08,0.0,False,True
C,16100.0,3.2919555872820165,3.2754300353165036,3.275430477071482,24.45210468637868,36.24984790581074,0.8251953125,0.074951171875,4.972924751840481e-07,3.670668888844375e-07,2.593716494125665e-10,1.4223236883874546e-09,9.866201246462265e-09,0.005129306738638329,1.5964469911597148e-07,0.0,2.359776816044188e-08,0.0,False,True
C,16120.0,3.291955572955663,3.275430002962594,3.2754299629469523,24.452105015643156,36.249847742102105,0.8251953125,0.074951171875,5.195563998277176e-07,3.732788513843843e-07,3.37765092760284e-10,1.9744303030208812e-09,2.606446597526826e-08,0.00512930673484845,1.5964472417443916e-07,0.0,2.4614984242062545e-08,0.0,False,True
C,16140.0,3.291955620680155,3.2754300618477146,3.275430033878883,24.452104111146692,36.249846823856544,0.8251953125,0.074951171875,6.117711701089386e-08,2.4052269509411417e-08,3.7641496308254337e-10,2.0884833560802126e-09,1.836972802981027e-08,0.005129306761318959,1.5964472071721113e-07,0.0,2.1000217453270235e-08,0.0,False,True
C,16160.0,3.291955621588131,3.275430099389382,3.275430011590973,24.45210560488355,36.249848178173174,0.8251953125,0.074951171875,9.544747576978725e-08,1.9352796698512975e-08,4.1020923032757873e-10,2.2705564193148627e-09,2.398577973369852e-08,0.005129306774866221,1.5964472180352562e-07,0.0,2.1000217453270235e-08,0.0,False,True
C,16180.0,3.2919555962102223,3.275430010122477,3.275430052347086,24.452104259048653,36.2498480407548,0.8251953125,0.074951171875,7.965857976297834e-08,2.5102679046540288e-08,3.39310766087212e-10,1.9424279416935785e-09,1.2261641613946923e-08,0.005129306771312641,1.5964471981706946e-07,0.0,2.0111736966598596e-08,0.0,False,True
C,16200.0,3.291955622966073,3.275430069859908,3.2754300623986277,24.45210456324873,36.24984757356101,0.8251953125,0.074951171875,7.477636686021224e-08,2.066309434667346e-08,4.207317362566495e-10,2.654088742966266e-09,6.038008937691349e-09,0.005129306681963559,1.596447193271565e-07,0.0,2.002645703757691e-08,0.0,False,True
C,16220.0,3.291955609469317,3.275430049509964,3.2754300241514485,24.452104268557953,36.24984718318242,0.8251953125,0.074951171875,8.028376246683402e-08,2.45181581703946e-08,2.9707763201594846e-10,2.0896370585689924e-09,4.921108661318116e-09,0.005129306641360663,1.5964472119132705e-07,0.0,2.1143357313950145e-08,0.0,False,True
C,16240.0,3.2919556092232254,3.275430035110844,3.275430052896089,24.452104047025934,36.24984745759506,0.8251953125,0.074951171875,7.116190892606395e-08,1.8782884581014514e-08,2.572479588695729e-10,1.035310901043741e-09,1.3088756595991216e-09,0.0051293067125374224,1.59644719790311e-07,0.0,2.4755590315669137e-08,0.0,False,True
C,16260.0,3.291955592298565,3.2754300043287685,3.275430010759738,24.452104363215636,36.24984770635458,0.8251953125,0.074951171875,6.756540379969381e-08,1.548397676742752e-08,4.08848328859905e-10,4.834950849198262e-09,2.3653614914437448e-08,0.005129306736871073,1.5696397966891815e-07,0.0,2.4755590315669137e-08,0.0,False,True
C,16280.0,3.2919556646777455,3.275430053105538,3.2754298707194045,24.452104627702735,36.249847751267,0.8251953125,0.074951171875,2.1143014791656507e-07,1.6771326727393898e-07,2.9864827022253267e-10,1.6016550422083103e-09,9.041654742542814e-09,0.005129306738058849,1.8512137379503405e-07,0.0,2.4755590315669137e-08,0.0,False,True
C,16300.0,3.2919556631832263,3.275430023333115,3.2754301008622435,24.452104718219996,36.24984752057821,0.8251953125,0.074951171875,2.2381975074235801e-07,1.672987082201871e-07,4.4604214830283255e-10,4.926217714572835e-09,7.1603239243433315e-09,0.005129306713003854,1.8512136078777785e-07,0.0,2.4755590315669137e-08,0.0,False,True
C,16320.0,3.2919556391103124,3.2754300412514112,3.275430090101611,24.452104738982346,36.24984775001651,0.8251953125,0.074951171875,5.2336140311347545e-08,2.2700760382576846e-08,4.0355652828365493e-10,4.086313419205991e-09,2.9188864358517818e-09,0.0051293067182203705,7.026339524200072e-08,0.0,2.4755590315669137e-08,0.0,False,True
C,16340.0,3.291955655502095,3.2754300845472244,3.2754297302662505,24.45210364808602,36.24984721060525,0.8251953125,0.074951171875,4.358120607977114e-07,3.058661945942731e-07,2.676433799344847e-10,1.926410898800992e-09,2.00990334527807e-08,0.005129306622928304,1.1314423557313221e-07,0.0,2.2676904074099396e-08,0.0,False,True
C,16360.0,3.291955704900328,3.2754300949886783,3.2754301389809344,24.452106154987554,36.249847662627346,0.8251953125,0.074951171875,3.961982185943755e-07,3.195524982402276e-07,2.2227546873512655e-10,1.2032963129824072e-09,2.4102540777517e-08,0.005129306721367209,1.247819878710936e-07,0.0,2.2793665117917876e-08,0.0,False,True
C,16380.0,3.2919556164136092,3.2754300326189423,3.275430026361189,24.452105499158503,36.249847795439536,0.8251953125,0.074951171875,1.0547305994073348e-07,2.7534213131730212e-08,3.131910026628191e-10,1.7931285320655994e-08,2.4112328875648767e-10,0.005129306745729327,1.2478199216149687e-07,0.0,2.386141748876051e-08,0.0,False,True
C,16400.0,3.291955627701422,3.2754300150120343,3.275430028651308,24.45210399147938,36.24984768549055,0.8251953125,0.074951171875,6.915465364610306e-08,1.5729312963230768e-08,2.0609578257878357e-10,1.207032534381283e-09,1.2337376590962629e-08,0.005129306719955016,1.2478199207425166e-07,0.0,2.386141748876051e-08,0.0,False,True
C,16420.0,3.2919556448173095,3.275430007644559,3.275430080862379,24.452104683790154,36.24984742602962,0.8251953125,0.074951171875,7.857072034009803e-08,1.4494617062155157e-08,3.1389448150999597e-10,2.0390266706100837e-09,2.3131730665213452e-08,0.005129306660727954,1.2478199008519945e-07,0.0,2.386141748876051e-08,0.0,False,True
C,16440.0,3.2919556154144405,3.2754300534110143,3.2754300085429335,24.452104420777086,36.24984733737092,0.8251953125,0.074951171875,8.677881055452642e-08,2.289175426994916e-08,3.399379541515679e-10,1.961826413373424e-09,4.166604859008678e-09,0.0051293066743457166,1.2478199284030773e-07,0.0,2.386141748876051e-08,0.0,False,True
C,16460.0,3.2919556257783547,3.275430011701019,3.275430010279019,24.452106099725086,36.24984710918985,0.8251953125,0.074951171875,9.606355873974234e-08,2.87856209979509e-08,2.433856438180601e-10,2.476324548217615e-09,1.4881440741976846e-08,0.005129306761054238,1.2478199277416917e-07,0.0,2.386141748876051e-08,0.0,False,True
C,16480.0,3.2919556357054915,3.275430043591655,3.2754300876611815,24.45210511392583,36.249847327591915,0.8251953125,0.074951171875,8.412816206621573e-08,1.9894628167094197e-08,3.6270629067978695e-10,1.7290768140208386e-09,1.5451743955523531e-09,0.00512930675803596,1.2478198982618977e-07,0.0,2.386141748876051e-08,0.0,False,True
C,16500.0,3.291955635854184,3.2754300319160166,3.275429978427885,24.452103717165656,36.249847733380726,0.8251953125,0.074951171875,6.812953352006995e-08,1.9411174889683025e-08,3.639130651318521e-10,2.3515196467439727e-09,2.130298400956057e-09,0.005129306673480463,1.2478199398758175e-07,0.0,2.386141748876051e-08,0.0,False,True
C,16520.0,3.291955606368809,3.275430029681843,3.2754300393371474,24.452104798413128,36.24984796573564,0.8251953125,0.074951171875,1.0575905530857592e-07,2.756075900833821e-08,3.235253769946949e-10,2.5370236057772092e-09,2.8513774703532477e-09,0.005129306751354885,1.2478199166715997e-07,0.0,2.386141748876051e-08,0.0,False,True
C,16540.0,3.291955658953236,3.2754300487016508,3.2754301074039587,24.452104477302903,36.249847379098185,0.8251953125,0.074951171875,1.2110191216381106e-07,3.673585524666123e-08,2.5316933914502475e-10,3.5286013220749574e-09,1.734140511961259e-08,0.005129306705223552,1.2478198907406165e-07,0.0,2.386141748876051e-08,0.0,False,True
C,16560.0,3.29195565594425,3.2754300106962546,3.2754301130886447,24.452104245748565,36.24984765443183,0.8251953125,0.074951171875,1.1937187071352247e-07,5.101190936329658e-08,2.3213077088280106e-10,2.119958390797441e-09,1.884215190964887e-08,0.005129306698896557,9.969783678436475e-08,0.0,2.386141748876051e-08,0.0,False,True
C,16580.0,3.291955647785024,3.2754299895600525,3.2754300648373356,24.452105136880043,36.24984800242588,0.8251953125,0.074951171875,8.036265535761962e-08,2.4973758172563976e-08,2.5811759538207547e-10,1.5913098517360208e-09,2.646299459286255e-08,0.005129306749936278,9.743780408314348e-08,0.0,2.6221871304106064e-08,0.0,False,True
C,16600.0,3.291955642676686,3.2754300152940914,3.275430121280407,24.4521061164347,36.24984734067387,0.8251953125,0.074951171875,8.806357817264537e-08,2.6488294224691344e-08,3.0436333747950593e-10,1.5251950158378108e-09,2.0129230286511947e-08,0.0051293066859524495,9.812116108001732e-08,0.0,2.4917820197310198e-08,0.0,False,True
C,16620.0,3.291955587260016,3.275430068275682,3.275429975649327,24.452104969022795,36.2498461618513,0.8251953125,0.074951171875,1.4793483412759118e-07,2.668627985258354e-08,1.6730418991224574e-10,7.801439962616309e-10,4.172713620658341e-09,0.005129306771292486,9.812116568434028e-08,0.0,2.4917820197310198e-08,0.0,False,True
C,16640.0,3.2919556548129774,3.2754300814610815,3.2754300607242426,24.452104838988877,36.24984729265778,0.8251953125,0.074951171875,1.8183245652027063e-07,3.7871586755500175e-08,3.4677708167318133e-10,1.8521438560947753e-09,1.386488402087426e-08,0.005129306649085344,9.81211662061391e-08,0.0,2.4917820197310198e-08,0.0,False,True
C,16660.0,3.291955637380993,3.275429961866166,3.2754300394763396,24.45210477057015,36.249847210893115,0.8251953125,0.074951171875,7.549674647292978e-08,1.923700665429351e-08,3.515566280780651e-10,2.5883846943690163e-09,2.679488208820386e-08,0.005129306715374777,9.812116648068911e-08,0.0,2.5249707692651505e-08,0.0,False,True
C,16680.0,3.2919556369997087,3.275430015974962,3.275429982533839,24.452104203124282,36.24984712959982,0.8251953125,0.074951171875,8.879772741095409e-08,2.2837753022031393e-08,3.787143454761748e-10,2.5611395047181827e-09,7.431158064806674e-09,0.005129306665269781,9.812116875773038e-08,0.0,2.5249707692651505e-08,0.0,False,True
C,16700.0,3.291955583736613,3.275430044202949,3.275429979170779,24.45210365164695,36.24984677459499,0.8251953125,0.074951171875,2.1277519800834402e-07,3.2591742638032883e-08,2.857042996423058e-10,1.4206146800067714e-09,7.901499392692782e-09,0.005129306725729753,1.0080064207311238e-07,0.0,2.46645836872478e-08,0.0,False,True
C,16720.0,3.2919556313996314,3.275430023929289,3.27542998738281,24.452104389963523,36.249847723012635,0.8251953125,0.074951171875,1.8920516949972965e-07,2.1061566712887725e-08,2.5310236197120475e-10,2.154274093253171e-09,2.6784225923680554e-08,0.00512930669892522,1.0080063902949768e-07,0.0,2.394350461785061e-08,0.0,False,True
C,16740.0,3.2919556259561094,3.2754299995516476,3.275430328088534,24.452105238653306,36.24984761375143,0.8251953125,0.074951171875,4.2738902855125686e-07,3.0279420570877846e-07,3.4124192370740957e-10,1.6949213877431487e-09,2.062702657905473e-08,0.0051293067031769335,1.0760088655513071e-07,0.0,2.2622168467545517e-08,0.0,False,True
C,16760.0,3.29195560918393,3.2754301079428387,3.2754299504729216,24.45210416305568,36.24984761908989,0.8251953125,0.074951171875,5.640949588085475e-07,3.958525098823884e-07,2.5738634566481553e-10,1.2019099359893527e-09,3.411014643388618e-08,0.005129306708471313,1.1528734189606436e-07,0.0,2.993743281322784e-08,0.0,False,True
C,16780.0,3.291955616397665,3.2754301058566853,3.2754300145703743,24.452104078378564,36.24984710753181,0.8251953125,0.074951171875,1.4114848016719394e-07,8.841743692755699e-08,3.394882406983097e-10,3.3119545137243054e-09,4.698408942283941e-08,0.0051293067203655954,1.1528733963998656e-07,0.0,4.2811375802181066e-08,0.0,False,True
C,16800.0,3.291955689597344,3.2754300187258423,3.275430089849883,24.452103511193734,36.24984812756503,0.8251953125,0.074951171875,2.090712486638414e-07,3.383161129022483e-08,1.3974154967367836e-10,5.818582947851586e-10,1.5294304264689632e-08,0.005129306766588677,1.152873369903271e-07,0.0,4.2811375802181066e-08,0.0,False,True
C,16820.0,3.2919555967257526,3.2754300258486637,3.275429994563067,24.452104929164495,36.249847229545495,0.8251953125,0.074951171875,1.6935450380090477e-07,3.892870381605462e-08,3.1210946362231323e-10,1.5948549292959522e-09,1.8058075961762742e-08,0.005129306647610485,1.1528734034419616e-07,0.0,4.2811375802181066e-08,0.0,False,True
C,16840.0,3.291955627666535,3.2754300320539187,3.2754300345014404,24.4521036761684,36.24984721560911,0.8251953125,0.074951171875,5.800048105255614e-08,2.5178621854138328e-08,1.6741464488413007e-10,1.2694206528806939e-09,4.606680054227588e-09,0.0051293066799358395,1.1528733893846049e-07,0.0,4.237740936861182e-08,0.0,False,True
C,16860.0,3.2919556313649623,3.2754300140561554,3.2754300690334723,24.452104610374892,36.249848661747194,0.8251953125,0.074951171875,1.0157530444980663e-07,2.823901468218537e-08,1.6642692905694776e-10,8.742497052692865e-10,2.165781378000246e-08,0.005129306840062334,1.152873377230152e-07,0.0,4.237740936861182e-08,0.0,False,True
C,16880.0,3.291955594570648,3.275430091041244,3.2754300229024587,24.452104522213396,36.249846675369504,0.8251953125,0.074951171875,8.434724404688886e-08,2.3431653062289115e-08,2.9824660233615407e-10,1.2685432670472505e-09,4.1301014534181505e-08,0.005129306681115316,1.1528733934671703e-07,0.0,4.237740936861182e-08,0.0,False,True
C,16900.0,3.2919556330580706,3.2754299528444335,3.2754300288183225,24.452105257999566,36.24984713577596,0.8251953125,0.074951171875,7.396437853729658e-08,2.2732479010301176e-08,4.2110886249216624e-10,2.973159164571374e-09,3.752044303424405e-08,0.0051293066428148544,1.1528733913849271e-07,0.0,4.237740936861182e-08,0.0,False,True
C,16920.0,3.2919556220138575,3.275430018383304,3.2754300625176462,24.452103566272264,36.2498465051488,0.8251953125,0.074951171875,7.817622905506415e-08,2.5443682716286276e-08,2.083662869817416e-10,1.880253403199521e-09,1.2751489423365086e-08,0.005129306789374721,1.1528733795235675e-07,0.0,4.237740936861182e-08,0.0,False,True
C,16940.0,3.291955636544297,3.275430052690467,3.2754299891686416,24.452103798888896,36.24984706141869,0.8251953125,0.074951171875,9.678048639951971e-08,2.6949862785841106e-08,4.124483752217364e-10,3.6112102714562334e-09,8.458682702654745e-09,0.005129306631213694,1.1528734053406709e-07,0.0,4.237740936861182e-08,0.0,False,True
C,16960.0,3.29195570108946,3.2754300398160012,3.2754300948169632,24.45210487679617,36.249847776011265,0.8251953125,0.074951171875,9.071628784896196e-08,1.4350121091410983e-08,2.8425241949728274e-10,1.4960625809268673e-09,7.10350528665665e-09,0.005129306719029201,7.143785131083384e-08,0.0,4.237740936861182e-08,0.0,False,True
C,16980.0,3.2919556388590365,3.2754300273176113,3.2754299917494816,24.452104322647962,36.24984707321618,0.8251953125,0.074951171875,3.919077632672337e-07,5.8126545354753034e-08,2.005974364456293e-10,9.518684303290822e-10,1.6828649324207107e-09,0.00512930688551164,7.143785292980114e-08,0.0,4.53012244904187e-08,0.0,False,True
C,17000.0,3.2919556196817497,3.275430050115574,3.275430036878523,24.45210384528307,36.249847050103654,0.8251953125,0.074951171875,3.3416104901127064e-07,2.3549091565655544e-08,4.310025748704755e-10,3.2984459400467233e-09,1.969408398057357e-08,0.0051293068163951894,7.143785432444281e-08,0.0,3.9618149601760795e-08,0.0,False,True
C,17020.0,3.2919555961033056,3.275430042225821,3.275430015207489,24.452104802392142,36.24984692958347,0.8251953125,0.074951171875,1.2256926518199779e-07,3.137807880193577e-08,3.5536180330069705e-10,2.6963024446019805e-09,4.073897169133525e-09,0.005129306649020092,6.91853448165663e-08,0.0,3.9618149601760795e-08,0.0,False,True
C,17040.0,3.2919555966903764,3.275430072863969,3.27543001537586,24.452105319392796,36.24984648140026,0.8251953125,0.074951171875,8.04654909021418e-08,2.8382089567458024e-08,4.1397790207631123e-10,2.0501067729141233e-09,8.552292734161421e-11,0.005129306792129572,7.169609771430203e-08,0.0,4.121549160683989e-08,0.0,False,True
C,17060.0,3.2919556145614544,3.275430054815388,3.275430058338645,24.452104416212432,36.24984743955461,0.8251953125,0.074951171875,8.903081845636785e-08,2.3317795694310917e-08,2.6703284911010254e-10,1.7820266771616093e-09,6.976157977211105e-10,0.005129306687606406,7.169610036252022e-08,0.0,4.121549160683989e-08,0.0,False,True
C,17080.0,3.291955583073435,3.2754300533467813,3.2754299701204,24.452103983975846,36.24984753694493,0.8251953125,0.074951171875,7.54779457013179e-08,2.014940037042834e-08,2.921999555998699e-10,1.7886674795340793e-09,6.219432810111414e-09,0.005129306725968421,7.169610162988264e-08,0.0,4.121549160683989e-08,0.0,False,True
C,17100.0,3.291955605304663,3.2754300678230948,3.275430013345319,24.45210405342498,36.24984738138221,0.8251953125,0.074951171875,9.974741417877015e-08,4.441216105988133e-08,3.8798163834218716e-10,2.6896671436629393e-09,3.0236798069692173e-08,0.00512930670364449,7.169610142625058e-08,0.0,3.743492010690244e-08,0.0,False,True
C,17120.0,3.2919556658259563,3.275430024384491,3.275430134850058,24.45210564670344,36.249847547137655,0.8251953125,0.074951171875,1.232568553476904e-07,7.624367981406976e-08,3.574906604193067e-10,2.824290654711014e-09,1.90538420639681e-09,0.0051293066780782265,8.50818823836474e-08,0.0,3.015127514235056e-08,0.0,False,True
C,17140.0,3.2919555790637687,3.275430064501734,3.2754300641659158,24.452104031563785,36.24984751540727,0.8251953125,0.074951171875,7.603105705704683e-08,3.808560222751112e-08,2.9930465412934267e-10,1.3040273416970607e-09,2.1741046052173978e-08,0.005129306669542415,7.556873398483563e-08,0.0,3.015127514235056e-08,0.0,False,True
C,17160.0,3.291955583782927,3.2754299726898353,3.2754299813638204,24.45210363963572,36.249846491347355,0.8251953125,0.074951171875,1.2612865930617164e-07,9.212726581608877e-08,3.036224898345441e-10,1.7874644580143767e-09,3.186058825609761e-08,0.005129306669465408,8.208159717011684e-08,0.0,3.1775065328755995e-08,0.0,False,True
C,17180.0,3.291955620793296,3.2754300087817683,3.2754299866828815,24.45210372232367,36.24984724932869,0.8251953125,0.074951171875,9.006995208050815e-08,2.0641607534344075e-08,2.8405490428670127e-10,1.756530692521715e-09,2.2738720875093623e-08,0.005129306680014076,8.208159689254731e-08,0.0,3.1775065328755995e-08,0.0,False,True
C,17200.0,3.2919556205401097,3.2754300186916225,3.275430004586702,24.452104572157307,36.24984722298281,0.8251953125,0.074951171875,8.954616998396587e-08,1.5076238923938945e-08,2.1770221345526337e-10,1.869104516782445e-09,5.521851758372487e-10,0.005129306768573361,8.208159403979892e-08,0.0,3.1775065328755995e-08,0.0,False,True
C,17220.0,3.291955628409264,3.2754300173077127,3.2754300195959596,24.452105166500342,36.24984759544639,0.8251953125,0.074951171875,6.642039801792552e-08,1.9558683561626822e-08,3.8359312707146144e-10,2.530898687851123e-09,8.259175502265243e-09,0.0051293067021486545,8.208159204468956e-08,0.0,3.1775065328755995e-08,0.0,False,True
C,17240.0,3.291955577414933,3.275429980575268,3.2754299529382864,24.45210438983288,36.24984726466543,0.8251953125,0.074951171875,7.969443694584497e-08,2.129752374457894e-08,3.9977119868491613e-10,2.2715554951384794e-09,2.82046912960535e-08,0.005129306694526633,8.20815946518313e-08,0.0,3.1775065328755995e-08,0.0,False,True
C,17260.0,3.2919555919285646,3.275430027658558,3.2754299611505595,24.452104677345865,36.24984613324016,0.8251953125,0.074951171875,2.411539731735672e-07,4.077389803569531e-08,2.585853645645877e-10,2.1253125560634328e-09,7.941032961345218e-09,0.005129306828075992,8.208159368669865e-08,0.0,3.130840308026036e-08,0.0,False,True
C,17280.0,3.291955658364917,3.275430007859768,3.275430030163611,24.452103162743796,36.24984773512944,0.8251953125,0.074951171875,4.856091461987554e-07,9.084902785616578e-08,1.9834998365106692e-10,7.525486427350406e-10,2.7311698424203698e-08,0.005129306711803457,1.0158470327328208e-07,0.0,3.130840308026036e-08,0.0,False,True
C,17300.0,3.2919556565643995,3.275430029272343,3.2754300955627795,24.452103653056092,36.249847987578754,0.8251953125,0.074951171875,2.644306685951377e-07,3.217928679077886e-08,1.517304601312089e-10,1.0179373497468977e-09,7.72135985299407e-10,0.005129306749814405,1.0158470123631095e-07,0.0,3.130840308026036e-08,0.0,False,True
C,17320.0,3.291955631773852,3.2754300533862306,3.275429953736508,24.452105676185727,36.24984719744693,0.8251953125,0.074951171875,7.620168538973066e-08,2.453361958032474e-08,1.6113739343583716e-10,1.169500005611492e-09,1.4540876252758193e-08,0.005129306638058251,1.0279040849545204e-07,0.0,3.130840308026036e-08,0.0,False,True
C,17340.0,3.2919556272532757,3.2754300138603867,3.2754299673618275,24.45210452315663,36.249847565737575,0.8251953125,0.074951171875,8.358307513577375e-08,2.5734948394529056e-08,4.3064462077852464e-10,2.6690037901364537e-09,1.5697830658938966e-08,0.005129306687880283,1.0279041334249216e-07,0.0,3.130840308026036e-08,0.0,False,True
C,17360.0,3.2919556451126004,3.2754300425034444,3.2754300733688133,24.45210495837342,36.24984722704482,0.8251953125,0.074951171875,7.995583848074783e-08,2.7121700441057328e-08,2.4624834985756347e-10,2.0297493508155357e-09,1.3941625742901161e-08,0.00512930669449535,1.0279041151295178e-07,0.0,3.130840308026036e-08,0.0,False,True
C,17380.0,3.291955643584091,3.275430038737454,3.2754301041641085,24.452104218090504,36.249847257420775,0.8251953125,0.074951171875,4.64194470583485e-08,1.7955812836589757e-08,3.752004545767658e-10,2.1312056758816794e-09,3.7034482315939137e-11,0.005129306653438607,1.027904146249124e-07,0.0,2.8167656813737562e-08,0.0,False,True
C,17400.0,3.2919556205504144,3.2754300289344656,3.2754300631260937,24.452105204483015,36.24984744966927,0.8251953125,0.074951171875,7.664921462670919e-08,2.327868742213468e-08,3.902028094494525e-10,3.1229353482476445e-09,1.873569936286634e-08,0.005129306692750427,1.0279041047836983e-07,0.0,2.8167656813737562e-08,0.0,False,True
C,17420.0,3.2919556190576946,3.275430086201254,3.275430036167295,24.452105196316143,36.249847223912454,0.8251953125,0.074951171875,5.3567680436591986e-08,2.3543293536931742e-08,2.401401324614938e-10,1.8774139355783555e-09,3.039507085414694e-08,0.005129306745650707,1.0279041051270128e-07,0.0,3.0358036371831004e-08,0.0,False,True
C,17440.0,3.291955646071588,3.275430064056536,3.2754299988606697,24.452103738635795,36.249846950702825,0.8251953125,0.074951171875,6.793441649881274e-08,2.2205426830623765e-08,2.1189773799249503e-10,1.115429266633849e-09,1.911319422599944e-09,0.005129306649515626,1.0279041664041785e-07,0.0,3.0358036371831004e-08,0.0,False,True
C,17460.0,3.2919556898099227,3.2754300436905623,3.275430091460513,24.452104573851248,36.24984681421298,0.8251953125,0.074951171875,1.0701944622564331e-07,2.6527573027124163e-08,3.370462112628744e-10,3.085321755806231e-09,1.1034366780612823e-08,0.005129306707457549,1.0279041312938492e-07,0.0,3.0358036371831004e-08,0.0,False,True
C,17480.0,3.291955608980399,3.275430017995177,3.2754299928980966,24.452104340399057,36.24984719609103,0.8251953125,0.074951171875,6.788918610198484e-08,3.754922772714053e-08,3.6193676453545775e-10,2.662140325708703e-09,1.365555423675357e-08,0.005129306690555191,1.0279041411075841e-07,0.0,3.0358036371831004e-08,0.0,False,True
C,17500.0,3.2919556663130276,3.275429999751509,3.275429978232197,24.452105341795782,36.24984712883917,0.8251953125,0.074951171875,7.928557699545772e-08,3.5828634281642735e-08,2.35755482640567e-10,2.6597925275345057e-09,1.8537823632639168e-08,0.005129306638348072,8.273846391122545e-08,0.0,3.0358036371831004e-08,0.0,False,True
C,17520.0,3.2919556811377007,3.2754300438639348,3.2754301292291155,24.45210496382904,36.249847736901,0.8251953125,0.074951171875,9.150385056703863e-08,4.324164137869957e-08,4.122733545178699e-10,2.386800217806663e-09,4.842631665135424e-09,0.005129306681420577,7.92385741398496e-08,0.0,3.0358036371831004e-08,0.0,False,True
C,17540.0,3.291955593855592,3.2754300817512103,3.275429974568844,24.452103886092903,36.249847203615445,0.8251953125,0.074951171875,1.0122234135519448e-07,2.6913369310932467e-08,4.1046532228884103e-10,3.0241505194773215e-09,1.591597652373841e-08,0.005129306668720003,6.556327400099863e-08,0.0,3.0358036371831004e-08,0.0,False,True
C,17560.0,3.2919556585522534,3.275430051671947,3.275430100202572,24.452104192994046,36.24984749380233,0.8251953125,0.074951171875,7.070754510825168e-08,1.9336027889949037e-08,3.2312455458221226e-10,2.501543865542657e-09,2.2504261698056714e-09,0.00512930670589108,6.556327317810652e-08,0.0,3.0358036371831004e-08,0.0,False,True
C,17580.0,3.2919556300137294,3.27543004317306,3.275430049619523,24.452105105275496,36.249847505982416,0.8251953125,0.074951171875,7.035523996385792e-08,2.0235802367096767e-08,3.557431863868847e-10,3.391699661469567e-09,3.223908945917584e-09,0.00512930668255146,6.556327073201208e-08,0.0,3.0358036371831004e-08,0.0,False,True
C,17600.0,3.2919555615746625,3.275430058240431,3.275429943593071,24.452103540342275,36.24984724296339,0.8251953125,0.074951171875,2.2642978540434726e-07,4.419194965521456e-08,3.367652033015333e-10,1.6938271993892732e-09,1.5474582527196476e-08,0.005129306707428782,7.367274166343686e-08,0.0,2.8483751431547e-08,0.0,False,True
C,17620.0,3.291955622675393,3.275430073497091,3.27543005913047,24.45210484442605,36.2498475137536,0.8251953125,0.074951171875,1.9365868398041426e-07,4.5553861127700657e-08,2.3827816730779464e-10,1.7223711169371007e-09,1.3583533056841866e-08,0.005129306674741059,7.367273773430979e-08,0.0,2.8483751431547e-08,0.0,False,True
C,17640.0,3.2919556039863953,3.2754299982404973,3.2754299488017247,24.452104963270347,36.249847346754734,0.8251953125,0.074951171875,8.675008513776997e-08,2.863356485249824e-08,3.655392241176368e-10,2.778365239316399e-09,1.4764645083649195e-08,0.005129306682058409,7.367273737623899e-08,0.0,1.6626504210039224e-08,0.0,False,True
C,17660.0,3.291955628489549,3.2754300395353084,3.2754300745272262,24.45210504320655,36.249846966745935,0.8251953125,0.074951171875,1.0009937839914719e-07,7.593007467221469e-08,4.097553775484358e-10,2.074118834991219e-09,2.181431640168402e-08,0.0051293067401328146,7.367273713539597e-08,0.0,1.956389023187835e-08,0.0,False,True
C,17680.0,3.2919556261403358,3.275429940520212,3.2754300623304458,24.452104380595628,36.24984760098152,0.8251953125,0.074951171875,1.5159443914578915e-07,3.3804781196522526e-08,3.7133271837370524e-10,1.6179565925888575e-09,3.226581591685926e-08,0.00512930667626002,7.36727391318033e-08,0.0,3.001538974705359e-08,0.0,False,True
C,17700.0,3.291955627295906,3.275430021282091,3.275430261139172,24.452106031152923,36.249847361660144,0.8251953125,0.074951171875,3.940661090217647e-07,2.3111476821213728e-07,4.001978727045054e-10,2.0838834847592674e-09,1.8452578255514306e-08,0.005129306693210728,1.0186487185773812e-07,0.0,3.001538974705359e-08,0.0,False,True
C,17720.0,3.291955672638801,3.2754300469831605,3.2754300803002403,24.45210496523282,36.24984796439459,0.8251953125,0.074951171875,3.27586636968811e-07,2.5136074555121013e-07,4.730541833877768e-10,2.1288784563403277e-08,2.3829450609901305e-09,0.005129306716548871,1.0186487629824805e-07,0.0,3.001538974705359e-08,0.0,False,True
C,17740.0,3.291955631776807,3.2754300374688228,3.2754299476998052,24.452104446573212,36.24984697706071,0.8251953125,0.074951171875,8.207924649715246e-08,1.4734780506842071e-08,1.4314958923157692e-10,1.026152228797848e-09,6.9621703216324235e-09,0.0051293066970332845,1.0186487845892902e-07,0.0,3.001538974705359e-08,0.0,False,True
C,17760.0,3.291955662155747,3.275430081584318,3.2754301098142724,24.452105186598732,36.249846322976715,0.8251953125,0.074951171875,9.134554866311171e-08,1.8782998267852236e-08,2.618090378254101e-10,1.9827431119839606e-09,2.8692977168571422e-08,0.005129306808295002,1.0186487537606114e-07,0.0,3.001538974705359e-08,0.0,False,True
C,17780.0,3.2919556619362527,3.2754300090598463,3.2754301706992273,24.452104664853984,36.24984734393178,0.8251953125,0.074951171875,8.995764200367014e-08,4.37614176007628e-08,2.734054877556215e-10,2.1833000626536942e-09,1.252359029375648e-08,0.005129306747103958,1.0186487754959444e-07,0.0,2.988287085586913e-08,0.0,False,True
C,17800.0,3.2919556118780164,3.275430060965732,3.275429994354425,24.45210546527825,36.24984714246856,0.8251953125,0.074951171875,8.691408118978419e-08,4.33354330198199e-08,4.1836028529004475e-10,4.048200848295328e-09,1.1878489134924187e-08,0.005129306681893337,1.0186487421511185e-07,0.0,2.988287085586913e-08,0.0,False,True
C,17820.0,3.2919556115658772,3.2754300644241994,3.275430051343768,24.4521056364486,36.24984704815675,0.8251953125,0.074951171875,6.16090620627686e-08,2.0223751562298276e-08,4.165015738353272e-10,4.0901002618584954e-09,9.779532931358133e-09,0.005129306687484758,9.569411099991703e-08,0.0,2.988287085586913e-08,0.0,False,True
C,17840.0,3.2919556194945363,3.275430094417743,3.275429926213051,24.45210524279754,36.24984743484806,0.8251953125,0.074951171875,1.22335021698396e-07,6.477307579189073e-08,4.1768233401465414e-10,1.8420367202690532e-09,2.986541172675445e-08,0.005129306696900915,1.0225409445613891e-07,0.0,2.988287085586913e-08,0.0,False,True
C,17860.0,3.2919556071398834,3.275430001040718,3.2754300168076638,24.452103406534906,36.2498478670078,0.8251953125,0.074951171875,9.613266023948363e-08,4.7951232318155235e-08,2.1095469719874924e-10,1.1724023746026828e-09,1.4449834617820406e-08,0.005129306674344304,1.0733710604031188e-07,0.0,2.988287085586913e-08,0.0,False,True
C,17880.0,3.291955637007565,3.275430103208919,3.2754301294479022,24.452104994009975,36.24984735689097,0.8251953125,0.074951171875,7.983563359036882e-08,2.9298917070263997e-08,2.979178728326012e-10,2.468642192174565e-09,2.417973349026038e-08,0.005129306691126789,1.0733709907179199e-07,0.0,2.988287085586913e-08,0.0,False,True
C,17900.0,3.2919556491091813,3.275430045764665,3.275430084866488,24.452106102194712,36.24984795117597,0.8251953125,0.074951171875,6.29408971584583e-08,3.064826614718186e-08,3.5186122368472714e-10,1.88252364010706e-09,5.792234655895041e-09,0.005129306732796393,1.1024243859935242e-07,0.0,2.748246666576432e-08,0.0,False,True
C,17920.0,3.2919556549686453,3.2754300479433596,3.2754301121898868,24.452104062828706,36.249847458584526,0.8251953125,0.074951171875,7.711614174641189e-08,1.4192721664585406e-08,2.6747932119363125e-10,1.2816138471668227e-09,3.729861762383612e-09,0.00512930666138552,1.1024244779384469e-07,0.0,2.748246666576432e-08,0.0,False,True
C,17940.0,3.291955632449599,3.2754300952177573,3.275430055804507,24.452105035423266,36.24984766551697,0.8251953125,0.074951171875,5.4357052019845596e-08,1.740238531056093e-08,3.0724709629055523e-10,1.9410037914721755e-09,2.5760276411747416e-08,0.0051293067015494385,1.1024244340889685e-07,0.0,2.613554996437084e-08,0.0,False,True
C,17960.0,3.291955610969017,3.2754299692771838,3.2754300362683377,24.452104435523037,36.24984708368044,0.8251953125,0.074951171875,7.035565864000458e-08,2.3555401185149094e-08,4.0296447819118303e-10,2.6193239406583073e-09,3.350145532905747e-08,0.005129306633181592,1.1024244611355024e-07,0.0,2.977159356667386e-08,0.0,False,True
C,17980.0,3.2919557062923173,3.2754300327401324,3.2754301333225118,24.452105247984438,36.24984737935221,0.8251953125,0.074951171875,9.023172178784539e-08,2.2722645098838257e-08,2.8507826875589524e-10,1.6387324359838988e-09,2.107390468682325e-09,0.005129306679972663,1.1024244245056371e-07,0.0,3.139406486037514e-08,0.0,False,True
C,18000.0,3.2919556237567806,3.275430091611611,3.275430010531949,24.45210371753774,36.24984741685586,0.8251953125,0.074951171875,7.257046988262911e-08,2.0823790691792965e-08,3.5572141273144635e-10,2.0322271116259255e-09,2.218726452961819e-08,0.005129306654151437,1.1024244935059096e-07,0.0,3.139406486037514e-08,0.0,False,True
R,15000.0,3.2919556518800457,3.2754299789348806,3.275430051115661,24.452105388776868,36.24984731623319,0.8251953125,0.074951171875,8.712792450406741e-08,3.0637522741017165e-08,3.3986968157531415e-10,2.6576718655920234e-09,1.5154357606308138e-08,0.005129306676097024,6.41342481969555e-08,0.0,3.240715047665729e-08,0.0,False,False
R,15020.0,3.291955610754159,3.275430111464857,3.2754300529907816,24.452105400573604,36.249846726096585,0.8251953125,0.074951171875,4503599627370496.0,4503599627370496.0,3.3524278705881984e-10,2.1014710698843848e-09,2.633998568043683e-08,0.005129306788146756,0.0,0.0,0.0,0.0,True,False
R,15040.0,3.291955643367386,3.275430056848336,3.2754300928911855,24.452105075743685,36.24984777742402,0.8251953125,0.074951171875,7.18196073975742e-08,1.916674818858155e-08,1.4289743337136936e-10,1.2169129712800898e-09,1.946615006118774e-08,0.005129306731283955,2.900225799585185e-08,0.0,6.8738356192490915e-09,0.0,False,False
R,15060.0,3.2919556294430183,3.2754300525509734,3.2754300410572252,24.452104636130816,36.24984749007898,0.8251953125,0.074951171875,7.993889726801987e-08,2.439799118292285e-08,3.186499119439963e-10,1.7825220652627907e-09,6.488357951906366e-09,0.0051293066864529415,3.1262862627043075e-08,0.0,1.9851627728530465e-08,0.0,False,False
R,15080.0,3.2919556036473754,3.275430029656718,3.2754300140061368,24.45210498588863,36.249847636367846,0.8251953125,0.074951171875,8.250247431165463e-08,2.528577169869095e-08,3.0497597540994743e-10,1.615932827777939e-08,1.450075277581724e-08,0.005129306684956955,3.12628621798656e-08,0.0,1.9851627728530465e-08,0.0,False,False
R,15100.0,3.291955629877485,3.275430085245034,3.275430063132447,24.452104224005257,36.24984692878346,0.8251953125,0.074951171875,8.333214741105962e-08,2.67341988546832e-08,1.9380079337455656e-10,1.1210304066566005e-09,2.9120036440276126e-08,0.005129306726107581,4.811726369115938e-08,0.0,2.263167848836976e-08,0.0,False,False
R,15120.0,3.291955617583365,3.2754300053046563,3.275430067516547,24.452103955540807,36.249847653606494,0.8251953125,0.074951171875,1.3745858330070245e-07,2.360854978178395e-08,3.0018481621993867e-10,3.0550556292197964e-09,7.45777987722057e-09,0.005129306714894517,5.9096460576465514e-08,0.0,2.263167848836976e-08,0.0,False,False
R,15140.0,3.29195560509377,3.275430094884541,3.2754299711177666,24.452103901944003,36.2498474714209,0.8251953125,0.074951171875,1.5774073718733895e-07,2.1458561150211608e-08,3.7772681137261974e-10,2.925834965920781e-09,3.796721682262701e-08,0.005129306656434078,6.128837039421251e-08,0.0,3.147885887072065e-08,0.0,False,False
R,15160.0,3.2919556210520677,3.275430076784346,3.2754299997769203,24.4521041846647,36.249847571094186,0.8251953125,0.074951171875,7.984509396698687e-08,2.1831283447681926e-08,3.049977234178178e-10,1.977186545955514e-09,2.5686728225759066e-08,0.005129306702072992,6.128836968558266e-08,0.0,3.147885887072065e-08,0.0,False,False
R,15180.0,3.2919556108762347,3.2754300058425088,3.2754299446351043,24.452104540584326,36.24984710541209,0.8251953125,0.074951171875,1.7959981458161807e-07,2.6750626602733973e-08,4.282741019995697e-10,2.7848741810499215e-09,1.570931936988412e-08,0.005129306754650328,6.128836879348221e-08,0.0,3.147885887072065e-08,0.0,False,False
R,15200.0,3.291955664460722,3.2754300522939275,3.2754300567348804,24.452105634646237,36.249846524882926,0.8251953125,0.074951171875,1.872220274297038e-07,3.543789262039354e-08,3.797491210857788e-10,2.70915449054237e-09,2.303725303794276e-08,0.005129306676416822,7.08610644835908e-08,0.0,3.147885887072065e-08,0.0,False,False
R,15220.0,3.291955604342686,3.275430050244381,3.275429974914175,24.45210417150172,36.24984754600296,0.8251953125,0.074951171875,8.642498938981679e-08,4.287323918106267e-08,1.513973681900897e-10,9.667375522003705e-10,3.785708501704806e-10,0.00512930671093793,7.086106872371579e-08,0.0,3.758864597245653e-08,0.0,False,False
R,15240.0,3.2919556148288027,3.2754300482785084,3.275430017697454,24.45210525160386,36.24984691192055,0.8251953125,0.074951171875,8.732463704435365e-08,2.3301538476516725e-08,3.8438857894102093e-10,2.38135737381384e-09,1.195689670451585e-09,0.005129306745836299,7.086106559362979e-08,0.0,3.758864597245653e-08,0.0,False,True
R,15260.0,3.291955629867823,3.2754300593210246,3.2754300701265002,24.452104962149104,36.249847272980155,0.8251953125,0.074951171875,7.322580940551758e-08,2.4542316623410443e-08,5.499988719325047e-10,6.098135554545182e-08,7.668602158377486e-09,0.00512930669887814,7.086106643245625e-08,0.0,3.758864597245653e-08,0.0,False,True
R,15280.0,3.2919555920502956,3.275430034947135,3.2754299645309524,24.4521036184155,36.24984683289328,0.8251953125,0.074951171875,7.14374641713915e-08,1.888531642180169e-08,2.8452569150557054e-10,2.2665127122204023e-09,1.5643337582683872e-10,0.0051293067132453475,8.245633052216692e-08,0.0,3.781078344680017e-08,0.0,False,True
R,15300.0,3.2919556181127594,3.2754301051605808,3.2754300521654285,24.452105131016783,36.24984701059028,0.8251953125,0.074951171875,9.531529325752629e-08,2.768751983239781e-08,4.297060226983453e-10,2.079276135658832e-09,3.889293994230792e-08,0.005129306672279465,8.245632542143834e-08,0.0,3.873650656648108e-08,0.0,False,True
R,15320.0,3.2919556297133212,3.275430060384224,3.2754299963061633,24.452105015634945,36.24984740862701,0.8251953125,0.074951171875,5.9346115822968524e-08,2.2517781417263905e-08,3.1451863137924205e-10,1.9248127193537406e-09,2.4135236892469138e-08,0.005129306722965605,8.245632581052396e-08,0.0,3.873650656648108e-08,0.0,False,True
R,15340.0,3.2919556656025786,3.275429981814682,3.275430086354742,24.452105734540282,36.24984732010068,0.8251953125,0.074951171875,6.369068444599013e-08,2.1241191916487878e-08,5.327671236678541e-10,4.0793193445974313e-08,2.0474931938179133e-08,0.005129306701234937,8.654161755766593e-08,0.0,3.873650656648108e-08,0.0,False,True
R,15360.0,3.291955612581212,3.2754300306203277,3.2754299893681504,24.452104232780307,36.24984720215937,0.8251953125,0.074951171875,9.77916326594296e-08,1.9836704723275034e-08,3.6049097284564145e-10,2.638514147393045e-09,5.602688971535781e-09,0.005129306621904687,8.65416228727397e-08,0.0,3.873650656648108e-08,0.0,False,True
R,15380.0,3.2919556259434835,3.2754300762807134,3.275430064155174,24.452104588090886,36.24984716799747,0.8251953125,0.074951171875,9.355630451088257e-08,1.1413021638873033e-08,3.5873063814856617e-10,2.3936738782591136e-09,1.827872100106703e-08,0.005129306643889137,8.654162161521382e-08,0.0,3.873650656648108e-08,0.0,False,True
R,15400.0,3.291955648104499,3.275430062445821,3.2754301123139418,24.452104791893436,36.24984732683813,0.8251953125,0.074951171875,6.515059924897492e-08,1.737976162985433e-08,4.4244630255827594e-10,4.926889844819031e-09,8.09691097213156e-09,0.005129306759687843,8.654162089390973e-08,0.0,3.873650656648108e-08,0.0,False,True
R,15420.0,3.291955621381938,3.2754299926585873,3.275430387953691,24.452104061471054,36.2498472411541,0.8251953125,0.074951171875,4.7331938798622053e-07,3.0960040930949617e-07,3.01874173127214e-10,1.5460498993988486e-09,7.253586971683248e-09,0.005129306623296647,1.2927239736380682e-07,0.0,3.873650656648108e-08,0.0,False,True
R,15440.0,3.291955628712119,3.2754300362306594,3.2754300247004795,24.452105206834037,36.24984743395551,0.8251953125,0.074951171875,4.412512665560912e-07,3.173074105689011e-07,3.781101121217053e-10,2.33252537309094e-09,7.981816056201803e-09,0.0051293066966777556,1.2927241170043227e-07,0.0,3.873650656648108e-08,0.0,False,True
R,15460.0,3.291955659266909,3.2754300530747287,3.2754300581077436,24.452105375547003,36.2498476210622,0.8251953125,0.074951171875,6.761666906457595e-08,2.0040261006215587e-08,2.8266775102178e-10,2.408761051801117e-09,2.3329398527784993e-08,0.0051293067031398685,1.2927241038193745e-07,0.0,3.873650656648108e-08,0.0,False,True
R,15480.0,3.2919556127415133,3.2754300284640294,3.27542999723516,24.452103850224788,36.249847491068124,0.8251953125,0.074951171875,6.257336229888314e-08,2.121942088706419e-08,4.3716509544750556e-10,4.343862944878868e-09,7.136930059951402e-09,0.005129306680450605,1.2927241278441456e-07,0.0,3.873650656648108e-08,0.0,False,True
R,15500.0,3.291955639448369,3.2754300450599203,3.2754300861804366,24.45210513882005,36.24984675588955,0.8251953125,0.074951171875,6.997541079173432e-08,2.114131802954944e-08,2.812671168766661e-10,1.6385137176677214e-09,3.0660872100031965e-09,0.005129306685840423,1.2168952781338052e-07,0.0,3.582685273230472e-08,0.0,False,True
R,15520.0,3.2919556253589946,3.2754299904356685,3.275430064021389,24.452105705610006,36.24984756980342,0.8251953125,0.074951171875,6.04054562361186e-08,2.1635003122355556e-08,3.6761237802481185e-10,3.1904276068127056e-09,1.680463074340276e-08,0.005129306703555155,1.2168952863663855e-07,0.0,2.106914968246594e-08,0.0,False,True
R,15540.0,3.2919555772641718,3.2754300065741973,3.27542994432844,24.452105396870856,36.24984761055935,0.8251953125,0.074951171875,8.00014931953126e-08,3.5541631859814515e-08,3.8696384760822423e-10,3.9506397898498944e-09,5.984661314487227e-09,0.005129306707161341,1.354403112693475e-07,0.0,2.0263311317781798e-08,0.0,False,True
R,15560.0,3.291955638605796,3.2754300301030526,3.2754300656422335,24.452104365020766,36.2498480937689,0.8251953125,0.074951171875,2.3217005567367467e-07,4.9114817102235975e-08,1.6796565799277334e-10,9.092653134243357e-10,6.908475522285801e-10,0.0051293067608610176,1.354403062529748e-07,0.0,2.2638550975556413e-08,0.0,False,True
R,15580.0,3.2919556240194003,3.275430033715793,3.275430003871076,24.45210496080497,36.249847208176895,0.8251953125,0.074951171875,2.4472557433245824e-07,4.7374442146974616e-08,3.1272809014386474e-10,1.8747881686631217e-09,2.1509155322648938e-10,0.005129306636639416,1.3544030880723622e-07,0.0,2.3114306974558505e-08,0.0,False,True
R,15600.0,3.2919556010752435,3.2754300662047626,3.2754300856988037,24.45210545505225,36.24984789026791,0.8251953125,0.074951171875,7.250918340213038e-08,2.2910398911335506e-08,1.8298811731355783e-10,1.8592758882703342e-09,1.049738401479975e-09,0.005129306756395059,1.3544030542362783e-07,0.0,2.3114306974558505e-08,0.0,False,True
R,15620.0,3.2919555688624778,3.275430045988969,3.275429924420215,24.45210369269737,36.249846825140935,0.8251953125,0.074951171875,7.754073310721945e-08,3.666752945719054e-08,3.28535084728832e-10,2.584672564565092e-09,3.224117201706247e-10,0.005129306710966639,1.4151836148021633e-07,0.0,2.3114306974558505e-08,0.0,False,True
R,15640.0,3.29195562441036,3.2754300619643573,3.275430025162689,24.452104384568813,36.24984771452674,0.8251953125,0.074951171875,5.160907187498286e-08,3.0203466394596035e-08,2.3931309437740174e-10,1.6384323684480242e-09,1.0758256777205445e-08,0.005129306719943158,8.232062987867227e-08,0.0,2.3114306974558505e-08,0.0,False,True
R,15660.0,3.291955659810172,3.2754300311514726,3.275430028194694,24.45210379323216,36.24984749617545,0.8251953125,0.074951171875,8.880392360870476e-08,2.4102916995616397e-08,3.8638894291873934e-10,3.5693521858190908e-09,1.2876962503081238e-08,0.005129306619008205,8.232063186947053e-08,0.0,2.3114306974558505e-08,0.0,False,True
R,15680.0,3.291955592104349,3.2754300458930174,3.275430017244841,24.452105368688887,36.24984736948506,0.8251953125,0.074951171875,1.003786367275244e-07,3.863738129439298e-08,1.3047193645949588e-10,6.799747031939335e-10,2.2172408903692833e-08,0.005129306670735043,8.23206265655267e-08,0.0,2.1957317350466345e-08,0.0,False,True
R,15700.0,3.2919556309792553,3.2754300316248646,3.2754299367221904,24.452103498978765,36.249846835720206,0.8251953125,0.074951171875,8.106359764498856e-08,3.55081510861055e-08,4.11027899531478e-10,3.2160509636321873e-09,8.111488754533428e-09,0.005129306590886272,9.024300263124773e-08,0.0,2.1957317350466345e-08,0.0,False,True
R,15720.0,3.291955655644544,3.2754300765477637,3.275429994503641,24.452104715292602,36.24984694771678,0.8251953125,0.074951171875,8.190325900500034e-08,3.0417879770539e-08,3.9098524397767376e-10,2.453052689415755e-09,2.41540143321165e-08,0.0051293066059254055,9.024299814231666e-08,0.0,2.3938922778890012e-08,0.0,False,True
R,15740.0,3.2919556267908976,3.275430066024569,3.2754300839669623,24.452104647679143,36.249847228039776,0.8251953125,0.074951171875,8.823081008768034e-08,2.1339474187698215e-08,3.965327535092231e-10,1.8498065029485696e-09,5.58307833698211e-09,0.00512930667721306,7.999611953580618e-08,0.0,2.3938922778890012e-08,0.0,False,True
R,15760.0,3.291955632351093,3.275430007266664,3.2754300056078036,24.452104498613707,36.249847566074,0.8251953125,0.074951171875,6.884176824076211e-08,1.6126591617648955e-08,3.957586655157458e-10,3.4964435764083592e-09,1.7867419635281386e-08,0.005129306673333805,7.999612002348021e-08,0.0,2.3938922778890012e-08,0.0,False,True
R,15780.0,3.2919556328917388,3.2754300641798864,3.2754300430207137,24.452103486289403,36.24984693940819,0.8251953125,0.074951171875,8.71098471396252e-08,1.9152082586515462e-08,3.4290565428373194e-10,1.6365819178767285e-09,2.3325545751779752e-08,0.005129306810381119,8.051507101838432e-08,0.0,2.3938922778890012e-08,0.0,False,True
R,15800.0,3.2919555786530754,3.275430037162664,3.275429942160107,24.452104620517474,36.24984708616936,0.8251953125,0.074951171875,8.20419517907896e-08,2.7198836960451445e-08,2.5410593884566415e-10,2.036865729344638e-09,2.902607919106491e-09,0.005129306616649488,8.051506728363611e-08,0.0,2.3831602611945875e-08,0.0,False,True
R,15820.0,3.291955590316973,3.275430095519937,3.2754295430901004,24.4521047589739,36.24984742279941,0.8251953125,0.074951171875,5.702175405994829e-07,3.771350520764827e-07,2.0994774091119179e-10,1.2432406978648973e-09,3.4377752808326975e-08,0.005129306680348668,1.6513158193443287e-07,0.0,3.405534108815635e-08,0.0,False,True
R,15840.0,3.291955636474011,3.275430114970618,3.2754299834075753,24.452105704428554,36.24984708335419,0.8251953125,0.074951171875,4.1887992237038176e-07,2.9080985086693545e-07,3.1425130449964775e-10,1.951734421507679e-09,3.9457724367376466e-08,0.005129306653082976,1.651315597357226e-07,0.0,3.6555116448269975e-08,0.0,False,True
R,15860.0,3.29195563989435,3.2754300929087776,3.275430086159742,24.452104206783122,36.249847679544594,0.8251953125,0.074951171875,1.5558060202132165e-07,9.999945405070321e-08,3.296670722982938e-10,1.8038568156832539e-09,2.328285350074495e-08,0.005129306701635434,1.658010177031528e-07,0.0,3.6555116448269975e-08,0.0,False,True
R,15880.0,3.291955611227948,3.275430066459876,3.2754300155801435,24.45210469039743,36.249847785899725,0.8251953125,0.074951171875,8.242093960079106e-08,2.5536735392961418e-08,3.4600801630981276e-10,1.3954955559307372e-09,2.2716819624648844e-08,0.005129306705597013,1.6580102127586517e-07,0.0,3.6555116448269975e-08,0.0,False,True
R,15900.0,3.291955641901686,3.2754300092187805,3.2754299852822713,24.452104841781953,36.24984772753175,0.8251953125,0.074951171875,6.527361255394336e-08,2.7923363177251304e-08,2.982139389176252e-10,1.3925839019480943e-09,1.498896917456413e-08,0.005129306720201434,1.6580102280953196e-07,0.0,3.6555116448269975e-08,0.0,False,True
R,15920.0,3.2919556112806916,3.2754299676538494,3.275429909627167,24.452103607575726,36.24984722925726,0.8251953125,0.074951171875,1.0360673383621281e-07,6.592620138690108e-08,1.6716922624260032e-10,9.141815147759122e-10,3.794406596622054e-08,0.00512930664725477,1.6580102663916471e-07,0.0,3.6555116448269975e-08,0.0,False,True
R,15940.0,3.291955671476572,3.275430028032929,3.2754302101854145,24.452105521594817,36.249847844873706,0.8251953125,0.074951171875,9.802327973058177e-08,1.1321372994643752e-07,4.0599499589723654e-10,2.6266018004827436e-09,1.0351155249389081e-08,0.005129306742209045,2.0366647166691865e-07,0.0,3.6555116448269975e-08,0.0,False,True
R,15960.0,3.291955603970417,3.275430031295741,3.275429980597836,24.452103969255198,36.24984731489559,0.8251953125,0.074951171875,8.826941984645415e-08,8.935222695072298e-08,2.994704364268396e-10,1.5755002169729869e-09,1.802777499213259e-08,0.005129306632483055,2.036664859426908e-07,0.0,3.6555116448269975e-08,0.0,False,True
R,15980.0,3.2919556160482557,3.2754300298749968,3.275430053610767,24.452104618642576,36.24984735272477,0.8251953125,0.074951171875,1.84561119995046e-07,9.363031949760625e-08,2.2531784661495457e-10,1.9237003921883602e-09,3.0321765543053527e-10,0.005129306717212288,2.0366648140274129e-07,0.0,3.915450671194593e-08,0.0,False,True
R,16000.0,3.2919556740861493,3.2754300117669573,3.2754301468256926,24.45210509957215,36.24984794432417,0.8251953125,0.074951171875,1.823697522517806e-07,3.9030851439747494e-08,3.018386233933871e-10,1.206292318669381e-09,3.76186346993827e-09,0.0051293067484834915,2.036664756066305e-07,0.0,3.915450671194593e-08,0.0,False,True
R,16020.0,3.2919556266221126,3.2754300130785623,3.275429989165617,24.452104707677602,36.249847578485976,0.8251953125,0.074951171875,9.11764330272208e-08,3.188387154295924e-08,4.769654584380192e-10,5.099941271258994e-08,2.500434982808119e-10,0.0051293066917550804,2.0366648540994553e-07,0.0,3.9207680869095654e-08,0.0,False,True
R,16040.0,3.2919556820351006,3.2754300945758814,3.2754301658981695,24.45210337487412,36.2498469498073,0.8251953125,0.074951171875,1.0528001734743035e-07,3.19625428346626e-08,3.612437785020723e-10,3.7116327154134486e-09,4.203923981649779e-08,0.005129306703266513,9.527010409229377e-08,0.0,4.178919631821698e-08,0.0,False,True
R,16060.0,3.2919556214911885,3.2754300384364115,3.2754300167738393,24.452104706590983,36.24984729596569,0.8251953125,0.074951171875,1.0169579627327312e-07,2.5056749564100755e-08,2.1208633816402103e-10,1.3003807374318732e-09,3.24362365150733e-09,0.005129306615694527,9.176146218488445e-08,0.0,4.178919631821698e-08,0.0,False,True
R,16080.0,3.29195562248984,3.2754300624604866,3.2754300018135267,24.452103366750325,36.24984710678643,0.8251953125,0.074951171875,8.370875060814315e-08,1.4376496437762398e-08,1.7956991688472414e-10,1.107305007546794e-09,2.2828096411462857e-09,0.005129306656614656,9.176146260399894e-08,0.0,4.178919631821698e-08,0.0,False,True
R,16100.0,3.2919556015320484,3.2754299955286115,3.2754299195031384,24.452104944355977,36.24984757614445,0.8251953125,0.074951171875,6.615374617171705e-08,2.789437303363229e-08,2.7405015180469173e-10,1.9792583983854675e-09,1.820774125259709e-08,0.00512930672044609,9.176146490993184e-08,0.0,4.178919631821698e-08,0.0,False,True
R,16120.0,3.291955646386888,3.2754300485108843,3.2754301477919108,24.45210499346143,36.249847745017625,0.8251953125,0.074951171875,1.7655256555669826e-07,3.289704864073428e-08,3.0382044650942477e-10,1.456494260541703e-09,1.2913441573823116e-08,0.0051293067070418705,9.176145851440171e-08,0.0,4.178919631821698e-08,0.0,False,True
R,16140.0,3.2919555634486746,3.2754300288546574,3.275429911152999,24.4521032688001,36.24984723958219,0.8251953125,0.074951171875,2.827481308659715e-07,3.214358912373427e-08,3.500359904512922e-10,1.9003334482314093e-09,2.0661180030842498e-08,0.005129306622382479,9.213091775597553e-08,0.0,4.178919631821698e-08,0.0,False,True
R,16160.0,3.291955627496946,3.275430050225623,3.2754300678565613,24.452105981365378,36.24984715037913,0.8251953125,0.074951171875,9.384340377591207e-08,2.476804183970671e-08,3.0688020209678383e-10,1.8634959175865865e-09,1.460994713897844e-08,0.005129306724617625,1.1093380989205108e-07,0.0,4.178919631821698e-08,0.0,False,True
R,16180.0,3.2919556432748935,3.2754300247254378,3.275430050451997,24.45210438850299,36.24984808359986,0.8251953125,0.074951171875,6.975621517487288e-08,2.2835820345790125e-08,1.575115799749549e-10,9.3150968248896e-10,2.469405148475679e-09,0.00512930675993136,1.1093381711851677e-07,0.0,4.178919631821698e-08,0.0,False,True
R,16200.0,3.2919556424288148,3.2754301027121073,3.2754300535158407,24.452104483831516,36.24984752825603,0.8251953125,0.074951171875,6.991955285316472e-08,2.8684496555797523e-08,2.7821169321245124e-10,2.751706807303785e-09,3.464070797392115e-08,0.005129306723612926,1.1093381668603222e-07,0.0,4.178919631821698e-08,0.0,False,True
R,16220.0,3.2919555934981433,3.275430023994204,3.275429988130085,24.452104340526624,36.24984721548935,0.8251953125,0.074951171875,1.0384646350563866e-07,2.4834378109517274e-08,2.585858116273077e-10,1.3517901778360067e-09,1.6272958412563788e-08,0.005129306657676027,1.1093381733617498e-07,0.0,4.178919631821698e-08,0.0,False,True
R,16240.0,3.2919556246925676,3.2754300729158103,3.2754300467892947,24.452104227653113,36.24984715405429,0.8251953125,0.074951171875,7.48170120352333e-08,2.328084747205139e-08,3.487975595046858e-10,2.1839981633816905e-09,1.2904208888739722e-08,0.005129306694586711,1.1093381784825727e-07,0.0,3.9756430175351504e-08,0.0,False,True
R,16260.0,3.2919556025660905,3.2754301281352127,3.27543002425379,24.452105709918364,36.24984829505352,0.8251953125,0.074951171875,8.169138046973339e-08,2.168815171899041e-08,3.4709659797011255e-10,2.2345777064029376e-09,2.6184871112168766e-08,0.005129306798034791,1.1093381112354632e-07,0.0,3.2357898332774865e-08,0.0,False,True
R,16280.0,3.291955608742486,3.2754300193136032,3.2754300493150463,24.45210373998067,36.24984747565279,0.8251953125,0.074951171875,8.915851623308796e-08,1.7437287169741467e-08,4.3891564338011205e-10,3.6960716755615954e-09,1.0753952887977611e-08,0.00512930673134418,1.109338200607199e-07,0.0,3.2357898332774865e-08,0.0,False,True
R,16300.0,3.2919556274196795,3.2754300174548234,3.2754300288019835,24.45210457759922,36.24984762983862,0.8251953125,0.074951171875,1.0665506957840947e-07,1.9354217783984495e-08,1.9116829025339797e-10,1.2122398104010568e-09,5.580232252187007e-09,0.005129306675490588,1.109338162606288e-07,0.0,3.217130282544547e-08,0.0,False,True
R,16320.0,3.291955647662606,3.275430021373495,3.2754300040889524,24.452104174041285,36.24984688205712,0.8251953125,0.074951171875,1.110889843227824e-07,2.555452738306485e-08,3.004457362515415e-10,1.5517457919142142e-09,1.0047312748469149e-08,0.005129306649093853,1.1093381809148235e-07,0.0,3.217130282544547e-08,0.0,False,True
R,16340.0,3.2919556755418546,3.275430061192651,3.2754301413881146,24.452105111619968,36.24984758918444,0.8251953125,0.074951171875,9.790031112351477e-08,3.219810196242179e-08,3.1760023517875237e-10,2.098824937007924e-09,1.679359320683343e-08,0.005129306705933805,1.1093381383789426e-07,0.0,3.217130282544547e-08,0.0,False,True
R,16360.0,3.2919556545236532,3.2754300636204334,3.275430108657737,24.452105242617954,36.249847858233124,0.8251953125,0.074951171875,8.457856414333972e-08,2.061949544440722e-08,1.455938412237784e-10,9.644221750716243e-10,2.3417246883996234e-08,0.005129306745984884,9.166428346522184e-08,0.0,3.217130282544547e-08,0.0,False,True
R,16380.0,3.291955611524854,3.2754300739823066,3.275429933714826,24.452105078636695,36.249847831121315,0.8251953125,0.074951171875,6.87317029247571e-08,2.0926734123349888e-08,3.2903137875807583e-10,1.753395867821888e-09,1.5421026495484292e-08,0.005129306748533246,8.056311249056006e-08,0.0,3.217130282544547e-08,0.0,False,True
R,16400.0,3.291955620007125,3.275430072852032,3.2754300514514556,24.452103744588975,36.24984737673915,0.8251953125,0.074951171875,1.3364351428381788e-07,2.1912057945883134e-08,2.1655305075451446e-10,1.0777942842977533e-09,1.6860303808224645e-08,0.005129306795784608,8.056311688588888e-08,0.0,2.9060475721734142e-08,0.0,False,True
R,16420.0,3.291955643145525,3.2754299952853216,3.2754299881067905,24.452104673888655,36.24984728174754,0.8251953125,0.074951171875,8.472531228731788e-08,1.6768694877100643e-08,2.0364800970680101e-10,1.383314473606399e-09,2.0276847703009554e-08,0.005129306659813009,8.056311382409605e-08,0.0,2.060463885998176e-08,0.0,False,True
R,16440.0,3.291955620951334,3.2754300050204392,3.275429991612672,24.4521055451196,36.249847178815564,0.8251953125,0.074951171875,6.262403294605658e-08,1.7312117961409967e-08,2.005537795084473e-10,1.1270811105364547e-09,2.9607558637958926e-08,0.005129306637803723,8.056311095362432e-08,0.0,2.4027326385771917e-08,0.0,False,True
R,16460.0,3.29195556926228,3.2754300066605992,3.2754299922763828,24.452104516551593,36.2498473099659,0.8251953125,0.074951171875,9.821569086390711e-08,2.404465249128407e-08,3.684024551917044e-10,2.0409586260900114e-09,1.0093336901883903e-08,0.0051293066762241055,8.05631143424794e-08,0.0,2.4027326385771917e-08,0.0,False,True
R,16480.0,3.2919556211259855,3.275430053766968,3.275430047956451,24.452104900615648,36.249848012112366,0.8251953125,0.074951171875,3.161289533946224e-07,5.1587505822681123e-08,2.75406708028976e-10,1.5316714185458753e-09,5.4790208038729024e-09,0.005129306762789286,7.382345758525498e-08,0.0,2.4128537834086024e-08,0.0,False,True
R,16500.0,3.291955600635529,3.2754301009648543,3.275430033811565,24.45210246119096,36.249846434883324,0.8251953125,0.074951171875,2.422589156484744e-07,2.8418128295015777e-08,2.672476292145682e-10,1.4324124636085227e-09,3.3572990314577504e-08,0.005129306736121801,1.261212055062999e-07,0.0,2.8093969510704602e-08,0.0,False,True
R,16520.0,3.291955684350901,3.2754301335755827,3.2754298855770276,24.452105925753038,36.24984793535225,0.8251953125,0.074951171875,3.6754731117111634e-07,2.5004391090988065e-07,2.7101085268284207e-10,1.321977790063769e-09,4.8915921505016254e-08,0.0051293067599029836,1.4168767662574967e-07,0.0,4.343690070114335e-08,0.0,False,True
R,16540.0,3.2919556403645136,3.2754301216324393,3.275430041497624,24.45210432430474,36.24984764216179,0.8251953125,0.074951171875,3.615676580912529e-07,2.4790534780549933e-07,4.327842676497477e-10,2.3983188878776025e-09,6.167338143602042e-08,0.005129306737651339,1.4168768590533908e-07,0.0,5.6194360632147514e-08,0.0,False,True
R,16560.0,3.291955639560114,3.275430024199295,3.2754300773180316,24.45210487938611,36.2498470639911,0.8251953125,0.074951171875,8.456011360042122e-08,2.4060625491983956e-08,3.347233247229808e-10,1.7383469849410783e-09,1.122991724610757e-08,0.005129306696591067,1.416876826889209e-07,0.0,5.6194360632147514e-08,0.0,False,True
R,16580.0,3.2919556331849247,3.275429986268705,3.27543000070725,24.452104168788765,36.24984720057296,0.8251953125,0.074951171875,7.741839791115682e-08,2.4320740976691013e-08,4.140995764197175e-10,1.9563337236126166e-09,2.9380805040156476e-08,0.005129306632730416,1.416876868064762e-07,0.0,5.6194360632147514e-08,0.0,False,True
R,16600.0,3.2919556573386086,3.275430047708255,3.275430090406585,24.452105769658377,36.249847460893,0.8251953125,0.074951171875,7.0890098243927e-08,1.8072341845254414e-08,1.80472004057053e-10,8.662328190125092e-10,3.3074187483129293e-09,0.005129306670721415,1.4168767753023986e-07,0.0,5.836596268770749e-08,0.0,False,True
R,16620.0,3.2919556657535693,3.275430000105871,3.275430126490374,24.452105378704502,36.249846968049184,0.8251953125,0.074951171875,8.933012411231532e-08,2.431499979138607e-08,1.73463942887167e-10,9.758535091991194e-10,2.2040410961721158e-08,0.00512930662144269,1.4168767979562135e-07,0.0,5.836596268770749e-08,0.0,False,True
R,16640.0,3.2919556380387274,3.275430038673335,3.275430006388472,24.452104873278135,36.24984790954174,0.8251953125,0.074951171875,8.182458229614426e-08,3.029595063708257e-08,4.099852117086839e-10,3.102598029668124e-09,2.0385625606016844e-09,0.005129306718620844,1.4168768272431357e-07,0.0,5.963481887541873e-08,0.0,False,True
R,16660.0,3.2919556611131338,3.2754300143915316,3.2754301153181817,24.45210375708862,36.24984792414991,0.8251953125,0.074951171875,4.9405883645276997e-08,1.8985019778483547e-08,3.6315891717471583e-10,2.190012348755369e-09,2.9611272896349505e-09,0.005129306724572667,1.4168768919207224e-07,0.0,5.963481887541873e-08,0.0,False,True
R,16680.0,3.291955584112196,3.2754300451724703,3.2754300850573186,24.452106056392815,36.24984771831981,0.8251953125,0.074951171875,9.57155384357493e-08,2.0647689780162182e-08,1.9253771590140748e-10,1.282777969178482e-09,9.828056047528514e-09,0.0051293067169351165,1.4703035580106341e-07,0.0,5.963481887541873e-08,0.0,False,True
R,16700.0,3.2919556501415017,3.2754300597088104,3.2754300670301335,24.452105140234288,36.249847512194414,0.8251953125,0.074951171875,1.1326027939407623e-07,3.339431486892863e-08,1.840153688232818e-10,1.1283146534149854e-09,1.3981783960543364e-08,0.005129306810648442,1.4703036130991893e-07,0.0,5.963481887541873e-08,0.0,False,True
R,16720.0,3.2919555655559423,3.275430021441707,3.2754298732469955,24.452103297982926,36.24984705895493,0.8251953125,0.074951171875,1.035303083802193e-07,2.9274190183059545e-08,3.996111110539557e-10,1.956227655283564e-09,8.490684463921148e-09,0.0051293067276738605,1.1280869602277017e-07,0.0,5.963481887541873e-08,0.0,False,True
R,16740.0,3.2919556520176094,3.275430020166823,3.275429978401395,24.45210442343422,36.24984827137707,0.8251953125,0.074951171875,1.5864852368118167e-07,2.3844165752962e-08,1.796527840684372e-10,1.8416655693604831e-09,1.5422241456169223e-09,0.005129306804117072,1.128086908305507e-07,0.0,6.01311572904035e-08,0.0,False,True
R,16760.0,3.2919556185118557,3.275430032426243,3.2754300315534484,24.45210509820583,36.249847517130206,0.8251953125,0.074951171875,9.760522073784972e-08,2.0299580683058593e-08,2.4547368192702243e-10,3.619980682142116e-09,1.916282823651844e-10,0.0051293067994223,1.1280868771752212e-07,0.0,2.918917675779129e-08,0.0,False,True
R,16780.0,3.2919556443175595,3.275430057550466,3.275430002555098,24.45210540164875,36.24984746977816,0.8251953125,0.074951171875,9.038844394820616e-08,1.92083007277688e-08,3.3313748413715665e-10,1.7148062405301762e-09,3.5766216023469956e-09,0.0051293067012750555,1.1280868631760186e-07,0.0,2.918917675779129e-08,0.0,False,True
R,16800.0,3.29195566989331,3.275430037647311,3.2754300961189102,24.45210486716433,36.249847040778626,0.8251953125,0.074951171875,8.411657798138876e-08,2.741245452853036e-08,2.709727961583315e-10,1.7388527368553706e-09,3.4181751152802634e-09,0.00512930674749549,1.1280868878342171e-07,0.0,2.1848782679355972e-08,0.0,False,True
R,16820.0,3.2919556489852866,3.2754300122029463,3.275430038466931,24.45210385924576,36.24984820656816,0.8251953125,0.074951171875,8.956660248220278e-08,2.7713610961654922e-08,2.3584110827400257e-10,1.5857203853608056e-09,2.442061389898988e-08,0.00512930675471385,1.12808693433409e-07,0.0,2.4228985616624693e-08,0.0,False,True
R,16840.0,3.2919556440903786,3.2754300880311575,3.2754300824792564,24.452104276006832,36.24984668282057,0.8251953125,0.074951171875,9.456539486945035e-08,1.9305616660858504e-08,3.064808188661331e-10,1.6064384631590237e-09,9.16997374670487e-09,0.005129306716502785,1.1280869151070036e-07,0.0,2.4228985616624693e-08,0.0,False,True
R,16860.0,3.2919556288905913,3.2754300213870238,3.275430061726678,24.452104367102883,36.249847268842565,0.8251953125,0.074951171875,7.308939492770069e-08,1.9168567177985096e-08,5.361503476713021e-10,4.936217493362438e-08,1.8062275772961483e-08,0.005129306636924382,1.128086910904328e-07,0.0,2.4228985616624693e-08,0.0,False,True
R,16880.0,3.291955673734651,3.2754299997135377,3.2754302012086693,24.452104609307025,36.24984710268587,0.8251953125,0.074951171875,8.665194692663506e-08,6.874017799418652e-08,2.129373269467532e-10,1.7107305534256044e-09,2.368162509479388e-08,0.005129306707213534,1.1280868997303483e-07,0.0,2.4228985616624693e-08,0.0,False,True
R,16900.0,3.2919556139113917,3.2754300631013393,3.2754301226004103,24.45210612434107,36.24984704376074,0.8251953125,0.074951171875,8.249487368880518e-08,7.460272399839596e-08,4.3065466234966364e-10,1.572769964681151e-09,2.2085081482308843e-08,0.0051293067173132315,1.1558751342261303e-07,0.0,2.4228985616624693e-08,0.0,False,True
R,16920.0,3.2919556464176307,3.275430020094973,3.2754300745594676,24.452105126941426,36.24984741964495,0.8251953125,0.074951171875,6.812224240367897e-08,2.2462131710199174e-08,4.2555758795226114e-10,2.48641930887811e-09,3.735762320855897e-09,0.005129306679531125,1.1558751813741956e-07,0.0,2.4228985616624693e-08,0.0,False,True
R,16940.0,3.291955631658799,3.2754300478994764,3.275430002827652,24.452104229653607,36.24984733161889,0.8251953125,0.074951171875,6.79872432766884e-08,1.970562379938201e-08,3.5682059617401473e-10,1.3700583372774742e-09,1.374062601096978e-08,0.005129306678071824,9.26339627069297e-08,0.0,2.4228985616624693e-08,0.0,False,True
R,16960.0,3.2919556333431332,3.275430046176325,3.275430043525365,24.452104091803836,36.24984653804997,0.8251953125,0.074951171875,7.038306241624903e-08,2.1995958832121687e-08,3.9050802497633997e-10,3.339057068665919e-09,1.646871722059894e-08,0.005129306627680803,9.263396322915758e-08,0.0,2.4228985616624693e-08,0.0,False,True
R,16980.0,3.29195562068627,3.275430032888721,3.27543008769819,24.452105818880497,36.249847266508276,0.8251953125,0.074951171875,1.514779445259043e-07,5.7759280025493354e-08,2.1792708450489565e-10,3.1962932592840148e-09,7.70917695955454e-09,0.005129306671107656,9.263395668632823e-08,0.0,2.1002438783709617e-08,0.0,False,True
R,17000.0,3.291955585504778,3.2754300161308265,3.275429981850429,24.452103718791435,36.24984774271705,0.8251953125,0.074951171875,1.505403079451556e-07,8.035738119360758e-08,2.4863877528077183e-10,3.0771252006140425e-09,1.5444281546860263e-08,0.005129306758452126,9.837802360418157e-08,0.0,2.1002438783709617e-08,0.0,False,True
R,17020.0,3.291955573231639,3.27543005173618,3.2754299861962863,24.452104765807473,36.24984660271667,0.8251953125,0.074951171875,6.411326997779195e-08,2.48629135057854e-08,3.1278838279871564e-10,2.10746536258824e-09,1.604856497713119e-08,0.005129306663405708,9.83780193917275e-08,0.0,2.0684851578133982e-08,0.0,False,True
R,17040.0,3.2919556462126516,3.2754300309245536,3.2754300614195335,24.45210549027027,36.24984706824828,0.8251953125,0.074951171875,1.1907453522976301e-07,2.4806183773762314e-08,4.0849003546022825e-10,2.9217000239337983e-08,1.1761797649383215e-08,0.0051293066419096705,9.837801647700037e-08,0.0,1.9945862773937982e-08,0.0,False,True
R,17060.0,3.2919556216665584,3.2754300473125113,3.2754300480653655,24.45210490426148,36.24984742162476,0.8251953125,0.074951171875,1.2183024946861095e-07,3.490259814498131e-08,3.0528898858597293e-10,1.9712330387396517e-09,8.03516366812628e-09,0.005129306663619486,9.837801883468625e-08,0.0,1.9945862773937982e-08,0.0,False,True
R,17080.0,3.2919556251444013,3.2754300545152546,3.2754301104724197,24.452104425309418,36.24984763987907,0.8251953125,0.074951171875,1.371204266725521e-07,3.123307124042185e-08,3.973824964041517e-10,2.6987177454593542e-09,8.321547515040878e-09,0.005129306752357137,9.837802076165147e-08,0.0,1.9945862773937982e-08,0.0,False,True
R,17100.0,3.291955651638661,3.2754300591866468,3.2754300436317263,24.452104745811322,36.24984739945608,0.8251953125,0.074951171875,7.881412696619606e-08,2.699385959203937e-08,2.8112587761413074e-10,1.2596349567667639e-09,4.595399597385686e-09,0.005129306679846461,9.837801947217789e-08,0.0,1.8349319161452947e-08,0.0,False,True
R,17120.0,3.2919556543200326,3.2754300605857907,3.275430049679157,24.452104777041225,36.24984672889819,0.8251953125,0.074951171875,8.632956875197847e-08,1.7997706436290173e-08,4.2191915449630453e-10,2.815902189100889e-09,5.974144430497588e-09,0.005129306741693748,8.588581971981635e-08,0.0,1.2732954899743044e-08,0.0,False,True
R,17140.0,3.2919556365438862,3.2754300197196926,3.275429977898202,24.452104318260556,36.249847874960075,0.8251953125,0.074951171875,7.130771617144259e-08,3.036473117390415e-08,1.6722951594779447e-10,8.302564755798989e-10,1.0391660548707762e-08,0.005129306723059602,8.588582133124223e-08,0.0,1.1873317623213254e-08,0.0,False,True
R,17160.0,3.29195568231226,3.275430106263684,3.275430064898797,24.452104679575793,36.249847513683555,0.8251953125,0.074951171875,8.481696505862105e-08,2.1967593966110144e-08,4.111953645630335e-10,2.215662848694333e-09,3.023728364056509e-08,0.005129306723875659,8.588582006215491e-08,0.0,2.5641884043179402e-08,0.0,False,True
R,17180.0,3.2919556060199353,3.275430115156155,3.2754300248073016,24.452105068881046,36.249846889015686,0.8251953125,0.074951171875,9.687871247292126e-08,3.3085598261095583e-08,4.581378606572932e-10,5.4790695430271213e-08,3.556646578418626e-08,0.005129306671250695,8.588581869475522e-08,0.0,3.097106618680058e-08,0.0,False,True
R,17200.0,3.2919556562911696,3.2754300816070554,3.275430090309712,24.452104500891828,36.24984737788826,0.8251953125,0.074951171875,1.0304385603880812e-07,2.6167754185735248e-08,2.690849765723884e-10,1.5855395484324701e-09,3.267510387546445e-08,0.0051293068126223315,7.244688634293031e-08,0.0,3.097106618680058e-08,0.0,False,True
R,17220.0,3.2919556635914433,3.2754300632160493,3.275430039725519,24.45210485348708,36.249847300376786,0.8251953125,0.074951171875,1.0602484141500306e-07,2.7388693979446543e-08,4.195701719316994e-10,2.0689777209491747e-09,1.2692657688976521e-08,0.0051293066594067125,4.793083136155883e-08,0.0,3.097106618680058e-08,0.0,False,True
R,17240.0,3.291955666035166,3.2754300835194954,3.275430068477647,24.45210409066272,36.24984757326926,0.8251953125,0.074951171875,1.5445899524360999e-07,5.2174982556607574e-08,2.2219545401092115e-10,1.0790622570198595e-09,6.207944080321031e-09,0.005129306690569037,5.7238736856498463e-08,0.0,3.097106618680058e-08,0.0,False,True
R,17260.0,3.2919555807257534,3.275430033009343,3.275429991455913,24.452104398607204,36.249847773689616,0.8251953125,0.074951171875,2.2247048849656267e-07,3.504021606204333e-08,2.9909052324388973e-10,1.2310369202027735e-09,1.3609877156211162e-08,0.005129306701008359,4.047536298189884e-08,0.0,3.097106618680058e-08,0.0,False,True
R,17280.0,3.291955615002481,3.2754299928660657,3.2754300485824372,24.452105178032557,36.24984732224815,0.8251953125,0.074951171875,1.3144986436051854e-07,6.368145477608778e-08,2.1934405360063264e-10,1.5816240407042955e-09,1.658093135146869e-08,0.0051293067463563675,4.4469375160048917e-08,0.0,3.097106618680058e-08,0.0,False,True
R,17300.0,3.291955568905677,3.2754300234240645,3.2754300097765623,24.45210598400847,36.24984696731816,0.8251953125,0.074951171875,7.233391795758039e-08,1.714494146654033e-08,4.073020206475765e-10,2.9172529597393537e-09,1.2478433855407722e-08,0.005129306756240063,7.743078455661767e-08,0.0,3.097106618680058e-08,0.0,False,True
R,17320.0,3.291955625188425,3.2754300088670334,3.2754300393297413,24.452104003929787,36.24984762879462,0.8251953125,0.074951171875,6.690599651288368e-08,2.2442065983341308e-08,3.206442567445076e-10,1.5282034086289447e-09,1.239037722733641e-08,0.00512930674161892,8.097784477085179e-08,0.0,2.9592321353688673e-08,0.0,False,True
R,17340.0,3.291955639432772,3.2754300241364263,3.2754299237350937,24.452104862883694,36.249847174624776,0.8251953125,0.074951171875,1.1260170651044515e-07,2.889322558985441e-08,1.674747290550433e-10,1.3761494453718265e-09,6.1666752144791404e-09,0.005129306654308963,8.097784192626084e-08,0.0,2.939979056970712e-08,0.0,False,True
R,17360.0,3.291955620094491,3.2754300986744056,3.2754300725243564,24.45210490583728,36.249847059255885,0.8251953125,0.074951171875,1.1834460004218884e-07,2.9575744520116132e-08,3.327555827976319e-10,2.6083072395349584e-09,1.6741460125854688e-08,0.0051293067208158585,8.097784178401178e-08,0.0,2.939979056970712e-08,0.0,False,True
R,17380.0,3.2919556008490622,3.2754300552841187,3.2754300256065996,24.45210444016308,36.24984773989541,0.8251953125,0.074951171875,9.713857420987805e-08,1.8506455035094405e-08,2.4233846716796863e-10,2.3833927681134443e-09,1.4467952675370483e-08,0.005129306700352693,8.097784332618138e-08,0.0,2.939979056970712e-08,0.0,False,True
R,17400.0,3.291955634238028,3.275429970742266,3.2754300165930648,24.452104034555255,36.24984796384185,0.8251953125,0.074951171875,7.636543757504285e-08,3.486962896204204e-08,3.41059555985772e-10,2.0648468595267026e-09,1.5558647852605068e-08,0.005129306767701793,8.097784466942966e-08,0.0,2.650842866098531e-08,0.0,False,True
R,17420.0,3.2919556346067576,3.2754301080780124,3.2754295427226734,24.45210554084955,36.24984689310807,0.8251953125,0.074951171875,4.865596850137011e-07,3.297701027804578e-07,4.272322490124384e-10,3.02671787088304e-09,5.061829330672828e-08,0.005129306662992838,1.6175029139192807e-07,0.0,4.445161809224914e-08,0.0,False,True
R,17440.0,3.29195561500144,3.275430045305143,3.2754300932839384,24.452104511950264,36.24984757350972,0.8251953125,0.074951171875,6.046437177688093e-07,4.1577158071959275e-07,4.096094886404193e-10,2.0396652635742303e-09,6.581621039694581e-09,0.005129306707834342,1.6808823554237957e-07,0.0,4.445161809224914e-08,0.0,False,True
R,17460.0,3.2919555648212726,3.2754300508254346,3.2754298972908598,24.452103807409404,36.24984695038921,0.8251953125,0.074951171875,1.3466260159707458e-07,1.3723348502026056e-07,3.638170776424361e-10,2.350245049338604e-09,6.727641665222776e-09,0.0051293066616565144,1.6808824560033585e-07,0.0,4.445161809224914e-08,0.0,False,True
R,17480.0,3.2919555905847235,3.2754299894731957,3.2754299877227107,24.452104524649112,36.24984759231223,0.8251953125,0.074951171875,9.91662447576321e-08,6.290508736128686e-08,3.034951739999401e-10,1.779826515906491e-09,3.143994996375213e-08,0.005129306672630296,1.680882409595616e-07,0.0,4.445161809224914e-08,0.0,False,True
R,17500.0,3.291955582471937,3.275430046409042,3.275429922816196,24.452104157080335,36.24984736503175,0.8251953125,0.074951171875,7.095588024020711e-08,4.272345677236444e-08,3.5802357517181603e-10,1.9723030433136493e-09,1.1838296187779543e-08,0.005129306644237464,1.6808824429042875e-07,0.0,4.445161809224914e-08,0.0,False,True
R,17520.0,3.291955676604572,3.275430063401245,3.2754301206394576,24.452104648989508,36.24984740007311,0.8251953125,0.074951171875,7.512533121933955e-08,4.149615051574074e-08,3.4132623302939923e-10,2.0456308741754775e-09,2.6031284387597037e-08,0.005129306723641983,1.764399675523794e-07,0.0,4.445161809224914e-08,0.0,False,True
R,17540.0,3.2919556432249855,3.275430045459302,3.275430045149859,24.45210391231913,36.24984725253452,0.8251953125,0.074951171875,1.8901598000004316e-07,2.817847644109861e-08,3.734717883211383e-10,2.5068218142015186e-09,1.6229572199475538e-09,0.005129306698823523,1.7643997161883238e-07,0.0,4.8995336086780727e-08,0.0,False,True
R,17560.0,3.2919556389274427,3.2754300337173845,3.275430065233235,24.45210419682733,36.24984734224099,0.8251953125,0.074951171875,2.0666165080186275e-07,3.0522869565174915e-08,2.808190984552888e-10,2.0138523070429755e-09,3.078061828389137e-09,0.0051293066613247035,1.7643997053698658e-07,0.0,4.8995336086780727e-08,0.0,False,True
R,17580.0,3.291955620432665,3.2754299622217786,3.275429980984555,24.452103960493762,36.249846770170045,0.8251953125,0.074951171875,1.787953330023778e-07,5.332020691639627e-08,3.611998514478563e-10,2.562791234048878e-09,2.8753544561757042e-08,0.005129306732055874,1.7643997507527156e-07,0.0,4.8995336086780727e-08,0.0,False,True
R,17600.0,3.2919556451001846,3.275430139409991,3.275430090611637,24.452105496326585,36.24984717962307,0.8251953125,0.074951171875,1.4432923766244698e-07,6.599140078833443e-08,3.085258982560428e-10,1.8872281764326422e-09,3.755785858625486e-08,0.005129306688588774,1.7643996916990978e-07,0.0,4.8995336086780727e-08,0.0,False,True
R,17620.0,3.2919556582424443,3.2754300646815864,3.275430055123948,24.45210550636745,36.249847511881256,0.8251953125,0.074951171875,7.498209849836151e-08,3.37662413585349e-08,3.5428469822835427e-10,1.7893745422086125e-09,7.163135261380334e-09,0.005129306686103082,1.764399710815509e-07,0.0,4.8995336086780727e-08,0.0,False,True
R,17640.0,3.291955634651795,3.2754300531710214,3.275429965496998,24.452103696369292,36.24984710491063,0.8251953125,0.074951171875,1.7305967299607903e-07,6.801320751037565e-08,3.67249602985457e-10,2.0398425918167575e-09,7.753187958815392e-09,0.005129306615053652,7.402218554129764e-08,0.0,3.593490136630731e-08,0.0,False,True
R,17660.0,3.2919556525670637,3.2754300297625605,3.275430020242023,24.452104946683363,36.24984726564552,0.8251953125,0.074951171875,1.5361345324876608e-07,6.959817255847156e-08,4.2330253181239933e-10,3.557871768845461e-08,5.999759714634607e-09,0.0051293066638807205,7.402218175630734e-08,0.0,3.593490136630731e-08,0.0,False,True
R,17680.0,3.291955636263768,3.2754300120697053,3.275430138562994,24.452105002980527,36.249847870643634,0.8251953125,0.074951171875,1.9500378295178474e-07,7.808193913660944e-08,2.3864773338607513e-10,1.2852737453005295e-09,1.7034022283282724e-08,0.005129306757960047,7.40221815858828e-08,0.0,3.593490136630731e-08,0.0,False,True
R,17700.0,3.2919556028596384,3.275429983854224,3.2754299974524566,24.452104289607785,36.249847938891946,0.8251953125,0.074951171875,2.073058502057927e-07,8.325548606080702e-08,3.2165809601653864e-10,2.4142886335899372e-09,4.052124224029544e-08,0.005129306697817177,7.402218374542727e-08,0.0,3.8898285020347886e-08,0.0,False,True
R,17720.0,3.291955637367067,3.2754300619701553,3.2754300478318474,24.452104015467533,36.24984790738518,0.8251953125,0.074951171875,7.748391101402946e-08,2.657384357007686e-08,4.0420654658078326e-10,2.9548232018368626e-09,2.696193591444877e-09,0.005129306757816398,7.402218457531332e-08,0.0,3.8898285020347886e-08,0.0,False,True
R,17740.0,3.291955621518696,3.2754299980920223,3.275429957737799,24.452103985423626,36.24984717144673,0.8251953125,0.074951171875,6.246867058625111e-08,3.3177911973325536e-08,2.201989632909454e-10,1.4303853825132544e-09,1.8123398415937485e-08,0.005129306638537498,7.402218466626319e-08,0.0,3.8898285020347886e-08,0.0,False,True
R,17760.0,3.2919556299077457,3.2754300126661064,3.2754300240635073,24.452104510351734,36.24984710001711,0.8251953125,0.074951171875,1.6663765127982627e-07,3.662950120997266e-08,2.036455466194004e-10,1.2921001083647975e-09,8.552292888049328e-10,0.005129306792888863,7.40221830771842e-08,0.0,3.966601295149051e-08,0.0,False,True
R,17780.0,3.2919556073744243,3.2754300549280515,3.2754300086459778,24.452104969056734,36.249847873033744,0.8251953125,0.074951171875,2.1521090610651766e-07,2.9769466891593765e-08,4.044211355889665e-10,2.4981424950368594e-09,1.7152275848947307e-08,0.005129306710578212,7.402218168857797e-08,0.0,3.966601295149051e-08,0.0,False,True
R,17800.0,3.2919555974838914,3.275430002322537,3.2754300216273227,24.45210369842082,36.24984741567628,0.8251953125,0.074951171875,8.656063760041931e-08,2.2549954792339122e-08,2.2957189197343351e-10,1.3885027872115435e-09,3.123002992989698e-08,0.005129306671861452,7.402218553508719e-08,0.0,3.966601295149051e-08,0.0,False,True
R,17820.0,3.291955660160718,3.2754300686999613,3.2754300463845647,24.45210524227633,36.24984780577436,0.8251953125,0.074951171875,7.965561804296069e-08,2.116121322615072e-08,3.1917927018548184e-10,2.550279248775391e-09,1.637701597989808e-08,0.00512930671970196,7.402218086147902e-08,0.0,3.966601295149051e-08,0.0,False,True
R,17840.0,3.2919556132793177,3.2754300036680206,3.275430202291101,24.452104541743946,36.24984725040539,0.8251953125,0.074951171875,2.531347056341707e-07,1.0733168664955883e-07,2.7043033527202037e-10,1.9053644193925e-09,5.270281077142596e-09,0.005129306652024373,7.466295616321451e-08,0.0,3.966601295149051e-08,0.0,False,True
R,17860.0,3.291955637634615,3.2754300202213926,3.275429701978011,24.45210465443163,36.24984707484443,0.8251953125,0.074951171875,6.86192777847191e-07,4.232002197568363e-07,3.4907412431175583e-10,2.2485114693696266e-09,3.0761528471213863e-09,0.005129306650948557,1.527473141377559e-07,0.0,3.966601295149051e-08,0.0,False,True
R,17880.0,3.2919556721161776,3.2754299838892393,3.2754300677384993,24.452104792410584,36.249847771138604,0.8251953125,0.074951171875,4.244204702214756e-07,3.0598027933592675e-07,3.170402041542091e-10,3.023610241598036e-09,1.0006356266049985e-08,0.005129306733502497,1.5274729708077984e-07,0.0,3.966601295149051e-08,0.0,False,True
R,17900.0,3.291955610417305,3.275429948310716,3.2754299591921434,24.45210367054789,36.24984760501825,0.8251953125,0.074951171875,8.843654303686511e-08,2.7018757009500405e-08,3.7438040811954774e-10,2.1318067828045927e-09,5.836252605128979e-08,0.00512930667876653,1.527473021427603e-07,0.0,5.750729676248486e-08,0.0,False,True
R,17920.0,3.291955637218484,3.2754300420896243,3.275430002082622,24.452105138632344,36.24984755758333,0.8251953125,0.074951171875,6.94190794016123e-08,2.6456064006197266e-08,2.2721918759989358e-10,1.443925029585098e-09,1.5011425959582342e-08,0.005129306672226973,1.5274730014259396e-07,0.0,5.750729676248486e-08,0.0,False,True
R,17940.0,3.291955629643557,3.275430028577375,3.2754300211781127,24.452104537467882,36.2498478824737,0.8251953125,0.074951171875,7.833683883469425e-08,2.2166716462379554e-08,3.259680669594655e-10,3.378385224337277e-09,7.748224632748527e-09,0.005129306756261538,1.5274729925208962e-07,0.0,5.750729676248486e-08,0.0,False,True
R,17960.0,3.2919556561966843,3.2754300106041683,3.275430127115056,24.45210436076117,36.24984704385367,0.8251953125,0.074951171875,7.787343530909308e-08,3.036444695680984e-08,3.916719595453721e-10,2.750947259412029e-09,1.128552095340534e-08,0.005129306699411453,1.527472943117974e-07,0.0,5.750729676248486e-08,0.0,False,True
R,17980.0,3.291955638563273,3.2754300441087025,3.2754299954454233,24.452105057409927,36.24984719484143,0.8251953125,0.074951171875,8.932153861138024e-08,4.112121132493485e-08,3.03452581298456e-10,1.5642941735647497e-09,4.228768655283124e-09,0.005129306634384932,1.5274730045211491e-07,0.0,5.5286373204168404e-08,0.0,False,True
R,18000.0,3.2919556143018935,3.2754300374485865,3.275430029472342,24.452104385841167,36.24984728687684,0.8251953125,0.074951171875,7.191708861275697e-08,3.756821342904004e-08,4.287918741137221e-10,3.627307108107226e-09,2.137517860775009e-09,0.005129306756883296,1.5274729886529427e-07,0.0,5.622500819051478e-08,0.0,False,True
