Z,Nu_hot_path1,Nu_cold_path1,Y_legacy_alias
0.0031249999999999997,3.3775268939280068,0.5847945281311695,0.0031249999999999997
0.009375,3.3801440373827063,0.5853052198472143,0.009375
0.015625,3.3850496941704478,0.5863392032551928,0.015625
0.021875000000000002,3.3918355704372516,0.5879195971829176,0.021875000000000002
0.028124999999999997,3.4000935014046267,0.5900753242167411,0.028124999999999997
0.034374999999999996,3.4094437085695977,0.5928381850208099,0.034374999999999996
0.040625,3.4195454557084304,0.5962409214043873,0.040625
0.04687499999999999,3.4300994839031773,0.6003158927705954,0.04687499999999999
0.053125,3.4408466764398327,0.6050941514149599,0.053125
0.059375,3.451565063332964,0.6106047861067054,0.059375
0.06562499999999999,3.462066190877522,0.6168744530623372,0.06562499999999999
0.071875,3.472191371001827,0.623927043961885,0.071875
0.078125,3.4818080697550613,0.6317834566470993,0.078125
0.084375,3.4908065594208892,0.6404614448911161,0.084375
0.09062499999999998,3.4990968852798687,0.6499755320328404,0.09062499999999998
0.09687499999999999,3.5066061575707863,0.660336975397513,0.09687499999999999
0.103125,3.5132761591012245,0.6715537737363775,0.103125
0.109375,3.519061246715865,0.6836307107914763,0.109375
0.11562499999999999,3.523926520319947,0.6965694292739499,0.11562499999999999
0.121875,3.5278462324095017,0.710368531417771,0.121875
0.128125,3.5308024110963743,0.7250237022344663,0.128125
0.134375,3.5327836704345827,0.7405278516489489,0.134375
0.140625,3.5337841859472974,0.7568712734428118,0.140625
0.146875,3.5338028134356136,0.774041817367106,0.146875
0.15312499999999998,3.5328423323880997,0.7920250720053446,0.15312499999999998
0.159375,3.530908798074961,0.8108045557492005,0.159375
0.165625,3.5280109867562714,0.8303619137950592,0.165625
0.171875,3.5241599220535136,0.8506771180873329,0.171875
0.178125,3.5193684708428923,0.8717286684077409,0.178125
0.18437499999999998,3.5136509993208165,0.8934937926096609,0.18437499999999998
0.190625,3.5070230805104075,0.9159486434327846,0.190625
0.196875,3.4995012460422004,0.9390684905883974,0.196875
0.203125,3.49110277615182,0.9628279062781075,0.203125
0.209375,3.4818455220556648,0.9872009423088457,0.209375
0.215625,3.4717477561935084,1.0121612984585229,0.215625
0.221875,3.4608280464090058,1.0376824796185247,0.221875
0.228125,3.449105150120886,1.0637379420768411,0.228125
0.234375,3.436597926338436,1.0903012279959512,0.234375
0.240625,3.4233252617195835,1.1173460866302776,0.240625
0.246875,3.4093060099257855,1.1448465834837407,0.246875
0.253125,3.394558940708521,1.1727771964797284,0.253125
0.259375,3.3791026989092643,1.2011128990161526,0.259375
0.265625,3.3629557704989566,1.2298292308514647,0.265625
0.271875,3.3461364549475547,1.258902356676117,0.271875
0.278125,3.328662843687198,1.2883091129333482,0.278125
0.284375,3.3105528022133512,1.3180270436532737,0.284375
0.290625,3.2918239569880825,1.34803442600969,0.290625
0.296875,3.272493684744404,1.3783102859451901,0.296875
0.303125,3.252579104919278,1.408834405210655,0.303125
0.30937499999999996,3.232097074342164,1.4395873202556686,0.30937499999999996
0.315625,3.2110641835606657,1.4705503140248766,0.315625
0.32187499999999997,3.1894967551124864,1.50170540147883,0.32187499999999997
0.328125,3.167410842652316,1.5330353095123428,0.328125
0.334375,3.144822231752187,1.5645234523799445,0.334375
0.340625,3.1217464409564855,1.5961539030467975,0.340625
0.346875,3.0981987242921605,1.6279113614655216,0.346875
0.353125,3.0741940737971163,1.6597811207066115,0.353125
0.359375,3.049747223049053,1.6917490306150285,0.359375
0.365625,3.024872650967154,1.7238014610302343,0.365625
0.37187499999999996,2.999584586086712,1.7559252634600853,0.37187499999999996
0.378125,2.9738970108519425,1.7881077334459405,0.378125
0.38437499999999997,2.9478236667819147,1.8203365722001763,0.38437499999999997
0.390625,2.921378059327253,1.8525998494806117,0.390625
0.396875,2.8945734632361564,1.8848859667923534,0.396875
0.403125,2.867422928156884,1.9171836219902618,0.403125
0.409375,2.839939284185675,1.949481774845481,0.409375
0.415625,2.812135147942172,1.9817696143400099,0.415625
0.421875,2.7840229283901863,2.014036527161807,0.421875
0.42812500000000003,2.7556148332769226,2.0462720680552593,0.42812500000000003
0.434375,2.7269228754812502,2.078465931590472,0.434375
0.44062499999999993,2.697958879543876,2.110607925660588,0.44062499999999993
0.44687499999999997,2.668734488579503,2.142687946779916,0.44687499999999997
0.45312499999999994,2.6392611711708014,2.1746959566371515,0.45312499999999994
0.459375,2.609550228808075,2.2066219603584614,0.459375
0.46562499999999996,2.5796128032561683,2.2384559863712643,0.46562499999999996
0.471875,2.5494598846125887,2.2701880674867425,0.471875
0.47812499999999997,2.5191023192928697,2.3018082233647874,0.47812499999999997
0.484375,2.488550818852673,2.3333064441612805,0.484375
0.490625,2.4578159687371226,2.364672675521433,0.490625
0.496875,2.4269082382124907,2.395896804391669,0.496875
0.503125,2.3958379901705484,2.4269686458319484,0.503125
0.509375,2.3646154921516427,2.457877930755785,0.509375
0.515625,2.3332509275132907,2.4886142946888867,0.515625
0.521875,2.3017544080357766,2.519167266691511,0.521875
0.528125,2.270135986746027,2.5495262594267842,0.528125
0.5343749999999999,2.2384056723240064,2.579680559556437,0.5343749999999999
0.5406249999999999,2.2065734440366214,2.6096193187913745,0.5406249999999999
0.546875,2.174649268090434,2.6393315451241506,0.546875
0.553125,2.142643115366809,2.668806094716274,0.553125
0.559375,2.1105649799028474,2.6980316640583624,0.559375
0.5656249999999999,2.0784248995914822,2.7269967825304775,0.5656249999999999
0.571875,2.046232977627369,2.755689804798749,0.571875
0.578125,2.0139994058627058,2.7840989041578723,0.578125
0.584375,1.9817344896910074,2.8122120655098115,0.584375
0.590625,1.9494486746225448,2.840017078888195,0.590625
0.596875,1.9171525743331586,2.8675015328553854,0.596875
0.6031249999999999,1.884857000441116,2.8946528086635226,0.6031249999999999
0.609375,1.8525729939756275,2.9214580736879725,0.609375
0.615625,1.8203118580458977,2.947904275970359,0.615625
0.621875,1.788085192310973,2.973978138215898,0.621875
0.628125,1.7559049284864159,2.99966615253652,0.628125
0.634375,1.7237833667786617,3.0249545750484685,0.634375
0.6406249999999999,1.69173321357448,3.0498294205426646,0.6406249999999999
0.6468749999999999,1.6597676191304345,3.0742764581373194,0.6468749999999999
0.653125,1.6279002157170908,3.0982812063666643,0.653125
0.6593749999999999,1.5961451555813255,3.121828929051844,0.6593749999999999
0.6656249999999999,1.5645171479991404,3.1449046315901796,0.6656249999999999
0.6718749999999999,1.5330314952370827,3.167493057444517,0.6718749999999999
0.678125,1.5017041265309672,3.1895786855056945,0.678125
0.684375,1.4705516299545707,3.211145727782423,0.684375
0.6906249999999999,1.439591280741297,3.232178128037049,0.6906249999999999
0.6968749999999999,1.4088410659860529,3.2526595614035614,0.6968749999999999
0.703125,1.378319704454043,3.2725734348787228,0.703125
0.709375,1.3480466612782038,3.2919028893047653,0.709375
0.715625,1.3180421559081879,3.310630803043751,0.715625
0.7218749999999999,1.288327163165377,3.328739797016169,0.7218749999999999
0.728125,1.2589234064034827,3.346212242886395,0.728125
0.734375,1.2298533412104007,3.3630302729943655,0.734375
0.740625,1.2011401304880565,3.379175794088951,0.740625
0.746875,1.1728076081635663,3.3946305048993963,0.746875
0.753125,1.1448802322956908,3.4093759178540495,0.753125
0.759375,1.1173830265943252,3.423393386692624,0.759375
0.765625,1.0903415095708624,3.43666414015388,0.765625
0.771875,1.0637816111739085,3.4491693235759158,0.771875
0.7781250000000001,1.0377295766375028,3.460890049209411,0.7781250000000001
0.784375,1.0122118578510708,3.471807457317482,0.784375
0.790625,0.9872549912870454,3.481902789753804,0.790625
0.796875,0.9628854641050566,3.491157478329115,0.796875
0.8031249999999999,0.9391295678324241,3.499553250367171,0.8031249999999999
0.809375,0.9160132410943335,3.507072254687955,0.809375
0.8156249999999999,0.8935619014482655,3.5136972112559306,0.8156249999999999
0.8218749999999999,0.8718002683235682,3.5194115888589295,0.8218749999999999
0.8281249999999999,0.8507521775027271,3.5241998152378073,0.8281249999999999
0.834375,0.8304403893816925,3.5280475251602184,0.834375
0.840625,0.8108863919733268,3.530941852932301,0.840625
0.8468749999999999,0.7921102009277092,3.532871776424145,0.8468749999999999
0.8531249999999999,0.7741301588248461,3.533828521212854,0.8531249999999999
0.859375,0.7569627348857466,3.533806034265581,0.859375
0.865625,0.7406223286125169,3.5328015385675826,0.865625
0.871875,0.725121078776283,3.5308161814464256,0.871875
0.8781249999999999,0.7104686807724647,3.5278557909077795,0.8781249999999999
0.884375,0.6966722144716186,3.5239317572086293,0.884375
0.890625,0.6837359858946002,3.5190620574758213,0.890625
0.896875,0.6716613847675035,3.5132724453069386,0.896875
0.903125,0.6604467617034971,3.5065978284546877,0.903125
0.909375,0.650087327703659,3.49908385951494,0.909375
0.915625,0.6405750803605771,3.4907887673216464,0.915625
0.921875,0.6318987601662229,3.481785456151556,0.921875
0.928125,0.6240438436725526,3.4721638992050434,0.928125
0.9343750000000001,0.6169925785252417,3.462033847335988,0.9343750000000001
0.940625,0.6107240703749994,3.4515278640355973,0.940625
0.946875,0.6052144327441056,3.4408046748467314,0.946875
0.953125,0.6004370164555439,3.4300527810955828,0.953125
0.9593750000000001,0.5963627417622774,3.4194942132126016,0.9593750000000001
0.965625,0.5929605666278804,3.4093881644184876,0.965625
0.9718749999999999,0.5901981434908521,3.4000339900194376,0.9718749999999999
0.9781249999999999,0.5880427431293356,3.3917725464380055,0.9781249999999999
0.9843749999999999,0.5864625780850474,3.384983760061005,0.9843749999999999
0.990625,0.5854287380861933,3.3800759723271767,0.990625
0.996875,0.5849181148732896,3.37745766799344,0.996875
