source,case_id,iteration,n,delta_phi,mean_abs_div_phi,epsilon_phi_mean,max_abs_div_phi,epsilon_phi_max,P95_abs_div_phi,P99_abs_div_phi,signed_volume_mean_div_phi,sum_abs_q,max_abs_q,max_cell_id,net_boundary_flux,max_cell_x,max_cell_y,max_cell_z,role,tolerance,Up,P95_dimensionless,P99_dimensionless
synthetic,A1_exact_flux,0,20,0.0,7.960646031257566e-15,7.960646031257566e-15,4.996003610813203e-14,4.996003610813203e-14,3.330669073875469e-14,4.4408920985006255e-14,4.250072516143176e-17,7.960646031257568e-15,1.249000902703301e-16,127,0.0,0.375,0.325,0.5,,,,,
synthetic,A2_single_face,0,20,1e-06,1.9999999999999995e-06,1.9999999999999995e-06,0.0003999999999999999,0.0003999999999999999,0.0,0.0,0.0,2e-06,1e-06,210,0.0,0.525,0.525,0.5,,,,,
synthetic,A4_local_hiding,0,20,1e-08,1.9999999999999994e-08,1.9999999999999994e-08,3.999999999999999e-06,3.999999999999999e-06,0.0,0.0,0.0,2e-08,1e-08,210,0.0,0.525,0.525,0.5,,,,,
synthetic,A2_single_face,0,20,1e-09,1.9999999999999997e-09,1.9999999999999997e-09,3.9999999999999993e-07,3.9999999999999993e-07,0.0,0.0,0.0,2e-09,1e-09,210,0.0,0.525,0.525,0.5,,,,,
synthetic,A3_boundary_leak,0,20,1e-08,9.999999999999997e-09,9.999999999999997e-09,3.999999999999999e-06,3.999999999999999e-06,0.0,0.0,9.999999999999999e-09,1e-08,1e-08,200,1e-08,0.025,0.525,0.5,,,,,
synthetic,A1_exact_flux,0,40,0.0,1.5763296700929682e-14,1.5763296700929682e-14,1.831867990631508e-13,1.831867990631508e-13,8.340550472496475e-14,1.3323370184892267e-13,2.1006417091906642e-17,1.5763296700929685e-14,1.1449174941446927e-16,183,0.0,0.5875,0.1125,0.5,,,,,
synthetic,A2_single_face,0,40,1e-06,1.9999999999999995e-06,1.9999999999999995e-06,0.0015999999999999996,0.0015999999999999996,0.0,0.0,0.0,2e-06,1e-06,820,0.0,0.5125,0.5125,0.5,,,,,
synthetic,A4_local_hiding,0,40,1e-08,1.9999999999999994e-08,1.9999999999999994e-08,1.5999999999999996e-05,1.5999999999999996e-05,0.0,0.0,0.0,2e-08,1e-08,820,0.0,0.5125,0.5125,0.5,,,,,
synthetic,A2_single_face,0,40,1e-09,1.9999999999999997e-09,1.9999999999999997e-09,1.5999999999999997e-06,1.5999999999999997e-06,0.0,0.0,0.0,2e-09,1e-09,820,0.0,0.5125,0.5125,0.5,,,,,
synthetic,A3_boundary_leak,0,40,1e-08,9.999999999999997e-09,9.999999999999997e-09,1.5999999999999996e-05,1.5999999999999996e-05,0.0,0.0,9.999999999999999e-09,1e-08,1e-08,800,1e-08,0.0125,0.5125,0.5,,,,,
synthetic,A1_exact_flux,0,80,0.0,1.749950248456418e-14,1.749950248456418e-14,1.3322676295501876e-13,1.3322676295501876e-13,6.661338147750938e-14,8.881784197001251e-14,-3.2610768469290555e-18,1.7499502484564187e-14,2.0816681711721685e-17,3945,0.0,0.31875,0.61875,0.5,,,,,
synthetic,A2_single_face,0,80,1e-06,1.9999999999999995e-06,1.9999999999999995e-06,0.006399999999999999,0.006399999999999999,0.0,0.0,0.0,2e-06,1e-06,3240,0.0,0.50625,0.50625,0.5,,,,,
synthetic,A4_local_hiding,0,80,1e-08,1.9999999999999994e-08,1.9999999999999994e-08,6.399999999999998e-05,6.399999999999998e-05,0.0,0.0,0.0,2e-08,1e-08,3240,0.0,0.50625,0.50625,0.5,,,,,
synthetic,A2_single_face,0,80,1e-09,1.9999999999999997e-09,1.9999999999999997e-09,6.399999999999999e-06,6.399999999999999e-06,0.0,0.0,0.0,2e-09,1e-09,3240,0.0,0.50625,0.50625,0.5,,,,,
synthetic,A3_boundary_leak,0,80,1e-08,9.999999999999997e-09,9.999999999999997e-09,6.399999999999998e-05,6.399999999999998e-05,0.0,0.0,9.999999999999999e-09,1e-08,1e-08,3200,1e-08,0.00625,0.50625,0.5,,,,,
synthetic,A1_exact_flux,0,160,0.0,5.600931354215292e-14,5.600931354215292e-14,3.7747582837255317e-13,3.7747582837255317e-13,1.8873791418627659e-13,3.108624468950438e-13,-4.798801635198193e-17,5.6009313542152946e-14,1.474514954580286e-17,8706,0.0,0.415625,0.340625,0.5,,,,,
synthetic,A2_single_face,0,160,1e-06,1.9999999999999995e-06,1.9999999999999995e-06,0.025599999999999994,0.025599999999999994,0.0,0.0,0.0,2e-06,1e-06,12880,0.0,0.503125,0.503125,0.5,,,,,
synthetic,A4_local_hiding,0,160,1e-08,1.9999999999999994e-08,1.9999999999999994e-08,0.00025599999999999993,0.00025599999999999993,0.0,0.0,0.0,2e-08,1e-08,12880,0.0,0.503125,0.503125,0.5,,,,,
synthetic,A2_single_face,0,160,1e-09,1.9999999999999997e-09,1.9999999999999997e-09,2.5599999999999995e-05,2.5599999999999995e-05,0.0,0.0,0.0,2e-09,1e-09,12880,0.0,0.503125,0.503125,0.5,,,,,
synthetic,A3_boundary_leak,0,160,1e-08,9.999999999999997e-09,9.999999999999997e-09,0.00025599999999999993,0.00025599999999999993,0.0,0.0,9.999999999999999e-09,1e-08,1e-08,12800,1e-08,0.003125,0.503125,0.5,,,,,
microcase,audit_n20_tol1e-8,1,20,,9.432677837914125e-09,1.4408108581830411e-08,4.287007089506193e-08,6.548263886254048e-08,2.4630379122967328e-08,3.08481512216413e-08,6.558274021645403e-18,9.432677837914127e-16,1.0717517723765482e-17,125,5.169878828456423e-25,0.00275,0.0032500000000000003,0.0005,sweep,1e-08,0.0065467842530069235,3.762210296093788e-08,4.711954759693328e-08
microcase,audit_n20_tol1e-8,2,20,,1.8346003409153738e-08,3.7779078950070127e-08,8.403907045130875e-08,1.730577830311736e-07,4.606579979957634e-08,6.404374871119517e-08,-2.5627250911371874e-18,1.834600340915374e-15,2.100976761282719e-17,318,-4.1359030627651384e-25,0.00925,0.00775,0.0005,sweep,1e-08,0.004856127761452396,9.486117759347984e-08,1.3188233888648893e-07
microcase,audit_n20_tol1e-8,3,20,,1.7614678255170418e-08,5.613202079311756e-08,8.003751646097204e-08,2.550524893577346e-07,4.744922369350629e-08,7.318818673936883e-08,-4.794254819826385e-18,1.7614678255170417e-15,2.000937911524301e-17,103,-4.135903062765138e-25,0.0017500000000000003,0.00275,0.0005,sweep,1e-08,0.0031380801913566923,1.5120462448409415e-07,2.332259925700855e-07
microcase,audit_n20_tol1e-8,4,20,,1.9251508757308237e-08,1.1335964131265035e-07,1.085058634257766e-07,6.389206120583187e-07,4.421184044002214e-08,6.021350948415058e-08,-8.84130059022743e-18,1.9251508757308236e-15,2.7126465856444152e-17,318,-7.237830359838992e-25,0.00925,0.00775,0.0005,sweep,1e-08,0.00169826831969341,2.6033483594632296e-07,3.545582802546831e-07
microcase,audit_n20_tol1e-8,5,20,,1.4572128235926945e-08,6.934015175119531e-08,5.967375961330409e-08,2.8395217775735196e-07,4.0261151943975746e-08,5.3428327635594474e-08,2.354718247648511e-18,1.4572128235926944e-15,1.4918439903326022e-17,87,3.618915179919496e-25,0.00375,0.00225,0.0005,sweep,1e-08,0.002101542593707367,1.9157904324437392e-07,2.5423385562383794e-07
microcase,audit_n20_tol1e-8,6,20,,5.682359141768874e-09,2.1977460565793928e-08,2.6939616328470624e-08,1.0419340642595785e-07,1.482447414641653e-08,2.2864683703565767e-08,-6.854128415539491e-18,5.682359141768874e-16,6.734904082117657e-18,21,-3.166550782429558e-25,0.00075,0.00075,0.0005,sweep,1e-08,0.002585539455187552,5.733609717953881e-08,8.843293285542683e-08
microcase,audit_n20_tol1e-8,7,20,,1.3372886880786168e-08,4.4998790837975635e-08,5.7352279085330386e-08,1.929862440061459e-07,3.4999948974113193e-08,4.888683232345846e-08,-5.169373957477081e-18,1.3372886880786168e-15,1.4338069771332598e-17,105,4.135903062765138e-25,0.00275,0.00275,0.0005,sweep,1e-08,0.0029718324941079184,1.1777228038089489e-07,1.645006319177934e-07
microcase,audit_n20_tol1e-8,8,20,,1.1963179104000969e-08,3.57892553060333e-08,5.6661381441779145e-08,1.695091771830257e-07,3.033069895378367e-08,4.800102521468041e-08,-6.474465439074723e-18,1.196317910400097e-15,1.4165345360444788e-17,37,1.5509636485369267e-25,0.00875,0.00075,0.0005,sweep,1e-08,0.003342673381075977,9.073784811132364e-08,1.4360070441351137e-07
microcase,audit_n20_tol1e-8,9,20,,1.1196533405847558e-08,3.0128718716357436e-08,5.591961219055589e-08,1.5047391950236545e-07,3.050552937297337e-08,4.4236097209047335e-08,-8.647430134160314e-18,1.119653340584756e-15,1.3979903047638975e-17,377,3.618915179919496e-25,0.00875,0.00925,0.0005,sweep,1e-08,0.0037162328445679146,8.208723901023549e-08,1.1903478350046889e-07
microcase,audit_n20_tol1e-8,10,20,,1.1630930553136236e-08,2.854435669029407e-08,8.831518631476834e-08,2.1674105677286278e-07,3.097115988633229e-08,4.909044134438126e-08,1.3534581214185525e-17,1.1630930553136235e-15,2.2078796578692086e-17,37,-3.618915179919496e-25,0.00875,0.00075,0.0005,sweep,1e-08,0.004074686523620656,7.600869344621917e-08,1.204766085926061e-07
microcase,audit_n20_tol1e-06,1,20,,2.076017539308937e-06,3.17104925263054e-06,1.0858686830189152e-05,1.6586290869624624e-05,5.415375805123432e-06,7.32815123097849e-06,6.315935951561508e-18,2.0760175393089368e-13,2.714671707547288e-15,316,5.169878828456423e-25,0.00825,0.00775,0.0005,sweep,1e-06,0.006546784278379717,8.271810364986854e-06,1.1193512600039658e-05
microcase,audit_n20_tol1e-06,2,20,,1.6732924904529136e-06,3.4452962231167997e-06,9.343506706490448e-06,1.9238207635668517e-05,4.351539147141969e-06,5.631654307531474e-06,-5.773199648769452e-18,1.6732924904529138e-13,2.335876676622612e-15,299,-7.7548182426846335e-25,0.00975,0.0072499999999999995,0.0005,sweep,1e-06,0.004856744912747049,8.959785258066339e-06,1.1595532416682197e-05
microcase,audit_n20_tol1e-06,3,20,,1.1965213528588127e-06,3.8121213162416735e-06,7.689713497031101e-06,2.4499454746699014e-05,3.0020787825437358e-06,4.125600670987518e-06,-3.9218377675243646e-18,1.1965213528588127e-13,1.9224283742577752e-15,299,-6.203854594147707e-25,0.00975,0.0072499999999999995,0.0005,sweep,1e-06,0.0031387284233610102,9.564633754866413e-06,1.3144178515991982e-05
microcase,audit_n20_tol1e-06,4,20,,1.3193676405043384e-06,7.766030321350672e-06,5.250873348683654e-06,3.090756540296951e-05,3.3291589616736816e-06,4.3154318311848854e-06,9.128067306493372e-19,1.3193676405043383e-13,1.3127183371709137e-15,22,-5.169878828456423e-26,0.00125,0.00075,0.0005,sweep,1e-06,0.0016988958140906065,1.9596016036190723e-05,2.54013918651914e-05
microcase,audit_n20_tol1e-06,5,20,,9.19048237081535e-07,4.372272710745427e-06,4.950112438144781e-06,2.354962520482134e-05,2.4470905473385696e-06,4.099223876573104e-06,9.895471195092372e-19,9.19048237081535e-14,1.2375281095361953e-15,299,0.0,0.00975,0.0072499999999999995,0.0005,sweep,1e-06,0.0021019920253895754,1.1641768940036938e-05,1.950161478758878e-05
microcase,audit_n20_tol1e-06,6,20,,1.4914666969824618e-06,5.7689006075223205e-06,7.845161588180237e-06,3.0344598068283875e-05,3.932409888652585e-06,5.266430654952864e-06,1.886197978819648e-18,1.4914666969824617e-13,1.9612903970450595e-15,21,2.067951531382569e-25,0.00075,0.00075,0.0005,sweep,1e-06,0.0025853568963169057,1.521031736181062e-05,2.0370226882235916e-05
microcase,audit_n20_tol1e-06,7,20,,1.7522027000331232e-06,5.895014971230125e-06,1.0185624005232795e-05,3.426795655607266e-05,4.5555230665067284e-06,7.026528009272577e-06,-4.221226258273843e-18,1.7522027000331236e-13,2.546406001308199e-15,210,-5.169878828456423e-25,0.0052499999999999995,0.0052499999999999995,0.0005,sweep,1e-06,0.002972346480177789,1.5326352754925942e-05,2.3639666694753195e-05
microcase,audit_n20_tol1e-06,8,20,,1.7414670912142152e-06,5.208190664570575e-06,9.808598798088328e-06,2.9334492136227167e-05,4.578882707451453e-06,6.009514445167437e-06,7.037901452019779e-18,1.7414670912142152e-13,2.4521496995220823e-15,21,5.169878828456423e-25,0.00075,0.00075,0.0005,sweep,1e-06,0.003343708407337661,1.369402516500315e-05,1.7972603208999176e-05
microcase,audit_n20_tol1e-06,9,20,,1.0055535006784525e-06,2.705045787978095e-06,5.237598878909265e-06,1.4089697641103243e-05,2.889872164582992e-06,3.885981106969442e-06,-1.9427435285058902e-18,1.0055535006784524e-13,1.3093997197273164e-15,181,-2.5849394142282115e-25,0.00075,0.00475,0.0005,sweep,1e-06,0.003717325248790189,7.774063261006033e-06,1.045370218340228e-05
microcase,audit_n20_tol1e-06,10,20,,1.5396404193263046e-06,3.7783105863286356e-06,6.629763713339266e-06,1.6269582240461014e-05,3.880148909670316e-06,5.714673985590171e-06,-5.8120747141787435e-18,1.5396404193263047e-13,1.6574409283348166e-15,52,-1.0339757656912828e-25,0.00625,0.00125,0.0005,sweep,1e-06,0.004074944036885981,9.521968582997953e-06,1.4023932436523106e-05
microcase,audit_n20_tol1e-10,1,20,,1.8841838821280672e-10,2.8780295935483415e-10,9.61553026984364e-10,1.4687409725113493e-09,5.250393400921125e-10,7.4043824782429e-10,5.516220320284655e-18,1.8841838821280673e-17,2.40388256746091e-19,109,5.169878828456423e-25,0.00475,0.00275,0.0005,sweep,1e-10,0.006546784252503271,8.01980514160605e-10,1.1309953394923184e-09
microcase,audit_n20_tol1e-10,2,20,,1.7583759561597547e-10,3.620943774717752e-10,9.103474322153374e-10,1.8746371365936344e-09,4.826739443252258e-10,6.379891894408066e-10,-1.420883640709603e-17,1.7583759561597548e-17,2.275868580538344e-19,259,-1.2407709188295415e-24,0.00975,0.00625,0.0005,sweep,1e-10,0.004856126097392435,9.939485397308863e-10,1.3137821725498106e-09
microcase,audit_n20_tol1e-10,3,20,,1.3311872317954048e-10,4.242034439564911e-10,6.563372233028601e-10,2.0915202900977443e-09,3.283341569876308e-10,4.707152049919818e-10,-8.229396963265595e-18,1.3311872317954048e-17,1.6408430582571502e-19,259,-5.686866711302064e-25,0.00975,0.00625,0.0005,sweep,1e-10,0.003138086808960324,1.0462876809211369e-09,1.5000069585325905e-09
microcase,audit_n20_tol1e-10,4,20,,1.479123379680821e-10,8.709628112472082e-10,5.66208864530001e-10,3.3340482016487036e-09,3.70859096749971e-10,4.69665080592782e-10,4.564033653246686e-19,1.479123379680821e-17,1.4155221613250025e-19,259,3.101927297073854e-25,0.00975,0.00625,0.0005,sweep,1e-10,0.0016982623833992799,2.183756175577835e-09,2.765562525460229e-09
microcase,audit_n20_tol1e-10,5,20,,1.629680298582637e-10,7.754732037696444e-10,7.265396153752322e-10,3.4571934365937064e-09,4.1242976153734423e-10,6.403048367169499e-10,6.054412784262638e-18,1.629680298582637e-17,1.8163490384380805e-19,90,5.169878828456423e-25,0.0052499999999999995,0.00225,0.0005,sweep,1e-10,0.0021015301246524263,1.962521291982699e-09,3.04685062186701e-09
microcase,audit_n20_tol1e-10,6,20,,5.837690376887502e-11,2.2578269121518044e-10,2.8142670964993836e-10,1.0884660847407733e-09,1.4422234804123798e-10,2.028499193425883e-10,4.204565515955575e-18,5.8376903768875015e-18,7.035667741248459e-20,259,-5.816113682013471e-26,0.00975,0.00625,0.0005,sweep,1e-10,0.00258553494312101,5.578046756821108e-10,7.845568665868709e-10
microcase,audit_n20_tol1e-10,7,20,,1.3759451534367347e-10,4.629969388799709e-10,6.147507050820595e-10,2.0685976756876912e-09,3.609817227157178e-10,5.471747639659686e-10,1.4475660719677984e-17,1.3759451534367347e-17,1.5368767627051488e-19,90,4.135903062765138e-25,0.0052499999999999995,0.00225,0.0005,sweep,1e-10,0.002971823435302323,1.2146809209040215e-09,1.84120886007585e-09
microcase,audit_n20_tol1e-10,8,20,,1.2825486074968013e-10,3.8369042188303733e-10,5.348293414777986e-10,1.6000087206640652e-09,3.5173553918763073e-10,4.796711205033666e-10,-1.607105301439696e-17,1.2825486074968013e-17,1.3370733536944964e-19,90,-2.067951531382569e-25,0.0052499999999999995,0.00225,0.0005,sweep,1e-10,0.0033426651653237476,1.0522607613723225e-09,1.4349960189832802e-09
microcase,audit_n20_tol1e-10,9,20,,1.2327582272732315e-10,3.3172335150088557e-10,5.475097100755068e-10,1.473295833581731e-09,2.941994200383409e-10,4.024394587379136e-10,-4.37016319717957e-18,1.2327582272732315e-17,1.368774275188767e-19,142,1.2924697071141062e-25,0.00125,0.00375,0.0005,sweep,1e-10,0.003716223840424875,7.916622697428936e-10,1.0829257763221895e-09
microcase,audit_n20_tol1e-10,10,20,,1.3407952541127588e-10,3.290553960942603e-10,6.511409651676814e-10,1.5980176507130695e-09,3.4258578423945183e-10,4.601570861290155e-10,-1.2597540676527798e-17,1.3407952541127588e-17,1.6278524129192036e-19,142,7.754818242684639e-26,0.00125,0.00375,0.0005,sweep,1e-10,0.0040746794309632845,8.407674518789371e-10,1.1293086828679206e-09
microcase,audit_n40_tol1e-06,1,40,,8.951340533939988e-07,2.5516425942058006e-06,6.83200986488028e-06,1.9475124769484735e-05,2.4669921370160703e-06,4.278572635591326e-06,1.0123893758808167e-17,8.95134053393999e-14,4.2700061655501753e-16,81,1.0081263715490023e-24,0.000375,0.000625,0.0005,sweep,1e-06,0.003508069881834723,7.032334645870372e-06,1.2196372306453685e-05
microcase,audit_n40_tol1e-06,2,40,,9.118196351506408e-07,3.600330457182158e-06,6.887949928426472e-06,2.7197150575467148e-05,2.510407173352585e-06,4.045292828823709e-06,-1.1617081234646706e-18,9.118196351506407e-14,4.3049687052665455e-16,81,-1.292469707114105e-25,0.000375,0.000625,0.0005,sweep,1e-06,0.0025325998432496315,9.912371984242995e-06,1.597288588485858e-05
microcase,audit_n40_tol1e-06,3,40,,1.2988328756647693e-06,8.481574971263272e-06,1.2409300260070697e-05,8.103460612115867e-05,3.4916814511985764e-06,5.888947705070721e-06,4.2803592717292095e-20,1.2988328756647697e-13,7.755812662544186e-16,42,5.816113682013476e-26,0.000625,0.000375,0.0005,sweep,1e-06,0.0015313581263685005,2.2801207575649426e-05,3.845571851331676e-05
microcase,audit_n40_tol1e-06,4,40,,1.1494534615839392e-06,1.8349352126329773e-05,1.068369125565304e-05,0.000170549586747799,2.9066022422865607e-06,4.769596343201861e-06,-4.1850490971604074e-18,1.1494534615839393e-13,6.677307034783151e-16,1478,-4.588267460255077e-25,0.009625,0.009125,0.0005,sweep,1e-06,0.0006264272731104062,4.639967586108403e-05,7.613966613425581e-05
microcase,audit_n40_tol1e-06,5,40,,7.610263208382388e-07,1.1870123240063575e-05,5.193867757898549e-06,8.101145609647445e-05,2.044574949073214e-06,3.2167737518654373e-06,1.2179065743526155e-18,7.610263208382387e-14,3.2461673486865933e-16,81,5.169878828456423e-26,0.000375,0.000625,0.0005,sweep,1e-06,0.0006411275649351748,3.189029860664224e-05,5.0173692846768946e-05
microcase,audit_n40_tol1e-06,6,40,,4.968050881771029e-07,6.196273899000953e-06,3.2911715673078446e-06,4.1048292308097057e-05,1.4030011885546666e-06,2.0823241263347047e-06,2.6907098844002444e-18,4.96805088177103e-14,2.056982229567403e-16,1515,2.0033280460268648e-25,0.008875,0.009375,0.0005,sweep,1e-06,0.0008017803865274655,1.7498572079458144e-05,2.5971252993021094e-05
microcase,audit_n40_tol1e-06,7,40,,5.559711955666285e-07,6.3161149420178095e-06,3.627160588850523e-06,4.120638510595534e-05,1.508690537367011e-06,2.2983440846277182e-06,-2.381066201882893e-18,5.559711955666286e-14,2.266975368031577e-16,1515,-1.4863401631812216e-25,0.008875,0.009375,0.0005,sweep,1e-06,0.0008802423652363305,1.7139490178502744e-05,2.6110355231659988e-05
microcase,audit_n40_tol1e-06,8,40,,5.447164183735506e-07,5.556460750987261e-06,3.8647133564318676e-06,3.942258275039469e-05,1.4416476758624186e-06,2.221836507779365e-06,-3.6678876649156165e-18,5.447164183735507e-14,2.415445847769917e-16,42,-3.101927297073854e-25,0.000625,0.000375,0.0005,sweep,1e-06,0.0009803298228584921,1.4705741294891896e-05,2.266417338300317e-05
microcase,audit_n40_tol1e-06,9,40,,5.013714685654557e-07,4.561984432409277e-06,4.265124616697867e-06,3.8808415164376305e-05,1.3217613113573384e-06,2.0599614985974996e-06,-3.348051899502809e-18,5.013714685654557e-14,2.665702885436167e-16,42,-2.100263274060422e-25,0.000625,0.000375,0.0005,sweep,1e-06,0.0010990205600080736,1.2026720513287108e-05,1.874361202653358e-05
microcase,audit_n40_tol1e-06,10,40,,4.310671314534999e-07,3.538967355921738e-06,3.452157200249359e-06,2.834145947986884e-05,1.1259553961167854e-06,1.7698601707504158e-06,-4.50647836160176e-18,4.310671314534999e-14,2.1575982501558494e-16,42,-8.07793566946316e-26,0.000625,0.000375,0.0005,sweep,1e-06,0.0012180590779742493,9.243848812237898e-06,1.4530166908602377e-05
microcase,audit_n40_tol1e-08,1,40,,8.228275882599784e-09,2.3455279284895174e-08,5.398760127920299e-08,1.538954556206707e-07,2.2749981944466862e-08,3.405436862070954e-08,1.0082557447374586e-17,8.228275882599784e-16,3.374225079950187e-18,961,1.0081263715490023e-24,0.000375,0.006125,0.0005,sweep,1e-08,0.0035080698816912672,6.485042405568878e-08,9.707437357060764e-08
microcase,audit_n40_tol1e-08,2,40,,8.820755435813074e-09,3.482874961313714e-08,5.781865995490246e-08,2.2829695769144678e-07,2.340264499331001e-08,3.624660328807406e-08,2.401450367673804e-19,8.820755435813074e-16,3.613666247181404e-18,961,1.9387045606711678e-26,0.000375,0.006125,0.0005,sweep,1e-08,0.002532607553756668,9.240533519927473e-08,1.4311969982995882e-07
microcase,audit_n40_tol1e-08,3,40,,1.2618859194724466e-08,8.240168317225854e-08,8.51376090079783e-08,5.559521804040731e-07,3.486083770011367e-08,5.0627979981857403e-08,-2.498953575559121e-19,1.2618859194724465e-15,5.321100562998644e-18,1398,2.5849394142282115e-26,0.009625,0.008625,0.0005,sweep,1e-08,0.0015313836694749396,2.2764274162637693e-07,3.3060284624307147e-07
microcase,audit_n40_tol1e-08,4,40,,1.15925028606979e-08,1.8505123537786504e-07,1.2010473648936116e-07,1.9172330711636496e-06,2.9594189629045833e-08,4.440456398845648e-08,-3.3110069913936303e-19,1.15925028606979e-15,7.506546030585072e-18,1557,5.1698788284564184e-26,0.009375,0.009625,0.0005,sweep,1e-08,0.0006264482826621832,4.7241233551285376e-07,7.088304847728661e-07
microcase,audit_n40_tol1e-08,5,40,,6.678147880121455e-09,1.0417079559148457e-07,5.631373805813963e-08,8.784242280271549e-07,1.7504732207635212e-08,2.6130301545875538e-08,-1.278932853980513e-18,6.678147880121455e-16,3.5196086286337275e-18,1398,-1.9387045606711595e-25,0.009625,0.008625,0.0005,sweep,1e-08,0.0006410767856962935,2.7305203679498044e-07,4.076001834553189e-07
microcase,audit_n40_tol1e-08,6,40,,8.457438419389762e-09,1.0548341565839963e-07,5.815563410450732e-08,7.253324967828937e-07,2.2942056508968584e-08,3.523719401871935e-08,3.701335367296987e-19,8.457438419389762e-16,3.634727131531708e-18,81,1.6155871338926326e-25,0.000375,0.000625,0.0005,sweep,1e-08,0.0008017789684378975,2.861394151266713e-07,4.3948763195138207e-07
microcase,audit_n40_tol1e-08,7,40,,7.607420447926395e-09,8.641806837651045e-08,5.1401241492061555e-08,5.839030499634453e-07,1.9896429057919785e-08,2.709761909683807e-08,1.1701647123686399e-18,7.607420447926395e-16,3.212577593253847e-18,1398,6.462348535570534e-27,0.009625,0.008625,0.0005,sweep,1e-08,0.0008803043843542088,2.260176072224814e-07,3.0782101712144583e-07
microcase,audit_n40_tol1e-08,8,40,,7.136096487136734e-09,7.279163526343288e-08,4.03884851392822e-08,4.1198208073568564e-07,1.9429331508725236e-08,2.9053562563662e-08,1.6688510222131547e-18,7.136096487136734e-16,2.5242803212051373e-18,1398,1.1632227364026952e-25,0.009625,0.008625,0.0005,sweep,1e-08,0.0009803456758886108,1.9818857762711082e-07,2.9636038877130864e-07
microcase,audit_n40_tol1e-08,9,40,,5.791628229760866e-09,5.26990720508545e-08,3.949828897708669e-08,3.594020703871921e-07,1.5102222111171344e-08,2.062325285145295e-08,3.101990405946271e-18,5.791628229760866e-16,2.468643061067918e-18,1398,1.3247814497919584e-25,0.009625,0.008625,0.0005,sweep,1e-08,0.0010990000401092368,1.3741784858961638e-07,1.8765470517547085e-07
microcase,audit_n40_tol1e-08,10,40,,7.376636691463905e-09,6.05620688621237e-08,4.694192114954584e-08,3.853924193486338e-07,2.0376097524207358e-08,3.075866368705608e-08,-1.0535079617045568e-18,7.376636691463905e-16,2.933870071846615e-18,1398,-2.584939414228212e-26,0.009625,0.008625,0.0005,sweep,1e-08,0.0012180291773482245,1.6728743369324066e-07,2.5252813527850677e-07
microcase,audit_n40_tol1e-10,1,40,,6.408100627811388e-11,1.8266741667084157e-10,4.82656682099818e-10,1.3758468285509013e-09,1.710209125493791e-10,2.7182598254456024e-10,1.0050466585750195e-17,6.408100627811388e-18,3.0166042631238625e-20,1476,1.0081263715490023e-24,0.009125,0.009125,0.0005,sweep,1e-10,0.003508069881646433,4.8750714301368e-10,7.748590869489319e-10
microcase,audit_n40_tol1e-10,2,40,,1.1067144473248506e-10,4.3698612808523925e-10,8.724384556003711e-10,3.4448226787588577e-09,2.918237282385203e-10,4.706747214803338e-10,-3.054311652834713e-19,1.1067144473248506e-17,5.45274034750232e-20,1518,-5.169878828456428e-26,0.009625,0.009375,0.0005,sweep,1e-10,0.002532607733280204,1.1522658025708293e-09,1.858458833933676e-09
microcase,audit_n40_tol1e-10,3,40,,7.79047942238972e-11,5.087214967896353e-10,6.101737079576505e-10,3.9844593019755425e-09,2.090513502975412e-10,3.223169860071204e-10,1.0070124999508304e-18,7.790479422389721e-18,3.8135856747353156e-20,1518,5.81611368201348e-26,0.009625,0.009375,0.0005,sweep,1e-10,0.0015313839638294688,1.3651138789175715e-09,2.1047431187741814e-09
microcase,audit_n40_tol1e-10,4,40,,1.1785137969996058e-10,1.8812629873454067e-09,6.774463426226334e-10,1.0814084090768617e-08,2.8472723525726795e-10,4.2600648198149606e-10,-7.635069157272084e-19,1.1785137969996058e-17,4.234039641391459e-20,1237,-7.754818242684639e-26,0.009375,0.007625,0.0005,sweep,1e-10,0.0006264481919471403,4.5451042706703705e-09,6.800346580255474e-09
microcase,audit_n40_tol1e-10,5,40,,1.0752876577149791e-10,1.677317144797795e-09,7.7146841502219e-10,1.2033963097246794e-08,2.870089302589342e-10,3.915177490177846e-10,-4.472841332603137e-19,1.075287657714979e-17,4.821677593888688e-20,820,-6.866245319043691e-26,0.005125,0.005125,0.0005,sweep,1e-10,0.000641075935490189,4.476988050401194e-09,6.107197717824434e-09
microcase,audit_n40_tol1e-10,6,40,,9.537067300329728e-11,1.1894891248833118e-09,5.257894949223385e-10,6.55779042438327e-09,2.4744651265729324e-10,3.5656485328223835e-10,2.7329928289200906e-18,9.537067300329729e-18,3.286184343264616e-20,1119,3.134239039751707e-25,0.009875,0.006875000000000001,0.0005,sweep,1e-10,0.0008017784358697107,3.08622060144186e-09,4.447174397942779e-09
microcase,audit_n40_tol1e-10,7,40,,7.678085821509206e-11,8.722090633430711e-10,5.336939843882812e-10,6.062614316332779e-09,1.9999145301327987e-10,3.1966208242883624e-10,5.865338602499266e-19,7.678085821509204e-18,3.335587402426758e-20,820,9.693522803355793e-26,0.005125,0.005125,0.0005,sweep,1e-10,0.0008803033749821445,2.2718469415993816e-09,3.631271803715623e-09
microcase,audit_n40_tol1e-10,8,40,,8.609498377362864e-11,8.78211274177795e-10,5.529272260998462e-10,5.640130266328915e-09,2.344230023996342e-10,3.4263155534160707e-10,-3.998578156384264e-19,8.609498377362863e-18,3.455795163124039e-20,1476,-6.462348535570529e-27,0.009125,0.009125,0.0005,sweep,1e-10,0.0009803447792700347,2.3912301810204536e-09,3.495010761384691e-09
microcase,audit_n40_tol1e-10,9,40,,4.7463619529267294e-11,4.3188024617063605e-10,4.176377785619182e-10,3.800163333608772e-09,1.2679554341792722e-10,1.7987004162862254e-10,1.2296132701860953e-18,4.74636195292673e-18,2.610236116011989e-20,820,-1.1632227364026952e-25,0.005125,0.005125,0.0005,sweep,1e-10,0.0010989995479097324,1.1537360835051203e-09,1.6366707517826602e-09
microcase,audit_n40_tol1e-10,10,40,,7.294240943978364e-11,5.988562411747705e-10,7.211458484817609e-10,5.920598119494461e-09,1.8933271480200357e-10,2.664320525494899e-10,1.441876018258439e-18,7.294240943978364e-18,4.507161553011006e-20,820,1.906392817993306e-25,0.005125,0.005125,0.0005,sweep,1e-10,0.0012180287091388279,1.5544191477708748e-09,2.1874037167634823e-09
microcase,audit_n80_tol1e-06,1,80,,5.52986255590029e-07,3.0424220513338093e-06,1.6757526154873084e-05,9.219662619822303e-05,1.5394405964937439e-06,2.6479859580411044e-06,1.919716678682489e-18,5.529862555900291e-14,2.6183634616989196e-16,3240,1.8740810753154533e-25,0.0050625,0.0050625,0.0005,sweep,1e-06,0.0018175856152094275,8.46970059408379e-06,1.4568700015465273e-05
microcase,audit_n80_tol1e-06,2,80,,5.922739058307746e-07,4.576115063392269e-06,2.147624122100794e-05,0.00016593294080489252,1.6738688498429853e-06,2.797494571783014e-06,7.341297356167779e-19,5.922739058307746e-14,3.355662690782491e-16,3240,7.350921459211476e-26,0.0050625,0.0050625,0.0005,sweep,1e-06,0.0012942723196993273,1.293289537577256e-05,2.161442015875686e-05
microcase,audit_n80_tol1e-06,3,80,,5.779861644313468e-07,7.53490053022649e-06,1.8226265521653494e-05,0.00023760620269911,1.5892070259232252e-06,2.4735596897441783e-06,-1.0598661806006382e-18,5.779861644313469e-14,2.8478539877583586e-16,3240,-1.0662875083691372e-25,0.0050625,0.0050625,0.0005,sweep,1e-06,0.0007670786921641993,2.0717653118997637e-05,3.224649198331132e-05
microcase,audit_n80_tol1e-06,4,80,,4.984948844354707e-07,1.8406524777483705e-05,1.2205804734447807e-05,0.0004506895743336844,1.3191065917876431e-06,2.154092586210232e-06,-1.3356440644568515e-18,4.984948844354707e-14,1.90715698975747e-16,3240,-1.2843917714446426e-25,0.0050625,0.0050625,0.0005,sweep,1e-06,0.00027082509624264784,4.870695552548717e-05,7.95381453231445e-05
microcase,audit_n80_tol1e-06,5,80,,5.395684308409228e-07,2.320449535315724e-05,2.2941840484249092e-05,0.000986628943579879,1.5081136611423665e-06,2.3914963611963415e-06,6.433752327756266e-19,5.3956843084092293e-14,3.584662575663921e-16,3240,5.69494464697153e-26,0.0050625,0.0050625,0.0005,sweep,1e-06,0.00023252754374919354,6.485742019315494e-05,0.00010284787439099398
microcase,audit_n80_tol1e-06,6,80,,4.936122170364346e-07,1.6216809848676362e-05,5.461075004671948e-06,0.00017941455228120392,1.3579407657908945e-06,2.175506693826706e-06,-7.163330335949919e-19,4.936122170364346e-14,8.532929694799919e-17,6315,-9.693522803355792e-26,0.0094375,0.0098125,0.0005,sweep,1e-06,0.00030438305785322127,4.461288927735646e-05,7.147266044208586e-05
microcase,audit_n80_tol1e-06,7,80,,4.165890007012544e-07,1.4770508486138213e-05,1.881081024363997e-05,0.0006669528764972579,1.1620728478591253e-06,1.9015404503166077e-06,-4.770084121690414e-19,4.165890007012545e-14,2.9391891005687455e-16,3240,-4.8063717233305813e-26,0.0050625,0.0050625,0.0005,sweep,1e-06,0.0002820410692646186,4.120225649722087e-05,6.742069356333814e-05
microcase,audit_n80_tol1e-06,8,80,,4.1885109050170646e-07,1.5097523691490781e-05,1.808295580186617e-05,0.000651801701898023,1.154787955040241e-06,1.8700943088530905e-06,-1.1251523091167291e-19,4.188510905017065e-14,2.825461844041589e-16,3240,3.635071051258431e-27,0.0050625,0.0050625,0.0005,sweep,1e-06,0.0002774303250391837,4.162443146318417e-05,6.740771069597246e-05
microcase,audit_n80_tol1e-06,9,80,,3.693052416694923e-07,1.2220962052823939e-05,1.5387957997569525e-05,0.0005092146808115039,9.887719671846098e-07,1.6417110835614966e-06,6.947103561828839e-20,3.6930524166949234e-14,2.4043684371202384e-16,3240,2.3426013441443175e-26,0.0050625,0.0050625,0.0005,sweep,1e-06,0.0003021899913224554,3.272020899360392e-05,5.4327116407031804e-05
microcase,audit_n80_tol1e-06,10,80,,3.9208435224500456e-07,1.1765978303275473e-05,1.6449892975593082e-05,0.0004936414389755789,1.0776132821493376e-06,1.6817024861267583e-06,1.2863165920533818e-19,3.9208435224500456e-14,2.570295777436419e-16,3240,2.9888361977013707e-26,0.0050625,0.0050625,0.0005,sweep,1e-06,0.00033323565804626215,3.23378742979461e-05,5.046586238659046e-05
microcase,audit_n80_tol1e-08,1,80,,5.261083651643671e-09,2.8945451728693508e-08,4.7478349999834374e-08,2.6121658180608234e-07,1.4643896044565142e-08,2.3537808355193506e-08,1.8399248772335808e-18,5.26108365164367e-16,7.418492187474121e-19,3921,1.8740810753154533e-25,0.0001875,0.0061875,0.0005,sweep,1e-08,0.0018175856092887922,8.056784764209919e-08,1.2950041106676499e-07
microcase,audit_n80_tol1e-08,2,80,,5.8007765463615915e-09,4.481884336605665e-08,5.217904143829791e-08,4.0315365822544755e-07,1.5979180328329152e-08,2.5772456075673514e-08,-1.066702399901477e-18,5.800776546361591e-16,8.152975224734048e-19,3921,-1.0824433797080636e-25,0.0001875,0.0061875,0.0005,sweep,1e-08,0.0012942718086194041,1.234607771096714e-07,1.9912707596687065e-07
microcase,audit_n80_tol1e-08,3,80,,5.4789348393129776e-09,7.14260817909645e-08,5.367536655035204e-08,6.997384042381094e-07,1.5185788533911588e-08,2.406354000388928e-08,2.5037853486036e-19,5.478934839312977e-16,8.386776023492507e-19,6158,3.231174267785263e-26,0.0098125,0.0095625,0.0005,sweep,1e-08,0.0007670776139376682,1.979693874255802e-07,3.1370410981442947e-07
microcase,audit_n80_tol1e-08,4,80,,4.949999623695571e-09,1.827722780451888e-07,4.493566322999126e-08,1.6591907390662127e-06,1.3130040881610854e-08,2.0327069998613298e-08,-8.395097196407268e-19,4.949999623695571e-16,7.021197379686135e-19,4241,-7.754818242684633e-26,0.0001875,0.006687500000000001,0.0005,sweep,1e-08,0.0002708287972682448,4.848096293322193e-07,7.505505398113248e-07
microcase,audit_n80_tol1e-08,5,80,,5.580577567460159e-09,2.399911334584894e-07,5.8910935927356314e-08,2.5334478582906326e-06,1.5390453826330565e-08,2.591214436249865e-08,5.311538525511486e-19,5.580577567460159e-16,9.204833738649425e-19,4481,5.492996255234949e-26,0.0001875,0.007062500000000001,0.0005,sweep,1e-08,0.00023253265597936832,6.618620409038848e-07,1.1143443166450447e-06
microcase,audit_n80_tol1e-08,6,80,,4.1884046129455155e-09,1.3760326759529156e-07,4.206705587296615e-08,1.382045165441408e-06,1.1644946915136299e-08,1.992438477133226e-08,6.346188767276735e-20,4.1884046129455154e-16,6.572977480150961e-19,4481,-4.0389678347314083e-28,0.0001875,0.007062500000000001,0.0005,sweep,1e-08,0.00030438264193435714,3.825759196100163e-07,6.545834757433091e-07
microcase,audit_n80_tol1e-08,7,80,,4.366849034304916e-09,1.5483722699221789e-07,3.676401812665522e-08,1.3035574564415893e-06,1.2679352308097965e-08,2.0652345248158048e-08,-3.708435115443976e-20,4.3668490343049155e-16,5.744377832289879e-19,5038,-8.885729236409471e-27,0.0098125,0.0078125,0.0005,sweep,1e-08,0.00028202836741091943,4.495771976591264e-07,7.322790057521867e-07
microcase,audit_n80_tol1e-08,8,80,,3.5225882697853883e-09,1.269715702185216e-07,3.179486088092056e-08,1.1460446415373672e-06,9.671313704427322e-09,1.5928487727808555e-08,5.752235670213203e-19,3.5225882697853883e-16,4.967947012643838e-19,6235,4.0389678347315804e-28,0.0094375,0.0096875,0.0005,sweep,1e-08,0.00027743125990510446,3.4860216212604887e-07,5.741417795981933e-07
microcase,audit_n80_tol1e-08,9,80,,2.9086919323018785e-09,9.625353499636425e-08,2.7117118741371693e-08,8.973513175414185e-07,8.004137156206594e-09,1.2785151140354534e-08,2.042084782300372e-19,2.9086919323018788e-16,4.2370498033393276e-19,6235,-2.1810426307550543e-26,0.0094375,0.0096875,0.0005,sweep,1e-08,0.00030219066057280363,2.648704344811557e-07,4.230822725004217e-07
microcase,audit_n80_tol1e-08,10,80,,3.6801026444931792e-09,1.1043468990840666e-07,3.5885609188022195e-08,1.0768765183176795e-06,1.0121432210911418e-08,1.746568369821962e-08,-8.195278729114785e-20,3.680102644493179e-16,5.607126435628468e-19,4481,-4.8467614016778965e-27,0.0001875,0.007062500000000001,0.0005,sweep,1e-08,0.0003332379207607154,3.037299052822745e-07,5.241205340121246e-07
microcase,audit_n80_tol1e-10,1,80,,4.1593649929823123e-11,2.2884011471180268e-10,4.662329593387894e-10,2.5651224183865585e-09,1.118318610810239e-10,1.8181106426602525e-10,1.881491930481939e-18,4.159364992982312e-18,7.284889989668584e-21,6157,1.8740810753154533e-25,0.0096875,0.0095625,0.0005,sweep,1e-10,0.0018175856091579682,6.152769944785829e-10,1.000288863148805e-09
microcase,audit_n80_tol1e-10,2,80,,5.194180231613566e-11,4.01320660513047e-10,6.850455857818017e-10,5.292903494072546e-09,1.3643319404831416e-10,2.261871881627141e-10,-1.9224558749163521e-19,5.194180231613565e-18,1.0703837277840652e-20,3240,-1.2924697071141057e-26,0.0050625,0.0050625,0.0005,sweep,1e-10,0.0012942718236766935,1.0541309140203834e-09,1.7476018872154263e-09
microcase,audit_n80_tol1e-10,3,80,,5.717785197169498e-11,7.453984686584245e-10,1.0803722004355358e-09,1.4084260881021485e-08,1.5185380909766614e-10,2.3235174149956668e-10,-1.4688984485667848e-18,5.717785197169499e-18,1.6880815631805248e-20,3240,-1.357093192469811e-25,0.0050625,0.0050625,0.0005,sweep,1e-10,0.0007670776688688969,1.97964059260888e-09,3.0290510456676907e-09
microcase,audit_n80_tol1e-10,4,80,,6.480613612209316e-11,2.392881591981035e-09,4.852062853922537e-10,1.791560580685211e-08,1.6784177957435078e-10,2.499890372223905e-10,5.580559815714481e-19,6.480613612209317e-18,7.581348209253964e-21,5436,5.492996255234948e-26,0.0095625,0.0084375,0.0005,sweep,1e-10,0.00027082884643882867,6.197337609391647e-09,9.230517373224304e-09
microcase,audit_n80_tol1e-10,5,80,,5.605019014899705e-11,2.410422920775773e-09,5.203208003287716e-10,2.2376252068634735e-08,1.5049016825366048e-10,2.3838695109203837e-10,-2.504771424735126e-19,5.605019014899705e-18,8.130012505137056e-21,3761,-9.289626019882629e-27,0.0001875,0.0059375,0.0005,sweep,1e-10,0.0002325325969392865,6.471788051846898e-09,1.0251764880701024e-08
microcase,audit_n80_tol1e-10,6,80,,4.7970716821844816e-11,1.5760006866587302e-09,7.426997300537657e-10,2.4400204168159736e-08,1.2784174336210834e-10,2.1253827833768428e-10,-2.0092287255979168e-20,4.7970716821844814e-18,1.1604683282090089e-20,3240,5.6545549686242126e-27,0.0050625,0.0050625,0.0005,sweep,1e-10,0.00030438258833216154,4.20003470180756e-09,6.9826030293739756e-09
microcase,audit_n80_tol1e-10,7,80,,4.9834711711881616e-11,1.7670106790360089e-09,9.866044672931389e-10,3.4982456400484425e-08,1.3216411312978213e-10,2.103452792029551e-10,3.80319703168365e-19,4.983471171188161e-18,1.5415694801455295e-20,3240,3.150394911090635e-26,0.0050625,0.0050625,0.0005,sweep,1e-10,0.00028202835615610936,4.68619946345488e-09,7.458302493757898e-09
microcase,audit_n80_tol1e-10,8,80,,4.511296212671606e-11,1.6260952959631793e-09,5.985174438882455e-10,2.1573542374026954e-08,1.2223995896227337e-10,1.9021551639603814e-10,2.6829948247471833e-19,4.5112962126716065e-18,9.351835060753836e-21,3240,9.289626019882632e-27,0.0050625,0.0050625,0.0005,sweep,1e-10,0.0002774312319745963,4.406135462551908e-09,6.856312284748666e-09
microcase,audit_n80_tol1e-10,9,80,,3.8020658936971727e-11,1.2581680103230972e-09,3.7175170961079917e-10,1.230189380964165e-08,1.0068463483251679e-10,1.6239293568374224e-10,2.1401401928193437e-19,3.802065893697172e-18,5.808620462668737e-21,3240,4.0389678347315816e-26,0.0050625,0.0050625,0.0005,sweep,1e-10,0.00030219063451794516,3.33182512400257e-09,5.373857331574542e-09
microcase,audit_n80_tol1e-10,10,80,,3.5135344313506876e-11,1.0543620932677777e-09,2.9694543219734864e-10,8.910913315215268e-09,9.382222814850323e-11,1.4499901040733703e-10,-1.6454652406778778e-19,3.513534431350688e-18,4.6397723780835725e-21,4001,-3.9581884780369494e-26,0.0001875,0.0063125,0.0005,sweep,1e-10,0.0003332379316161882,2.8154726472304595e-09,4.351215652554878e-09
microcase,restart_n20_tol1e-8,1,20,,9.432677837914125e-09,1.4408108581830411e-08,4.287007089506193e-08,6.548263886254048e-08,2.4630379122967328e-08,3.08481512216413e-08,6.558274021645403e-18,9.432677837914127e-16,1.0717517723765482e-17,125,5.169878828456423e-25,0.00275,0.0032500000000000003,0.0005,restart,1e-08,0.0065467842530069235,3.762210296093788e-08,4.711954759693328e-08
microcase,restart_n20_tol1e-8,2,20,,1.8346003409153738e-08,3.7779078950070127e-08,8.403907045130875e-08,1.730577830311736e-07,4.606579979957634e-08,6.404374871119517e-08,-2.5627250911371874e-18,1.834600340915374e-15,2.100976761282719e-17,318,-4.1359030627651384e-25,0.00925,0.00775,0.0005,restart,1e-08,0.004856127761452396,9.486117759347984e-08,1.3188233888648893e-07
microcase,restart_n20_tol1e-8,3,20,,1.7614678255170418e-08,5.613202079311756e-08,8.003751646097204e-08,2.550524893577346e-07,4.744922369350629e-08,7.318818673936883e-08,-4.794254819826385e-18,1.7614678255170417e-15,2.000937911524301e-17,103,-4.135903062765138e-25,0.0017500000000000003,0.00275,0.0005,restart,1e-08,0.0031380801913566923,1.5120462448409415e-07,2.332259925700855e-07
microcase,restart_n20_tol1e-8,4,20,,1.9251508757308237e-08,1.1335964131265035e-07,1.085058634257766e-07,6.389206120583187e-07,4.421184044002214e-08,6.021350948415058e-08,-8.84130059022743e-18,1.9251508757308236e-15,2.7126465856444152e-17,318,-7.237830359838992e-25,0.00925,0.00775,0.0005,restart,1e-08,0.00169826831969341,2.6033483594632296e-07,3.545582802546831e-07
microcase,restart_n20_tol1e-8,5,20,,1.4572128235926945e-08,6.934015175119531e-08,5.967375961330409e-08,2.8395217775735196e-07,4.0261151943975746e-08,5.3428327635594474e-08,2.354718247648511e-18,1.4572128235926944e-15,1.4918439903326022e-17,87,3.618915179919496e-25,0.00375,0.00225,0.0005,restart,1e-08,0.002101542593707367,1.9157904324437392e-07,2.5423385562383794e-07
microcase,restart_n20_tol1e-8,6,20,,5.681890338275e-09,2.197564739100969e-08,2.6939323920124086e-08,1.0419227548847264e-07,1.4820311372908553e-08,2.2843847376537446e-08,4.401970068878081e-18,5.681890338274999e-16,6.7348309800310224e-18,21,5.105255343100718e-25,0.00075,0.00075,0.0005,restart,1e-08,0.002585539455187782,5.731999696686967e-08,8.835234492632543e-08
microcase,restart_n20_tol1e-8,7,20,,1.3373199606869592e-08,4.49998431235258e-08,5.735669953852387e-08,1.9300111844520287e-07,3.500929311133545e-08,4.8890597693033786e-08,-7.77046924304422e-18,1.3373199606869592e-15,1.433917488463097e-17,105,-1.033975765691285e-25,0.00275,0.00275,0.0005,restart,1e-08,0.0029718324950955485,1.1780372268326602e-07,1.6451330205763124e-07
microcase,restart_n20_tol1e-8,8,20,,1.1963809878713572e-08,3.579114235830029e-08,5.665751106369301e-08,1.6949759856645738e-07,3.033132150671478e-08,4.8008078000601315e-08,7.086369066036558e-18,1.1963809878713572e-15,1.4164377765923254e-17,37,-1.8094575899597476e-25,0.00875,0.00075,0.0005,restart,1e-08,0.003342673379615964,9.073971059116613e-08,1.4362180371363986e-07
microcase,restart_n20_tol1e-8,9,20,,1.1196649545571969e-08,3.012903123478923e-08,5.5895380761691765e-08,1.5040871521387064e-07,3.051190629443118e-08,4.424644484146368e-08,1.2440020930973266e-18,1.119664954557197e-15,1.3973845190422943e-17,377,2.584939414228216e-26,0.00875,0.00925,0.0005,restart,1e-08,0.0037162328447665057,8.210439864498928e-08,1.1906262790765395e-07
microcase,restart_n20_tol1e-8,10,20,,1.1631599972642592e-08,2.8545999571284087e-08,8.832543508255787e-08,2.1676620911399456e-07,3.0962142046012294e-08,4.90769019962803e-08,9.729873513868376e-18,1.1631599972642593e-15,2.208135877063947e-17,37,-2.326445472805392e-25,0.00875,0.00075,0.0005,restart,1e-08,0.004074686522570899,7.598656209380475e-08,1.2044338067340582e-07
microcase,reference_corner_n20_tol1e-8,1,20,,1.8052650725367144e-08,2.7574836783519615e-08,1.1092170065301937e-07,1.6942928979174747e-07,4.538189648937336e-08,6.14002450387159e-08,5.384953865655879e-18,1.8052650725367143e-15,2.7730425163254845e-17,38,5.169878828456423e-25,0.00925,0.00075,0.0005,reference_location,1e-08,0.006546784253735455,6.931937074828671e-08,9.378687712777801e-08
microcase,reference_corner_n20_tol1e-8,2,20,,1.9650148751425402e-08,4.046464437750576e-08,1.1086101247942788e-07,2.2829096624446017e-07,5.346311851404832e-08,7.591356575508238e-08,-1.803651573697321e-17,1.96501487514254e-15,2.7715253119856973e-17,318,-1.9645539548134407e-24,0.00925,0.00775,0.0005,reference_location,1e-08,0.00485612787501696,1.1009413238291548e-07,1.5632530219319496e-07
microcase,reference_corner_n20_tol1e-8,3,20,,1.6041100519024964e-08,5.111766371976556e-08,8.239364277681827e-08,2.625611951696625e-07,4.471967404686046e-08,6.077864149342291e-08,-4.343909906253815e-18,1.6041100519024966e-15,2.0598410694204568e-17,318,-2.5849394142282115e-25,0.00925,0.00775,0.0005,reference_location,1e-08,0.0031380738773517896,1.4250675986187822e-07,1.9368135955012572e-07
microcase,reference_corner_n20_tol1e-8,4,20,,1.1419361842190275e-08,6.724100385297402e-08,6.579231927179324e-08,3.874070771017987e-07,2.810217148875994e-08,3.906488798672069e-08,-3.542174791059596e-18,1.1419361842190274e-15,1.644807981794831e-17,318,-3.6189151799194956e-25,0.00925,0.00775,0.0005,reference_location,1e-08,0.0016982735515310434,1.6547494049721854e-07,2.30027064553308e-07
microcase,reference_corner_n20_tol1e-8,5,20,,7.917326941277283e-09,3.7674111969347366e-08,3.503250680302329e-08,1.667000230826769e-07,2.2249984036302964e-08,2.8500335492861914e-08,-8.15063709048833e-18,7.917326941277284e-16,8.758126700755822e-18,71,-1.1373733422604129e-24,0.00575,0.0017500000000000003,0.0005,reference_location,1e-08,0.0021015298111655622,1.0587517682636418e-07,1.3561708875809331e-07
microcase,reference_corner_n20_tol1e-8,6,20,,1.2549083566267433e-08,4.853566442818276e-08,6.244995745402012e-08,2.415355800713788e-07,3.247746289554458e-08,4.439013064061007e-08,-5.905475845356911e-18,1.2549083566267432e-15,1.561248936350503e-17,38,-2.0033280460268637e-25,0.00925,0.00075,0.0005,reference_location,1e-08,0.0025855386372295483,1.2561198052853223e-07,1.7168620109338184e-07
microcase,reference_corner_n20_tol1e-8,7,20,,9.939623342448436e-09,3.344618217115576e-08,6.169099690812618e-08,2.075861679886487e-07,2.708952035654221e-08,3.517531336087727e-08,-2.5788809624761137e-18,9.939623342448436e-16,1.5422749227031546e-17,38,2.5849394142282106e-25,0.00925,0.00075,0.0005,reference_location,1e-08,0.002971825989460897,9.115446345987564e-08,1.1836262784436527e-07
microcase,reference_corner_n20_tol1e-8,8,20,,1.0847687436937148e-08,3.245220829781369e-08,6.248571564472018e-08,1.8693380239143075e-07,2.6867659835285828e-08,3.7710686574245356e-08,-7.522577592187569e-18,1.0847687436937149e-15,1.5621428911180045e-17,38,-8.271806125530276e-25,0.00925,0.00075,0.0005,reference_location,1e-08,0.003342665416599079,8.037795138534006e-08,1.1281621662455605e-07
microcase,reference_corner_n20_tol1e-8,9,20,,4.832571608600244e-09,1.3003977635824259e-08,2.9128584590264854e-08,7.838217273406016e-08,1.3261462983196586e-08,1.758202215978446e-08,1.906392817993306e-18,4.832571608600244e-16,7.282146147566214e-18,56,-5.169878828456423e-26,0.00825,0.00125,0.0005,reference_location,1e-08,0.0037162257148821458,3.568530008844512e-08,4.731150233790911e-08
microcase,reference_corner_n20_tol1e-8,10,20,,1.1348025332236223e-08,2.7850086569586914e-08,6.020728469775104e-08,1.4775945962941458e-07,2.9424369715537456e-08,4.3427377764365754e-08,-1.2924697071141055e-18,1.1348025332236223e-15,1.505182117443776e-17,56,-1.0339757656912848e-25,0.00825,0.00125,0.0005,reference_location,1e-08,0.0040746822469947324,7.221267311638667e-08,1.0657856277356465e-07
