case_id,role,n,tolerance,iteration,cell_count,Np,R_initial,R_recursive,linear_iterations,converged,true_residual_L1,R_true,recursive_residual_L1,abs_L1_norm_drift,true_nonreference_L1,true_reference_residual,physical_reference_residual,q_reference,mapping_defect_L1,mapping_defect_max,sum_abs_q,max_abs_q,mean_abs_div_phi,max_abs_div_phi,P95_abs_div_phi,P99_abs_div_phi,signed_volume_mean_div_phi,net_boundary_flux,Up,Kp,epsilon_phi_mean,epsilon_phi_max,ratio_recursive,ratio_true,native_sum_local,native_global,reference_cell,max_cell_id,max_cell_x,max_cell_y,max_cell_z,epsilon_reference_corrected_prediction,reference_corrected_epsilon_error,relative_L1_norm_drift,physical_mapping_epsilon_rounding_proxy,closed_reference_bound_q_L1,reference_bound_verified,boundary_telescoping_error_m3_s
audit_n20_tol1e-8,sweep,20,1e-08,1.0,400.0,2.1897785228964028e-07,0.9999999999999543,4.318861780315706e-09,37.0,1.0,9.457351183457488e-16,4.3188619691768296e-09,9.457350769893454e-16,4.1356403326406545e-23,9.415215794377892e-16,4.213538907959612e-18,1.746194704630335e-18,1.7461947044283867e-18,8.715130808135105e-23,3.7223127564886245e-24,9.432677831336857e-16,1.071751773022783e-17,9.432677831336797e-09,4.287007092091131e-08,2.4630379137911583e-08,3.084815123288581e-08,6.108497087924552e-18,5.169878828456423e-25,0.0065467842530069235,3.3448154670602266,1.4408108571783755e-08,6.548263890202458e-08,0.9973911363597571,0.9973910927444686,9.432677831336797e-09,6.108497095628272e-18,210.0,125.0,0.002749999999999999,0.0032499999999999994,0.0004999999999999999,1.4408108434442094e-08,1.37341660924181e-16,4.3729372552798835e-08,1.331207883340934e-15,1.883043333789044e-15,True,9.386182594681301e-26
audit_n20_tol1e-8,sweep,20,1e-08,2.0,400.0,2.662429618981955e-07,0.5064765537785435,6.8549676700332685e-09,36.0,1.0,1.8251054498725763e-15,6.855037357083076e-09,1.8250868961860295e-15,1.8553686546802016e-20,1.8224017207049406e-15,-2.7037291676357267e-18,1.2202222782409517e-17,1.2200952233291558e-17,2.856637934260459e-19,2.541116613221374e-21,1.8346003404951193e-15,2.1009767586977794e-17,1.8346003404951075e-08,8.403907034791138e-08,4.6065799603767066e-08,6.404374876554345e-08,-2.501130831657515e-18,-4.1359030627651384e-25,0.004856127761452396,5.482618559001102,3.777907894141578e-08,1.7305778281825216e-07,1.0052125980023037,1.0052023791957916,1.8346003404951075e-08,-2.501130831657515e-18,210.0,318.0,0.009249999999999998,0.007749999999999999,0.0004999999999999999,3.7779126972341636e-08,-4.803092585656721e-14,1.0165816198783134e-05,5.8825427883843e-12,3.645374769573801e-15,True,1.6347722311076233e-25
audit_n20_tol1e-8,sweep,20,1e-08,3.0,400.0,2.750738650477305e-07,0.2338117017849441,6.378678756081839e-09,36.0,1.0,1.7545949620654129e-15,6.37863201493518e-09,1.7546078193332813e-15,1.2857267868461225e-20,1.7537343765910025e-15,8.605854744103691e-19,7.730272469839658e-18,7.730272470647452e-18,2.8354920284760307e-19,2.9646993259210136e-21,1.7614678265680821e-15,2.0009379186328844e-17,1.7614678265680707e-08,8.003751674531535e-08,4.7449223840847825e-08,7.318818653205687e-08,-6.883410932341251e-18,-4.1359030627651384e-25,0.0031380801913566928,8.76567354159313,5.613202082661029e-08,2.5505249026384047e-07,1.0039097097135972,1.0039170661327894,1.7614678265680707e-08,-6.883410932341251e-18,210.0,103.0,0.00175,0.0027499999999999994,0.0004999999999999999,5.613191957022973e-08,1.012563805635496e-13,7.327769739704687e-06,9.035753886359916e-12,3.5080358522760413e-15,True,2.7475078695761135e-25
audit_n20_tol1e-8,sweep,20,1e-08,4.0,400.0,2.549971780708029e-07,0.0866952443266073,7.556533468225382e-09,35.0,1.0,1.926966778678517e-15,7.556816092072488e-09,1.9268947103950493e-15,7.206828346789872e-20,1.9198788069758932e-15,-7.087971702623985e-18,5.2614810700039706e-18,5.262751617405368e-18,2.6385664898180946e-19,2.9646670141783358e-21,1.925150876739051e-15,2.7126465882293546e-17,1.9251508767390384e-08,1.0850586352917445e-07,4.421184049689091e-08,6.021350948208288e-08,-8.77768684683035e-18,-7.237830359838992e-25,0.0016982683196934104,15.015128947164017,1.1335964137201754e-07,6.389206126671614e-07,0.9990950031433524,0.999057637132327,1.9251508767390384e-08,-8.77768684683035e-18,210.0,318.0,0.009249999999999998,0.007749999999999999,0.0004999999999999999,1.1335909268688741e-07,5.48685130132672e-13,3.739985777924101e-05,1.5536805693310212e-11,3.840285328127519e-15,True,1.539856486991358e-25
audit_n20_tol1e-8,sweep,20,1e-08,5.0,400.0,2.2588155822680164e-07,0.16934600541511374,6.457105045309095e-09,35.0,1.0,1.4585872474361906e-15,6.457310011876499e-09,1.458540949268561e-15,4.629816762969496e-20,1.4514552300203094e-15,7.132017415881209e-18,5.73874640212867e-18,5.7400169543768286e-18,2.7550188063581745e-19,3.388120479907264e-21,1.457212825002799e-15,1.491843986455193e-17,1.4572128250027896e-08,5.967375945820767e-08,4.026115169840651e-08,5.3428327556753746e-08,9.542061509553297e-19,3.618915179919496e-25,0.0021015425937073668,10.748369264708488,6.934015181829344e-08,2.8395217701933983e-07,0.9990894158532689,0.9990577029685354,1.4572128250027896e-08,9.542061509553297e-19,210.0,87.0,0.0037500000000000003,0.00225,0.0005000000000000001,6.933931538375452e-08,8.364345389151648e-13,3.1741788303082214e-05,1.310950734287997e-11,2.903461464430253e-15,True,2.664709028964166e-25
audit_n20_tol1e-8,sweep,20,1e-08,6.0,400.0,2.0162443461739757e-07,0.23460846460789012,2.8007305964279672e-09,35.0,1.0,5.647841395066524e-16,2.801169117118104e-09,5.646957230204356e-16,8.841648621686114e-20,5.62541196262323e-16,2.2429432443293873e-18,-5.716323085878212e-18,-5.7158995681928945e-18,2.651246408020402e-19,2.9646282400871223e-21,5.682359180393524e-16,6.734904133816445e-18,5.682359180393487e-09,2.6939616535265797e-08,1.4824475008493861e-08,2.2864683729932053e-08,-8.667624973333916e-18,-3.166550782429559e-25,0.0025855394551875517,7.7981573328097085,2.197746071518099e-08,1.0419340722577228e-07,1.0062692081320912,1.0061116775264178,5.682359180393487e-09,-8.667624973333916e-18,210.0,21.0,0.00075,0.0007499999999999999,0.0004999999999999999,2.1978279801160306e-08,-8.190859793164578e-13,0.00015654916636663043,1.0254132470115735e-11,1.1256126426730127e-15,True,5.5010741909043575e-25
audit_n20_tol1e-8,sweep,20,1e-08,7.0,400.0,1.856805411173377e-07,0.23793771802499544,7.2127329291073425e-09,35.0,1.0,1.339318675962976e-15,7.213026566508205e-09,1.3392641532114916e-15,5.45227514843651e-20,1.3326796317223968e-15,6.639044240579206e-18,4.6090578963289076e-18,4.6090579050126884e-18,2.6216050026731914e-19,2.541157002899721e-21,1.3372886899761744e-15,1.4338069732558507e-17,1.3372886899761658e-08,5.735227893023396e-08,3.4999950359640653e-08,4.888683251991394e-08,9.136145242162776e-18,4.1359030627651384e-25,0.0029718324941079184,6.24801503737087,4.499879090182678e-08,1.9298624348425772e-07,0.9985249637044492,0.9984843144329769,1.3372886899761658e-08,9.136145242162776e-18,210.0,105.0,0.0027499999999999994,0.00275,0.0004999999999999999,4.499879089009138e-08,1.1735396638747016e-17,4.070931919557009e-05,8.82150998709011e-12,2.6658835853589427e-15,True,5.00024217939764e-25
audit_n20_tol1e-8,sweep,20,1e-08,8.0,400.0,1.7575676915902746e-07,0.20094487707515066,6.792764304759086e-09,35.0,1.0,1.1938965720996225e-15,6.792890981168221e-09,1.1938743078632243e-15,2.2264236398159435e-20,1.1866019243578684e-15,7.294647741754035e-18,9.725307936925521e-18,9.725731456630322e-18,2.727453836394283e-19,2.541279787521897e-21,1.1963179117054913e-15,1.4165345308746e-17,1.1963179117054837e-08,5.6661381234983946e-08,3.033069821578346e-08,4.8001025112316885e-08,6.676413830811259e-18,1.550963648536927e-25,0.003342673381075977,5.257970167053886,3.578925534508548e-08,1.695091765643736e-07,1.0020467848467571,1.0020280982980048,1.1963179117054837e-08,6.676413830811259e-18,210.0,37.0,0.008749999999999999,0.00075,0.0004999999999999999,3.5789546851550636e-08,-2.9150646515626417e-13,1.8648379531741916e-05,8.159498477581855e-12,2.373749340150657e-15,True,5.125450182274333e-25
audit_n20_tol1e-8,sweep,20,1e-08,9.0,400.0,1.6757516801876227e-07,0.15531390336229908,6.646432690137145e-09,34.0,1.0,1.1137589868098855e-15,6.6463247507243155e-09,1.1137770747751262e-15,1.8087965240675778e-20,1.1068167047741893e-15,-6.942282035696246e-18,-1.2839385500993471e-17,-1.2838962004310787e-17,2.716881936536714e-19,2.964679938875407e-21,1.1196533381100803e-15,1.3979902905467307e-17,1.119653338110073e-08,5.591961162186933e-08,3.050552932644458e-08,4.423609680786498e-08,7.512480172600692e-18,3.618915179919496e-25,0.003716232844567915,4.509275253398313,3.0128718649766274e-08,1.5047391797208843e-07,1.0052759779924008,1.0052923041429978,1.119653338110073e-08,7.512480172600692e-18,210.0,377.0,0.00875,0.009250000000000001,0.0005,3.012878131183629e-08,-6.266207001530345e-14,1.6240466254269897e-05,7.310849589277026e-12,2.214176786686934e-15,True,3.8935649926811967e-25
audit_n20_tol1e-8,sweep,20,1e-08,10.0,400.0,1.598948427389898e-07,0.12478843581558088,7.3299458466394566e-09,35.0,1.0,1.1720054310178167e-15,7.329851363192387e-09,1.1720205384337273e-15,1.5107415910623987e-20,1.1625389907993026e-15,9.46644021851406e-18,5.616803503676865e-19,5.59562752651473e-19,2.70629504251593e-19,2.5411780055324618e-21,1.1630930477765056e-15,2.2078796578692086e-17,1.1630930477764981e-08,8.831518631476826e-08,3.097115959358794e-08,4.909044135472117e-08,-1.6155871338926218e-19,-3.618915179919496e-25,0.004074686523620656,3.9241016900831567,2.8544356505319708e-08,2.1674105677286257e-07,0.9923828206379793,0.9923956126776894,1.1630930477764981e-08,-1.6155871338926218e-19,210.0,37.0,0.008749999999999999,0.00075,0.0004999999999999999,2.854449162676829e-08,-1.3512144858323223e-13,1.2890226880181007e-05,6.641725754429789e-12,2.3256192413147356e-15,True,3.457356466530234e-25
audit_n20_tol1e-06,sweep,20,1e-06,1.0,400.0,2.1897785228964028e-07,0.9999999999999543,9.487199919435402e-07,31.0,1.0,2.0774866625669915e-13,9.487199919282779e-07,2.0774866626004127e-13,3.3421196654955475e-24,2.0604372804220644e-13,1.7049382144927088e-15,-1.5580258810508674e-15,-1.5580258810534927e-15,9.10750328041607e-23,5.583469134732937e-24,2.0760175393051248e-13,2.714671707550519e-15,2.0760175393051113e-06,1.0858686830202076e-05,5.415375805114078e-06,7.3281512309518676e-06,6.423536579033613e-18,5.169878828456423e-25,0.006546784278379717,3.344815454097021,3.1710492526246967e-06,1.6586290869644363e-05,0.9992928362324843,0.9992928362485602,2.0760175393051113e-06,6.423536579033613e-18,210.0,316.0,0.008249999999999999,0.007749999999999999,0.0004999999999999999,3.1710492525139365e-06,1.1076014576534045e-16,1.6087321886177338e-11,1.3911414968250813e-15,4.120874562672053e-13,True,1.2536577505771906e-25
audit_n20_tol1e-06,sweep,20,1e-06,2.0,400.0,2.662497497734475e-07,0.5064909162047617,6.317124094920616e-07,31.0,1.0,1.681933049750946e-13,6.317125372632674e-07,1.6819327095604302e-13,3.401905159058486e-20,1.6707000545582974e-13,1.1232995192648684e-15,-2.5922919208207394e-16,-2.592287685647925e-16,2.6936050430577954e-19,2.964796261149047e-21,1.673292490454137e-13,2.335876676732472e-15,1.6732924904541263e-06,9.343506706929855e-06,4.3515391471387275e-06,5.631654307734136e-06,-8.417082749835724e-18,-7.754818242684634e-25,0.004856744912747049,5.482061639157634,3.4452962231192968e-06,1.923820763657325e-05,0.9948629222458303,0.9948627210232366,1.6732924904541263e-06,-8.417083735911856e-18,210.0,299.0,0.009749999999999997,0.007249999999999998,0.0004999999999999999,3.445295917955686e-06,3.051636109199828e-13,2.0226162745076127e-07,5.546111833026559e-12,3.341405496335098e-13,True,6.622645071510906e-26
audit_n20_tol1e-06,sweep,20,1e-06,3.0,400.0,2.7506900415449714e-07,0.23379567798239986,4.367906944998909e-07,31.0,1.0,1.201474746592336e-13,4.367903065943073e-07,1.201475813600362e-13,1.0670080258996268e-19,1.1960585807583668e-13,5.416165833969228e-16,4.6290125666409366e-17,4.62892786350777e-17,2.750798357758981e-19,2.96460239069298e-21,1.1965213528589236e-13,1.9224283742577752e-15,1.1965213528589158e-06,7.689713497031074e-06,3.0020787825010767e-06,4.125600671346821e-06,-3.911992783427181e-18,-6.203854594147708e-25,0.0031387284233610102,8.763708325550073,3.812121316242002e-06,2.4499454746698926e-05,0.9958763541593135,0.9958772385791199,1.1965213528589158e-06,-3.911992783427181e-18,210.0,299.0,0.009749999999999997,0.007249999999999998,0.0004999999999999999,3.8121217007473984e-06,-3.845053963064311e-13,8.880819417352813e-07,8.76405342139596e-12,2.392122663121945e-13,True,2.2918618107205264e-25
audit_n20_tol1e-06,sweep,20,1e-06,4.0,400.0,2.549926564927083e-07,0.08668077496205139,5.186649056926399e-07,30.0,1.0,1.322556766624727e-13,5.186646489415849e-07,1.3225574213210626e-13,6.546963356705539e-20,1.3144119688544727e-13,-8.144797770254231e-16,-4.955457770041728e-16,-4.955453534874972e-16,2.725341675259726e-19,2.964593908860527e-21,1.3193676405020742e-13,1.3127183371838384e-15,1.3193676405020656e-06,5.250873348735354e-06,3.3291589615728644e-06,4.3154318311966685e-06,2.1812950662447103e-18,-5.169878828456423e-26,0.0016988958140906059,15.009316897351974,7.766030321337297e-06,3.090756540327383e-05,0.9975881721522514,0.9975886659815807,1.3193676405020656e-06,2.1812950662447103e-18,210.0,22.0,0.00125,0.0007500000000000001,0.0005,7.766029037487421e-06,1.2838498761146141e-12,4.950232399788725e-07,1.604184113384588e-11,2.628829388395511e-13,True,2.6982829490903527e-25
audit_n20_tol1e-06,sweep,20,1e-06,5.0,400.0,2.2588488386045322e-07,0.1693736725413765,4.072830799742448e-07,30.0,1.0,9.199906976966754e-14,4.072829850203813e-07,9.199909121830997e-14,2.144864242805138e-20,9.174024021790915e-14,2.5882955175839106e-16,-1.6457205861610748e-16,-1.645716351056923e-16,2.6089019254079727e-19,2.5411036885243027e-21,9.1904823710588e-14,1.2375281095426577e-15,9.19048237105874e-07,4.950112438170613e-06,2.4470905473334044e-06,4.099223876218973e-06,-5.230463345977363e-19,0.0,0.002101992025389576,10.74622934492756,4.3722727108612165e-06,2.354962520494423e-05,0.9989753430553103,0.9989755759561971,9.19048237105874e-07,-5.230463345977363e-19,210.0,299.0,0.009749999999999997,0.007249999999999998,0.0004999999999999999,4.37227214675001e-06,5.641112060369362e-13,2.3313977501893268e-07,1.2411569092058987e-11,1.8348100221625568e-13,True,5.230463345977363e-26
audit_n20_tol1e-06,sweep,20,1e-06,6.0,400.0,2.016256723303964e-07,0.23467747778791917,7.39071447762866e-07,29.0,1.0,1.4901576843482077e-13,7.39071402527721e-07,1.4901577755538729e-13,9.120566514083943e-21,1.4849466360127456e-13,5.211048335462126e-16,-6.520029196122731e-16,-6.520029196066185e-16,2.7338395881767874e-19,2.9647187129666203e-21,1.4914666969957418e-13,1.9612903970450595e-15,1.4914666969957323e-06,7.845161588180242e-06,3.932409888510414e-06,5.266430654956978e-06,2.2173933412676234e-18,2.0679515313825692e-25,0.0025853568963169057,7.798755855241133,5.76890060757365e-06,3.0344598068283895e-05,1.0008783777552563,1.0008784390143965,1.4914666969957323e-06,2.2173933412676234e-18,210.0,21.0,0.00075,0.0007499999999999999,0.0004999999999999999,5.768900484623814e-06,1.2294983587279266e-13,6.12053785306168e-08,1.0574321835687017e-11,2.969898739706885e-13,True,1.4944180988505424e-26
audit_n20_tol1e-06,sweep,20,1e-06,7.0,400.0,1.856787817038758e-07,0.23801071762899048,9.357023342670775e-07,29.0,1.0,1.7374007794758886e-13,9.357023799556859e-07,1.737400694641837e-13,8.483405151280517e-21,1.726738769192984e-13,1.066201028290456e-15,-2.5464072718438874e-15,-2.5464060013065834e-15,2.7889182804185056e-19,2.9645506919046955e-21,1.7522027000314398e-13,2.5464060013065834e-15,1.7522027000314285e-06,1.0185624005226292e-05,4.5555230666928495e-06,7.026528009686167e-06,-1.7214080911625885e-17,-5.169878828456423e-25,0.002972346480177789,6.246875421225065,5.895014971224424e-06,3.426795655605078e-05,1.0085196267247112,1.008519577480572,1.7522027000314285e-06,-1.7214080911625885e-17,210.0,210.0,0.0052499999999999995,0.0052499999999999995,0.0004999999999999999,5.895015405812458e-06,-4.3458803450444755e-13,4.882814173618395e-08,9.382884192732766e-12,3.453483116239743e-13,True,1.2044202083169463e-24
audit_n20_tol1e-06,sweep,20,1e-06,8.0,400.0,1.7574969801332363e-07,0.2010547201423558,9.931280413694227e-07,29.0,1.0,1.7454194690354313e-13,9.931280046370895e-07,1.745419533592396e-13,6.455696481764471e-21,1.7361062909583934e-13,9.313178077037867e-16,5.3606541336289835e-16,5.360671074108195e-16,2.5051319064009083e-19,2.5411085352857044e-21,1.7414670912362963e-13,2.4521496996771787e-15,1.741467091236285e-06,9.80859879870872e-06,4.578882707637583e-06,6.009514445382519e-06,3.891545508763852e-18,5.169878828456423e-25,0.003343708407337661,5.2561311156094055,5.2081906646365795e-06,2.933449213808257e-05,0.9977355344775106,0.9977355713802601,1.741467091236285e-06,3.891545508763852e-18,210.0,21.0,0.00075,0.0007499999999999999,0.0004999999999999999,5.208190278227935e-06,3.8640864461056065e-13,3.698650436924525e-08,7.492076464871987e-12,3.472217592187048e-13,True,1.2783333196925705e-25
audit_n20_tol1e-06,sweep,20,1e-06,9.0,400.0,1.6756627068039846e-07,0.15545060110269743,5.986606500921611e-07,29.0,1.0,1.0031535948071465e-13,5.98660810874329e-07,1.0031533253904637e-13,2.6941668281347494e-20,1.0000727326900753e-13,3.0808621170712314e-16,5.480767967115487e-16,5.48077220237312e-16,2.8375946302493585e-19,2.9646670141783358e-21,1.0055535006570095e-13,1.3093997198311179e-15,1.005553500657003e-06,5.237598879324484e-06,2.889872166676801e-06,3.8859811098868025e-06,-4.757904109313771e-18,-2.5849394142282115e-25,0.003717325248790189,4.507710772279939,2.7050457879203937e-06,1.4089697642220225e-05,1.0023926305239645,1.0023923613116537,1.005553500657003e-06,-4.757904109313771e-18,210.0,181.0,0.0007500000000000001,0.00475,0.0005,2.7050457993141914e-06,-1.1393797621421335e-14,2.6856972273051523e-07,7.633431137544016e-12,2.000151140574169e-13,True,2.17296469508556e-25
audit_n20_tol1e-06,sweep,20,1e-06,10.0,400.0,1.5989329402950641e-07,0.12482510454129374,9.62371440800519e-07,27.0,1.0,1.5387669206895837e-13,9.62371142598152e-07,1.5387673974951713e-13,4.768055875737202e-20,1.5374155812661931e-13,1.3513394233905657e-16,-2.224778801184806e-16,-2.2247788011363384e-16,2.73595442379436e-19,2.5410923794143654e-21,1.5396404193163365e-13,1.6574409283348166e-15,1.5396404193163266e-06,6.629763713339268e-06,3.880148912248805e-06,5.714673985590188e-06,-8.199104704505055e-19,-1.0339757656912846e-25,0.004074944036885981,3.9238157035327967,3.778310586304149e-06,1.6269582240461017e-05,1.0005673513895514,1.000567661427477,1.5396404193163266e-06,-8.199084982982425e-19,210.0,52.0,0.006250000000000001,0.0012499999999999996,0.0005,3.77831044090584e-06,1.4539830919322433e-13,3.098621247719858e-07,6.714090792483964e-12,3.074836634442482e-13,True,2.1406529524077904e-26
audit_n20_tol1e-10,sweep,20,1e-10,1.0,400.0,2.1897785228964028e-07,0.9999999999999543,8.551677196033624e-11,40.0,1.0,1.872626515217215e-17,8.551670845416396e-11,1.8726279058617362e-17,1.3906445212836952e-23,1.868935200387752e-17,3.6913148294628926e-20,1.5249611472214497e-19,1.52496113712403e-19,8.342005279764084e-23,3.5155176033503676e-24,1.8841839383864717e-17,2.40388256746091e-19,1.8841839383864596e-10,9.615530269843674e-10,5.25039316423762e-10,7.404382603612479e-10,5.631898883426229e-18,5.169878828456423e-25,0.006546784252503271,3.3448154673175474,2.878029679481206e-10,1.4687409725113545e-09,1.0061710244136397,1.0061717716134744,1.8841839383864596e-10,5.631898883426229e-18,210.0,109.0,0.00475,0.00275,0.0005,2.8780310135293416e-10,-1.3340481355085155e-16,7.426171262572279e-07,1.2742141726412293e-15,3.7378871411050523e-17,True,4.620200549698064e-26
audit_n20_tol1e-10,sweep,20,1e-10,2.0,400.0,2.6624296556560656e-07,0.5064765605280642,6.543180841198388e-11,40.0,1.0,1.7473356312419263e-17,6.562936329716304e-11,1.742075871392719e-17,5.2597598492072456e-20,1.7459803785263194e-17,1.3552527156068805e-20,1.2965529793967585e-19,1.3092584927906702e-19,2.7762142675011445e-19,2.964613295906134e-21,1.7583759089543183e-17,2.275868548226601e-19,1.758375908954307e-10,9.103474192906398e-10,4.826739443252259e-10,6.379891643668925e-10,-1.2798731761795285e-17,-1.2407709188295415e-24,0.004856126097392435,5.482620513264014,3.6209436775097167e-10,1.8746371099783914e-09,1.0093566748895777,1.0063183497863804,1.758375908954307e-10,-1.2798731761795285e-17,210.0,259.0,0.009749999999999998,0.00625,0.0004999999999999999,3.6223790901945176e-10,-1.4354126848008682e-13,0.0030101600145753618,5.716931998516001e-12,3.5474851703899794e-17,True,3.910225734998703e-26
audit_n20_tol1e-10,sweep,20,1e-10,3.0,400.0,2.750738394990183e-07,0.23381161020586988,4.7762344567023386e-11,40.0,1.0,1.325748840704075e-17,4.819610774760013e-11,1.3138171503526198e-17,1.193169035145521e-19,1.3255794341146242e-17,-1.6940658945086007e-21,8.259881072998232e-20,8.259881153777588e-20,2.6999337484507133e-19,2.541176389945328e-21,1.331187113110335e-17,1.6408430259454075e-19,1.3311871131103264e-10,6.563372103781626e-10,3.2833415892633493e-10,4.707149234920779e-10,-7.128778228301193e-18,-5.686866711302065e-25,0.0031380868089603236,8.765654242374223,4.242034061356514e-10,2.091520248911193e-09,1.0132209895060764,1.0041020382136423,1.3311871131103264e-10,-7.128778228301193e-18,210.0,259.0,0.009749999999999998,0.00625,0.0004999999999999999,4.250485714607477e-10,-8.451653250962719e-13,0.00899996287767339,8.6037573617832e-12,2.705157614486045e-17,True,1.4419115169991283e-25
audit_n20_tol1e-10,sweep,20,1e-10,4.0,400.0,2.549971462022396e-07,0.0866954121474234,5.805011661733203e-11,39.0,1.0,1.486614006328803e-17,5.829924093149504e-11,1.4802614074126875e-17,6.352598916115527e-20,1.4730614791727342e-17,-1.3552527156068805e-19,6.061945822781519e-20,6.23135285651884e-20,2.47762381797834e-19,2.9646072374543817e-21,1.4791233872185447e-17,1.4155221290132598e-19,1.479123387218535e-10,5.662088516053035e-10,3.708589629793551e-10,4.696650826607344e-10,2.8116264839525033e-18,3.101927297073854e-25,0.0016982623833992792,15.015179556166704,8.709628156856948e-10,3.3340481255432834e-09,0.9992312032263734,0.9949612884862045,1.479123387218535e-10,2.8116264840126886e-18,210.0,259.0,0.009749999999999998,0.00625,0.0004999999999999999,8.710625910869367e-10,-9.977540124190625e-14,0.0042731999625129895,1.4589169743129288e-11,2.9956754686273164e-17,True,2.9030081312135025e-26
audit_n20_tol1e-10,sweep,20,1e-10,5.0,400.0,2.2588156062824622e-07,0.1693467593067476,7.181532109389058e-11,39.0,1.0,1.6266830905184308e-17,7.201486858839314e-11,1.6221756805706615e-17,4.507409947769306e-20,1.6256666509817256e-17,1.0164395367051604e-20,4.211419543396919e-20,4.1267171574392516e-20,2.6406388890103697e-19,2.5410964183822e-21,1.629680234878017e-17,1.816348392203227e-19,1.6296802348780064e-10,7.265393568812888e-10,4.1242968786657025e-10,6.403048660560119e-10,1.0185267137234297e-17,5.169878828456423e-25,0.0021015301246524263,10.748433152515645,7.754731734561933e-10,3.4571922065664025e-09,1.0046262278477234,1.0018424881755126,1.6296802348780064e-10,1.0185267137475038e-17,210.0,90.0,0.0052499999999999995,0.00225,0.0005,7.755270072127648e-10,-5.383375657149167e-14,0.002770920761420576,1.2565315424384443e-11,3.30414618159633e-17,True,5.015388308777874e-25
audit_n20_tol1e-10,sweep,20,1e-10,6.0,400.0,2.0162431845743495e-07,0.23460878507125643,2.8888495201135364e-11,39.0,1.0,5.835670100676108e-18,2.8943284943616958e-11,5.824623156189798e-18,1.104694448630999e-20,5.815341309942005e-18,2.0328790734103208e-20,-8.403327640977816e-21,-7.97980813812479e-21,2.6978107134760006e-19,2.117789163288889e-21,5.837691021910665e-18,7.035667418131032e-20,5.837691021910627e-11,2.814266967252411e-10,1.4422237259816195e-10,2.0284981284308453e-10,-3.9662664137063866e-18,-5.816113682013476e-26,0.00258553494312101,7.798166448837551,2.257827161625565e-10,1.0884660347522889e-09,1.0022435555692524,1.0003463049143786,5.837691021910627e-11,-3.9662664137063866e-18,210.0,259.0,0.009749999999999998,0.00625,0.0004999999999999999,2.2522693547706507e-10,5.557806854914393e-13,0.0018930035961131724,1.0434245805316642e-11,1.217024515920585e-17,True,3.384655045505039e-25
audit_n20_tol1e-10,sweep,20,1e-10,7.0,400.0,1.856804973028001e-07,0.2379374240346356,7.437437936420042e-11,39.0,1.0,1.3738241604631852e-17,7.398860841172832e-11,1.3809871746931848e-17,7.163014229999602e-20,1.3721300945686765e-17,1.6940658945086007e-20,4.1048111893475705e-20,4.020110055469932e-20,2.7613633447653286e-19,2.1177503891976757e-21,1.3759448614193603e-17,1.5368772796930317e-19,1.3759448614193515e-10,6.14750911877211e-10,3.609817253006573e-10,5.471743545115657e-10,2.1810426307550396e-18,4.1359030627651384e-25,0.002971823435302323,6.248032608434884,4.6299684061794775e-10,2.068598371540443e-09,0.9963487616929211,1.0015436480280417,1.3759448614193515e-10,2.1810426307550396e-18,210.0,90.0,0.0052499999999999995,0.00225,0.0005,4.6306593732213133e-10,-6.909670418358701e-14,0.005213923612745746,9.291814957655503e-12,2.7994875169402946e-17,True,1.9548604320100987e-25
audit_n20_tol1e-10,sweep,20,1e-10,8.0,400.0,1.757567418260349e-07,0.20094462022752396,7.301752901173783e-11,39.0,1.0,1.2868157933265766e-17,7.321572873718123e-11,1.283332299529102e-17,3.4834937974745764e-20,1.2829194417692068e-17,3.8963515573697816e-20,2.3941380082599948e-20,2.2247317419265615e-20,2.8968963979024213e-19,2.541383185098466e-21,1.2825485585041215e-17,1.3370733536944964e-19,1.2825485585041132e-10,5.348293414777971e-10,3.5173552884787406e-10,4.796709137082148e-10,-7.358999394880892e-18,-2.0679515313825692e-25,0.0033426651653237476,5.257982272627991,3.8369040722626324e-10,1.600008720664061e-09,0.9993892922158446,0.9966838805953542,1.2825485585041132e-10,-7.358999394880892e-18,210.0,90.0,0.0052499999999999995,0.00225,0.0005,3.8446691784836994e-10,-7.765106221067038e-13,0.002707064846064189,8.66642710120757e-12,2.623776885086456e-17,True,5.291047863498324e-25
audit_n20_tol1e-10,sweep,20,1e-10,9.0,400.0,1.6757518935524823e-07,0.15531397211335274,7.289055142634883e-11,38.0,1.0,1.2268197136403388e-17,7.321010457219672e-11,1.2214647957478864e-17,5.354917892452451e-20,1.2258032741036336e-17,1.0164395367051604e-20,4.0066441770986153e-20,3.9642905506416613e-20,2.7571729378511177e-19,2.5411634652482567e-21,1.2327581013382145e-17,1.3687667788644656e-19,1.2327581013382064e-10,5.475067115457861e-10,2.941992623570375e-10,4.024396593292118e-10,-6.462348535570487e-20,1.2924697071141057e-25,0.003716223840424875,4.509286753192142,3.317233176129847e-10,1.4732877648274003e-09,1.009245706982012,1.0048404729984772,1.2327581013382064e-10,-6.462348541589018e-20,210.0,142.0,0.00125,0.00375,0.0005,3.3091859302901304e-10,8.047245839716761e-13,0.004364877604194032,7.419286502225039e-12,2.5067500334599186e-17,True,1.3570931924698106e-25
audit_n20_tol1e-10,sweep,20,1e-10,10.0,400.0,1.5989492189758474e-07,0.12478845354139075,8.345527909454492e-11,39.0,1.0,1.3335431188294679e-17,8.340121768742747e-11,1.3344075332763397e-17,8.644144468718447e-21,1.3293079540931964e-17,4.2351647362715017e-20,-7.713537164136193e-20,-7.713537406474263e-20,2.5369187857135086e-19,2.9646847856368086e-21,1.3407950067259789e-17,1.6278521544252622e-19,1.3407950067259703e-10,6.511408617701047e-10,3.425825995940936e-10,4.6015729912802514e-10,1.7012132519889306e-17,7.754818242684634e-26,0.004074679430963284,3.924110463329956,3.290553353810699e-10,1.5980173969567227e-09,1.0047867486433895,1.0054380603027493,1.3407950067259703e-10,1.7012132519889306e-17,210.0,142.0,0.00125,0.00375,0.0005,3.2812924652175376e-10,9.26088859316147e-13,0.0006482088465430304,6.2260573591031246e-12,2.709354454021988e-17,True,1.6236650695620843e-24
audit_n40_tol1e-06,sweep,40,1e-06,1.0,1600.0,1.1240303832633596e-07,0.999999999999911,7.929769813836582e-07,59.0,1.0,8.913302201723157e-14,7.929769812667756e-07,8.913302203036952e-14,1.3137954572814885e-23,8.912417338590861e-14,8.84863132295433e-18,-3.892319468290083e-16,-3.8923194682898097e-16,4.644027420276255e-23,1.4023296322188047e-24,8.95134053392832e-14,4.2700061655420974e-16,8.95134053392811e-07,6.832009864867359e-06,2.4669921370130015e-06,4.278572635591234e-06,1.0133166818748804e-17,1.0081263715490025e-24,0.0035080698818347224,3.204127685949816,2.551642594202415e-06,1.947512476944791e-05,1.004267591294998,1.0042675914430244,8.95134053392811e-07,1.0133166818748804e-17,820.0,81.0,0.00037500000000000006,0.000625,0.0004999999999999999,2.5516425940158874e-06,1.8652766641371124e-16,1.4739716297597314e-10,1.3238126880891626e-15,1.782483468657111e-13,True,5.1903103258779536e-27
audit_n40_tol1e-06,sweep,40,1e-06,2.0,1600.0,1.3603123519563654e-07,0.504215899025577,6.677793440089555e-07,59.0,1.0,9.08388301294815e-14,6.677792052600235e-07,9.08388490036701e-14,1.8874188603462465e-20,9.083806144708187e-14,-7.686823996332776e-19,-3.438844920126819e-16,-3.438841743753267e-16,2.9392255364274207e-19,7.4118614059019065e-22,9.118196351507461e-14,4.3049687052665455e-16,9.118196351507248e-07,6.8879499284264764e-06,2.5104071733523206e-06,4.045292828823685e-06,-1.2240912438495197e-18,-1.2924697071141057e-25,0.002532599843249631,5.371209176933727,3.6003304571824906e-06,2.719715057546717e-05,1.0037771781035076,1.0037773866649757,9.118196351507248e-07,-1.2240912438495197e-18,820.0,81.0,0.00037500000000000006,0.000625,0.0004999999999999999,3.6003297506510047e-06,7.065314858775013e-13,2.0777665868835202e-07,1.1605566288972203e-11,1.8167671073940712e-13,True,6.8378463264586e-27
audit_n40_tol1e-06,sweep,40,1e-06,3.0,1600.0,1.3996099292384601e-07,0.22470422260002906,9.243818346833185e-07,58.0,1.0,1.2937745833679568e-13,9.243822556131127e-07,1.2937739942304373e-13,5.891375195227624e-20,1.2932494949384597e-13,5.250884294971496e-17,-5.58343366245148e-16,-5.583435780033848e-16,2.8375677841505553e-19,7.411530652301565e-22,1.2988328756647717e-13,7.755812662447251e-16,1.2988328756647414e-06,1.24093002599156e-05,3.4916814511529412e-06,5.888947704923965e-06,3.65810578969079e-19,5.816113682013476e-26,0.0015313581263685003,9.139664361578806,8.481574971263091e-06,8.103460612014588e-05,1.0039101740001686,1.0039097168562756,1.2988328756647414e-06,3.65810578969079e-19,820.0,42.0,0.000625,0.000375,0.0005,8.481575330772414e-06,-3.5950932274284985e-13,4.5536334311740636e-07,1.852974647334541e-11,2.5865046650132847e-13,True,2.1580078923226854e-26
audit_n40_tol1e-06,sweep,40,1e-06,4.0,1600.0,1.292485882830689e-07,0.07806473754077767,8.860478120915153e-07,57.0,1.0,1.1452037453499673e-13,8.860473917454656e-07,1.1452042886413025e-13,5.4329133522755e-20,1.1434163914818128e-13,1.787353868154453e-16,-6.036860990336462e-16,-6.036859931545278e-16,2.833863874699541e-19,7.411602911960484e-22,1.1494534615860668e-13,6.677307034653904e-16,1.1494534615860399e-06,1.0683691255446178e-05,2.9066022421883366e-06,4.769596343202894e-06,-4.936880871490229e-18,-4.588267460255075e-25,0.0006264272731104062,20.63265662768903,1.8349352126363305e-05,0.00017054958674449678,1.0037104060706978,1.003710882236768,1.1494534615860399e-06,-4.936879885414098e-18,820.0,1478.0,0.009624999999999996,0.009125,0.0004999999999999999,1.8349348771262227e-05,3.355101078553321e-12,4.7440583165533006e-07,4.523851365264678e-11,2.2868384506963115e-13,True,3.4861341123515474e-26
audit_n40_tol1e-06,sweep,40,1e-06,5.0,1600.0,1.1422454128071606e-07,0.17527971533914943,6.637371806061345e-07,57.0,1.0,7.581512747859407e-14,6.637376401650172e-07,7.58150749856915e-14,5.249290257427368e-20,7.580908135741657e-14,6.046121177501196e-18,-2.9355617752685626e-16,-2.9355607164778834e-16,2.7226970108947316e-19,7.411489820861111e-22,7.610263208307497e-14,3.246167348718905e-16,7.610263208307319e-07,5.193867757950251e-06,2.044574949102953e-06,3.2167737517382722e-06,4.616414017353253e-19,5.169878828456423e-26,0.0006411275649351748,17.81619564154331,1.1870123239946487e-05,8.101145609728087e-05,1.0037928749320335,1.003792179925597,7.610263208307319e-07,4.616414017353253e-19,820.0,81.0,0.00037500000000000006,0.000625,0.0004999999999999999,1.1870124073788527e-05,-8.33842040486271e-13,6.923803246139067e-07,4.246732101075746e-11,1.5161870725429256e-13,True,5.534648111031692e-27
audit_n40_tol1e-06,sweep,40,1e-06,6.0,1600.0,1.0188457279438527e-07,0.24373543522002525,4.874025403387278e-07,57.0,1.0,4.9658830495536693e-14,4.874028435664534e-07,4.9658799601309416e-14,3.089422727757083e-20,4.9650577853531595e-14,-8.252642005098648e-18,-2.993339794287189e-17,-2.99331861843574e-17,2.8936804482689883e-19,8.47039409602836e-22,4.9680508817244126e-14,2.0569822296643382e-16,4.968050881724296e-07,3.291171567462947e-06,1.4030011884926446e-06,2.082324126246172e-06,2.271919407036461e-19,2.003328046026864e-25,0.0008017803865274655,12.707291735539702,6.196273898942666e-06,4.104829231003153e-05,1.0004371675535653,1.000436545152012,4.968050881724296e-07,2.271919407036461e-19,820.0,1515.0,0.008875000000000001,0.009375,0.0005000000000000002,6.1962741761349025e-06,-2.771922367203819e-13,6.221295783505733e-07,3.6090686388595807e-11,9.930173444353079e-14,True,1.7761361053232178e-25
audit_n40_tol1e-06,sweep,40,1e-06,7.0,1600.0,9.377475173289798e-08,0.2510202466371081,5.917106035455093e-07,57.0,1.0,5.5487515358387383e-14,5.917106079516423e-07,5.5487514945203366e-14,4.1318401766677605e-22,5.5486880507193416e-14,-6.348511939670981e-19,-1.1023322593443456e-16,-1.1023354357192862e-16,2.8111087662181547e-19,7.411567097675387e-22,5.559711955652153e-14,2.2669753680962006e-16,5.559711955652023e-07,3.6271605889539276e-06,1.5086905373683064e-06,2.2983440847362897e-06,-2.8174325002148822e-18,-1.4863401631812216e-25,0.0008802423652363305,10.65328771215401,6.316114942001607e-06,4.1206385107130076e-05,1.00197530221756,1.0019752947564189,5.559711955652023e-07,-2.8174323769553658e-18,820.0,1515.0,0.008875000000000001,0.009375,0.0005000000000000002,6.31611431651991e-06,6.254816975164302e-13,7.446432138798588e-09,3.1935622247213907e-11,1.1097432323642182e-13,True,1.3310923370336608e-25
audit_n40_tol1e-06,sweep,40,1e-06,8.0,1600.0,8.825212281486018e-08,0.21762891922651972,6.167049664163823e-07,57.0,1.0,5.442552598415189e-14,6.167050066130255e-07,5.44255224367128e-14,3.547439093382964e-21,5.442275660993084e-14,-2.769374221047935e-18,-4.887654667269746e-17,-4.887665255191053e-17,2.714757257224339e-19,7.411551399343373e-22,5.4471641838427656e-14,2.415445848416152e-16,5.447164183842638e-07,3.864713357465843e-06,1.4416476758572491e-06,2.2218365075725706e-06,-3.35297439155131e-18,-3.101927297073854e-25,0.0009803298228584921,9.002288898804323,5.556460751096543e-06,3.9422582760941916e-05,1.0008473855582825,1.000847320323357,5.447164183842638e-07,-3.3529744531810682e-18,820.0,42.0,0.000625,0.000375,0.0005,5.556459876294672e-06,8.748018704151121e-13,6.517969333756992e-08,2.7692284718101517e-11,1.0884605617164842e-13,True,2.5104709447745674e-26
audit_n40_tol1e-06,sweep,40,1e-06,9.0,1600.0,8.347739305014474e-08,0.17154632658974464,5.990421927026623e-07,57.0,1.0,5.000652885925465e-14,5.990427711274572e-07,5.0006480573860686e-14,4.828539396343113e-20,5.0006395028048983e-14,1.3383120566617945e-19,-1.3076379354804696e-16,-1.3076379354806747e-16,2.837591672547282e-19,7.411990652872618e-22,5.0137146856779404e-14,2.6657028857592843e-16,5.013714685677823e-07,4.265124617214855e-06,1.3217613113699392e-06,2.0599614983927883e-06,-4.005646350094951e-18,-2.100263274060422e-25,0.0010990205600080736,7.595617051015821,4.561984432430446e-06,3.880841516908039e-05,1.0026129869852711,1.0026120188804222,5.013714685677823e-07,-4.0056459803164016e-18,820.0,42.0,0.000625,0.000375,0.0005,4.561985521110609e-06,-1.088680162933029e-12,9.655817963156828e-07,2.5819277416670317e-11,1.0001335757483304e-13,True,1.9053830760345294e-25
audit_n40_tol1e-06,sweep,40,1e-06,10.0,1600.0,7.882781335252661e-08,0.13768954897657096,5.465145575612374e-07,57.0,1.0,4.308054220831546e-14,5.465144899510857e-07,4.3080547537875885e-14,5.3295604252336074e-21,4.3080401600846216e-14,-1.4060746924421386e-19,-2.6302968505098242e-17,-2.6302756746842496e-17,2.829114560924211e-19,7.411586756089145e-22,4.3106713144946676e-14,2.157598250220473e-16,4.310671314494567e-07,3.4521572003527565e-06,1.1259553961297075e-06,1.7698601707533286e-06,8.62572068204843e-19,-8.077935669463161e-26,0.0012180590779742489,6.471591959531479,3.538967355888546e-06,2.8341459480717727e-05,1.0006073647751992,1.000607488561882,4.310671314494567e-07,8.62572068204843e-19,820.0,42.0,0.000625,0.000375,0.0005,3.5389666344660157e-06,7.214225300722051e-13,1.2371154474942725e-07,2.3226414975120128e-11,8.616136902485243e-14,True,1.670365635151159e-25
audit_n40_tol1e-08,sweep,40,1e-08,1.0,1600.0,1.1240303832633596e-07,0.999999999999911,7.311146213312727e-09,69.0,1.0,8.217950476133027e-16,7.311146209655052e-09,8.217950480244365e-16,4.111337934176556e-25,8.21772636639004e-16,2.2410974298637018e-20,-1.0549531141166675e-18,-1.0549531140893466e-18,4.366927760627799e-23,9.305781891221561e-25,8.228275882060901e-16,3.3742250766937693e-18,8.228275882060709e-09,5.3987601227100136e-08,2.2749982042310966e-08,3.4054368619109967e-08,1.0077378575531576e-17,1.0081263715490025e-24,0.0035080698816912677,3.2041276860808416,2.3455279283358498e-08,1.5389545547214784e-07,1.001256444881404,1.0012564453823203,8.228275882060709e-09,1.0077378571679716e-17,820.0,961.0,0.0003750000000000002,0.006125000000000001,0.0005,2.345527932745746e-08,-4.409896052761488e-17,5.002875043013346e-10,1.2448234806891786e-15,1.6435453616250782e-15,True,3.885139958448582e-28
audit_n40_tol1e-08,sweep,40,1e-08,2.0,1600.0,1.360236428356759e-07,0.5041880807750175,6.469962219322827e-09,69.0,1.0,8.800739038213067e-16,6.470006871411941e-09,8.800678300814852e-16,6.073739821516113e-21,8.800345167892594e-16,3.9387032047324966e-20,-2.0292218848702252e-18,-2.0296454013438524e-18,2.927046401059708e-19,7.411538288475128e-22,8.820755434921992e-16,3.6136662407190555e-18,8.820755434921785e-09,5.78186598515047e-08,2.3402645006557822e-08,3.624660328729827e-08,8.961459883310485e-20,1.9387045606711586e-26,0.0025326075537566686,5.370893040017434,3.4828749609617874e-08,2.2829695728318074e-07,1.0022813166691118,1.0022743995273593,8.820755434921785e-09,8.961459883310485e-20,820.0,961.0,0.0003750000000000002,0.006125000000000001,0.0005,3.482830021896679e-08,4.4939065108658366e-13,6.90139747939776e-06,1.1557441644355676e-11,1.7606544428885433e-15,True,1.04255857234011e-26
audit_n40_tol1e-08,sweep,40,1e-08,3.0,1600.0,1.399484377193955e-07,0.2246664432385809,9.004942417266487e-09,67.0,1.0,1.2602175218767765e-15,9.00487023944907e-09,1.260227623049562e-15,1.0101172785462031e-20,1.2601738996799929e-15,4.362219678359647e-20,1.711860011719261e-18,1.7116482535056202e-18,2.8380964551020183e-19,8.470330931935678e-22,1.2618859194645532e-15,5.321100556536295e-18,1.2618859194645237e-08,8.513760890458116e-08,3.486083767701075e-08,5.0627979879671494e-08,-7.882298164968166e-20,2.5849394142282115e-26,0.0015313836694749398,9.13869205405435,8.240168317174116e-08,5.559521797288853e-07,1.0013158705496223,1.001323896516922,1.2618859194645237e-08,-7.882298164968166e-20,820.0,1398.0,0.009625,0.008625,0.0005,8.24016589106084e-08,2.4261132761106494e-14,8.015420044643467e-06,1.853288964531734e-11,2.520915418710587e-15,True,3.373169230725028e-26
audit_n40_tol1e-08,sweep,40,1e-08,4.0,1600.0,1.292333035073509e-07,0.07799708558944121,8.944681081777134e-09,65.0,1.0,1.155970907055565e-15,8.944837558762958e-09,1.155950685017764e-15,2.022203780097981e-20,1.1546677468662143e-15,-1.303160189350741e-18,-4.582696591636208e-18,-4.5824848335544055e-18,2.8381111055500016e-19,7.411553308386763e-22,1.1592502852837974e-15,7.506546024122724e-18,1.1592502852837704e-08,1.201047363859642e-07,2.9594189677190325e-08,4.440456408978609e-08,4.139942030599773e-19,5.169878828456423e-26,0.0006264482826621832,20.629524748340298,1.8505123525239267e-07,1.917233069513123e-06,1.0028544472604233,1.002836903773457,1.1592502852837704e-08,4.139942030599773e-19,820.0,1557.0,0.009375,0.009624999999999998,0.0005000000000000004,1.8505122669877328e-07,8.553619386916821e-15,1.74935525431937e-05,4.53047950501043e-11,2.3099031160155367e-15,True,1.0299367978566494e-26
audit_n40_tol1e-08,sweep,40,1e-08,5.0,1600.0,1.1420957136808927e-07,0.17523797601074845,5.847227563308365e-09,67.0,1.0,6.677902009778549e-16,5.847059865285852e-09,6.678093536971254e-16,1.9152719270498343e-20,6.675932658176183e-16,-1.9693516023662483e-19,2.297267181211602e-19,2.294090805996874e-19,2.8455114976284243e-19,7.411602911960484e-22,6.678147875055927e-16,3.519608618940205e-18,6.67814787505577e-09,5.631373790304356e-08,1.7504732201172867e-08,2.6130301493659748e-08,-1.5669933021309813e-18,-1.9387045606711586e-25,0.0006410767856962935,17.815271729741394,1.041707955124662e-07,8.784242256078491e-07,1.0000081367660354,1.0000368177426109,6.67814787505577e-09,-1.5669933021309813e-18,820.0,1398.0,0.009625,0.008625,0.0005,1.0417202584755506e-07,-1.2303350888693363e-12,2.868074320715209e-05,4.438643796059197e-11,1.3357556341658039e-15,True,3.7171125854017727e-26
audit_n40_tol1e-08,sweep,40,1e-08,6.0,1600.0,1.018725538535892e-07,0.24373067040937083,8.28988596849469e-09,64.0,1.0,8.445421335659909e-16,8.290183190850043e-09,8.4451185476558885e-16,3.0278800402070166e-20,8.444815707102622e-16,-6.056285572868247e-20,-1.2434774152181223e-18,-1.2437950525768926e-18,2.8666964331257216e-19,8.470361784285681e-22,8.457438426166709e-16,3.634727125069359e-18,8.45743842616651e-09,5.815563400110978e-08,2.2942056423019466e-08,3.523719401044751e-08,1.6809679257173103e-18,1.6155871338926322e-25,0.0008017789684378975,12.705815176477461,1.0548341574292102e-07,7.253324954932922e-07,1.0014588165271212,1.0014229118985523,8.45743842616651e-09,1.6809679257173103e-18,820.0,81.0,0.00037500000000000006,0.000625,0.0004999999999999999,1.0548111126069597e-07,2.3044822250484155e-12,3.5852326602369845e-05,3.5754198425918974e-11,1.6895364808752464e-15,True,6.538079182467843e-27
audit_n40_tol1e-08,sweep,40,1e-08,7.0,1600.0,9.37660639730665e-08,0.2510219546832245,8.109635201419319e-09,67.0,1.0,7.604364269239328e-16,8.109932258032731e-09,7.604085730945159e-16,2.785382941690947e-20,7.60005710670254e-16,4.307162536788117e-19,-7.553389875937498e-19,-7.554448667318781e-19,2.8582253256123327e-19,7.411562522282136e-22,7.607420442124544e-16,3.212577593253847e-18,7.607420442124366e-09,5.140124149206182e-08,1.9896429246620474e-08,2.709761909683822e-08,1.7165613297608817e-20,6.462348535570529e-27,0.0008803043843542088,10.651550263702378,8.64180683106011e-08,5.839030499634484e-07,1.0004385420282433,1.0004018972233588,7.607420442124366e-09,1.716561522353876e-20,820.0,1398.0,0.009625,0.008625,0.0005,8.64202393011004e-08,-2.1709904992951812e-12,3.662874164193046e-05,3.2468602638042366e-11,1.5205830664168385e-15,True,4.745787205809647e-27
audit_n40_tol1e-08,sweep,40,1e-08,8.0,1600.0,8.824595516368491e-08,0.21762287892285975,8.08762383251617e-09,66.0,1.0,7.137196500139678e-16,8.087845484703629e-09,7.137000901049716e-16,1.955990899624538e-20,7.134871394699465e-16,2.3251054402130544e-19,-1.3002737686104036e-19,-1.3002737684526314e-19,2.797334635646148e-19,7.411545719544855e-22,7.136096489119993e-16,2.5242803470545314e-18,7.1360964891198266e-09,4.038848555287271e-08,1.9429331417929158e-08,2.905356297725236e-08,-8.354352530652408e-19,1.1632227364026952e-25,0.0009803456758886108,9.001514193827033,7.279163528366138e-08,4.119820849545089e-07,0.9998732784341403,0.9998458763157684,7.1360964891198266e-09,-8.354352569171007e-19,820.0,1398.0,0.009625,0.008625,0.0005,7.279240214936945e-08,-7.668657080775458e-13,2.7405591251218296e-05,2.8534166105344125e-11,1.4275337461832104e-15,True,1.998657989467936e-25
audit_n40_tol1e-08,sweep,40,1e-08,9.0,1600.0,8.347256892114669e-08,0.1715414129937387,6.936555140822648e-09,67.0,1.0,5.790253541224505e-16,6.936714199720311e-09,5.790120770676529e-16,1.3277054797646754e-20,5.786933172071268e-16,3.3203691532368573e-19,-4.696336968205717e-19,-4.696336967464188e-19,2.8545225399246313e-19,7.411667535445839e-22,5.791628243915114e-16,2.4686430675302667e-18,5.791628243914979e-09,3.9498289080484465e-08,1.5102222214568887e-08,2.062325335887657e-08,2.664835246708933e-18,1.3247814497919584e-25,0.0010990000401092368,7.595319915807088,5.269907217964533e-08,3.5940207132802716e-07,1.0002603526417306,1.0002374166659231,5.791628243914979e-09,2.664835246708933e-18,820.0,1398.0,0.009625,0.008625,0.0005,5.269908369123503e-08,-1.1511589702365883e-14,2.2930005919635363e-05,2.5973816521798317e-11,1.157957539188722e-15,True,1.3400537969169752e-25
audit_n40_tol1e-08,sweep,40,1e-08,10.0,1600.0,7.882405288557835e-08,0.1376930580928233,9.357726150096808e-09,66.0,1.0,7.376169366377633e-16,9.357764662373985e-09,7.376139009439904e-16,3.035693772938825e-21,7.374369421364718e-16,1.7999450129153882e-19,-2.1465614866983785e-19,-2.1476202769358133e-19,2.830175947715558e-19,8.470329472543003e-22,7.376636688497946e-16,2.933870097696009e-18,7.376636688497774e-09,4.6941921563136384e-08,2.0376097606925273e-08,3.07586637372039e-08,7.219655004582532e-19,-2.5849394142282115e-26,0.001218029177348225,6.471442092806398,6.05620688377718e-08,3.8539242274420546e-07,1.0000674714857472,1.0000633556656717,7.376636688497774e-09,7.219655004582532e-19,820.0,1398.0,0.009625,0.008625,0.0005,6.056108653900304e-08,9.822987687586566e-13,4.115542393557627e-06,2.323569911418003e-11,1.4754399195863819e-15,True,9.804594418810744e-26
audit_n40_tol1e-10,sweep,40,1e-10,1.0,1600.0,1.1240303832633596e-07,0.999999999999911,5.710966035159127e-11,78.0,1.0,6.419310088974694e-18,5.7109755968853146e-11,6.419299341303943e-18,1.0747670750810498e-23,6.406817803318234e-18,-1.2492285656459481e-20,-1.2841564279149788e-21,-1.2841564763247205e-21,4.513150520459251e-23,1.1931110983797089e-24,6.408100665968985e-18,3.016604101565149e-20,6.408100665968835e-11,4.82656656250423e-10,1.7102096247102336e-10,2.7182608595021423e-10,1.003294992934953e-17,1.0081263715490025e-24,0.0035080698816464325,3.2041276861217924,1.8266741775854644e-10,1.3758467548653824e-09,0.998255467654717,0.9982537963035993,6.408100665968835e-11,1.003294992934953e-17,820.0,1476.0,0.009125,0.009125000000000001,0.0005000000000000001,1.8266745463995895e-10,-3.688141250714872e-17,1.6742719391714475e-06,1.2865053071123848e-15,1.2813726882604628e-17,True,4.831378614049413e-27
audit_n40_tol1e-10,sweep,40,1e-10,2.0,1600.0,1.3602362557184917e-07,0.5041880196714855,8.08133900903553e-11,77.0,1.0,1.1065425453714032e-17,8.134929066325433e-11,1.0992530314842276e-17,7.289513887175625e-20,1.1064578420766778e-17,8.470329472543003e-22,6.801093031824219e-21,6.589334795010644e-21,2.900041219547734e-19,7.411541649022584e-22,1.1067144387257934e-17,5.45274034750232e-20,1.1067144387257675e-10,8.724384556003747e-10,2.918237308234612e-10,4.706747213510896e-10,-9.80711877370739e-20,-5.169878828456423e-26,0.0025326077332802044,5.3708919776403645,4.3698612468989176e-10,3.4448226787588714e-09,1.0067877067680144,1.000155342743132,1.1067144387257675e-10,-9.807118776716656e-20,820.0,1518.0,0.009624999999999998,0.009375000000000003,0.0005000000000000003,4.3714498736140784e-10,-1.588626715160828e-13,0.006587648995212337,1.1450810883340525e-11,2.270916517903356e-17,True,4.189166951085684e-26
audit_n40_tol1e-10,sweep,40,1e-10,3.0,1600.0,1.3994840776451452e-07,0.22466637690029703,5.4820049111361064e-11,77.0,1.0,7.768682548825293e-18,5.5511046341429894e-11,7.67197858670747e-18,9.670396211782236e-20,7.764023867615394e-18,-4.658681209898652e-21,3.249337978399494e-20,3.2599258925574516e-20,2.829642767752866e-19,7.411525792918389e-22,7.790479435669406e-18,3.813585028500462e-20,7.790479435669223e-11,6.101736045600764e-10,2.090513564367735e-10,3.223169859424988e-10,6.672185536359162e-19,5.816113682013476e-26,0.0015313839638294688,9.138688341397284,5.087214976567923e-10,3.98445862678515e-09,1.0154459306191561,1.002805737872171,7.790479435669223e-11,6.672185536359162e-19,820.0,1518.0,0.009624999999999998,0.009375000000000003,0.0005000000000000003,5.091226831868001e-10,-4.011855300078339e-13,0.01244792299209665,1.847768315842158e-11,1.6093976355503218e-17,True,8.56071854345687e-27
audit_n40_tol1e-10,sweep,40,1e-10,4.0,1600.0,1.292332865346362e-07,0.07799701316569543,9.051434617120027e-11,75.0,1.0,1.178246171076161e-17,9.117203490451942e-11,1.1697466434237975e-17,8.499527652363481e-20,1.1779920611919847e-17,2.541098841762901e-21,1.8671241302799584e-20,1.8882999586550382e-20,2.8666965117909003e-19,8.470332268068836e-22,1.1785137739959485e-17,4.234039641391459e-20,1.1785137739959208e-10,6.774463426226368e-10,2.8472713702956995e-10,4.2600628365201635e-10,-1.6413986627114254e-18,-7.754818242684634e-26,0.0006264481919471403,20.629525026315005,1.8812629506245965e-09,1.081408409076867e-08,1.0074948969688768,1.0002271197024497,1.1785137739959208e-10,-1.641398662741518e-18,820.0,1237.0,0.009375,0.007625,0.0005,1.883444435338394e-09,-2.18148471379756e-12,0.007213711243890881,4.576111079322569e-11,2.413318069033774e-17,True,8.659168384429621e-26
audit_n40_tol1e-10,sweep,40,1e-10,5.0,1600.0,1.142095674411083e-07,0.1752380033287115,9.323708218398524e-11,74.0,1.0,1.0711284761706718e-17,9.378623001290981e-11,1.0648566825704019e-17,6.271793600269854e-20,1.0700696849866039e-17,-1.0587911840678754e-20,-4.800501783854624e-20,-4.8216776039861074e-20,2.873043091459525e-19,7.411598872992649e-22,1.0752876165222402e-17,4.8216776039861074e-20,1.0752876165222151e-10,7.714684166377776e-10,2.8700902848663176e-10,3.915178524153592e-10,-1.139620018118456e-18,-6.866245319043687e-26,0.000641075935490189,17.815294744105007,1.6773170805421246e-09,1.2033963122447983e-08,1.0097956223805251,1.0038829518998855,1.0752876165222151e-10,-1.139620018118456e-18,820.0,820.0,0.005124999999999999,0.005124999999999999,0.0005,1.6766989729051218e-09,6.181076370028648e-13,0.005855314035429039,4.4815955995333e-11,2.1976002431985985e-17,True,4.529954862140874e-26
audit_n40_tol1e-10,sweep,40,1e-10,6.0,1600.0,1.018725573667138e-07,0.24373068710464382,9.251950147054824e-11,74.0,1.0,9.529235505113733e-18,9.35407508305799e-11,9.425198221098188e-18,1.0403728401554463e-19,9.514412428536783e-18,-1.4823076576950256e-20,-1.5499348422950767e-20,-1.5711106663314216e-20,2.847102906417777e-19,7.411586756089145e-22,9.537067375151608e-18,3.286184363459455e-20,9.537067375151385e-11,5.257894981535185e-10,2.4744649844012604e-10,3.5656459679162456e-10,3.1026846035427935e-18,3.1342390397517064e-25,0.0008017784358697107,12.705824054273487,1.1894891342152736e-09,6.557790464683431e-09,1.011869156640441,1.0008218781069762,9.537067375151385e-11,3.1026846035427935e-18,820.0,1119.0,0.009875,0.006874999999999999,0.0004999999999999997,1.1886230794998265e-09,8.660547154471002e-13,0.010917694704860054,3.5509846349627096e-11,1.9598245754936468e-17,True,3.1554436208912563e-27
audit_n40_tol1e-10,sweep,40,1e-10,7.0,1600.0,9.376606698594774e-08,0.2510218543832957,8.050023594202446e-11,75.0,1.0,7.647608340599788e-18,8.156051102949533e-11,7.548190515724463e-18,9.94178248753243e-20,7.631091198128329e-18,1.6517142471458857e-20,-3.367351075392124e-20,-3.33558734184224e-20,2.8592814448381097e-19,8.470329472543003e-22,7.678086177758789e-18,3.33558734184224e-20,7.678086177758609e-11,5.336939746947587e-10,1.9999150438895078e-10,3.1966166883852867e-10,-1.2924697071140754e-19,9.693522803355793e-26,0.0008803033749821445,10.65156281922098,8.722091038120064e-10,6.062614206217076e-09,1.017208847837601,1.003985276939092,7.678086177758609e-11,-1.2924697071140754e-19,820.0,820.0,0.005124999999999999,0.005124999999999999,0.0005,8.70659739513348e-10,1.549364298658399e-12,0.0129998583148581,3.2480637086005775e-11,1.5834038892019433e-17,True,1.098599251046987e-25
audit_n40_tol1e-10,sweep,40,1e-10,8.0,1600.0,8.824595642994757e-08,0.21762280230117803,9.611712565867234e-11,74.0,1.0,8.574166232691546e-18,9.716214294190342e-11,8.481947683046995e-18,9.221854964455096e-20,8.557649090220087e-18,-1.6517142471458857e-20,-2.6744743863881785e-20,-2.6532985207394208e-20,2.8550561315917575e-19,8.470103290344258e-22,8.609499454694424e-18,3.455795163124039e-20,8.609499454694222e-11,5.529272260998453e-10,2.3442346122638057e-10,3.4263155214274273e-10,-4.3305308253011653e-19,-6.462348535570529e-27,0.0009803447792700347,9.001522555733247,8.782113840709042e-10,5.640130266328906e-09,1.0150380285771357,1.004120893045922,8.609499454694222e-11,-4.3305308253011653e-19,820.0,1476.0,0.009125,0.009125000000000001,0.0005000000000000001,8.756288865861323e-10,2.582497484771931e-12,0.010755395585047145,2.912297991445044e-11,1.7686309450063834e-17,True,3.6842959717441125e-26
audit_n40_tol1e-10,sweep,40,1e-10,9.0,1600.0,8.34725703854702e-08,0.1715414317173382,5.5349902931842124e-11,75.0,1.0,4.719814775333439e-18,5.654330223135194e-11,4.620198668307135e-18,9.961610702630411e-20,4.707109281124625e-18,1.2705494208814505e-20,2.5678844613917536e-20,2.610236116011989e-20,2.82858359077789e-19,8.47039409602836e-22,4.746361274064589e-18,2.610236116011989e-20,4.7463612740644784e-11,4.176377785619185e-10,1.2679540124626032e-10,1.79869632174219e-10,-2.255384882463029e-18,-1.1632227364026952e-25,0.0010989995479097326,7.595323450699396,4.318801843997051e-10,3.800163333608774e-09,1.0273067490848138,1.0056244789244455,4.7463612740644784e-11,-2.255384882463029e-18,820.0,820.0,0.005124999999999999,0.005124999999999999,0.0005,4.306836751013397e-10,1.1965092983654177e-12,0.021105935670805338,2.5737804862229285e-11,9.979935505943316e-18,True,1.092162146060334e-25
audit_n40_tol1e-10,sweep,40,1e-10,10.0,1600.0,7.882405442877762e-08,0.13769307403593106,9.13467562336503e-11,74.0,1.0,7.251168201163195e-18,9.199181967625215e-11,7.200321685253532e-18,5.0846515909662937e-20,7.242697871690652e-18,-8.470329472543003e-21,-4.5601011216807304e-20,-4.507161553011006e-20,2.8799311208616673e-19,7.411602911960484e-22,7.294241760181583e-18,4.507161553011006e-20,7.294241760181412e-11,7.211458484817613e-10,1.8933188148215898e-10,2.664319493780947e-10,4.278781549918668e-19,1.906392817993306e-25,0.001218028709138828,6.4714447071207415,5.988563081849355e-10,5.920598119494462e-09,1.0130438720703827,1.0059402233989658,7.294241760181412e-11,4.278781549918668e-19,820.0,820.0,0.005124999999999999,0.005124999999999999,0.0005,5.983249354092293e-10,5.313727757061848e-13,0.007012182657893165,2.364419737608516e-11,1.5061382306044386e-17,True,1.4785146630014393e-25
audit_n80_tol1e-06,sweep,80,1e-06,1.0,6400.0,5.6929368220589844e-08,0.9999999999998244,9.667809316306655e-07,105.0,1.0,5.503822765648991e-14,9.667809318246401e-07,5.5038227645447055e-14,1.104285360451823e-23,5.503678921203326e-14,1.4384444566459775e-18,-2.6183634616989176e-16,-2.6183634616989196e-16,2.529508258126326e-23,3.3281094958188223e-25,5.529862555899848e-14,2.6183634616989196e-16,5.52986255590045e-07,1.6757526154873287e-05,1.539440596490524e-06,2.6479859580379322e-06,1.930528017388753e-18,1.8740810753154533e-25,0.0018175856152094275,3.132142318040764,3.0424220513338973e-06,9.219662619822416e-05,1.0047312190942792,1.0047312188926905,5.52986255590045e-07,1.9305278941292367e-18,3240.0,3240.0,0.005062500000000001,0.005062500000000001,0.0005,3.042422051289809e-06,4.408848842105996e-17,2.0063970216192266e-10,1.3916858919654624e-15,1.1007357847484974e-13,True,5.644694207330003e-27
audit_n80_tol1e-06,sweep,80,1e-06,2.0,6400.0,6.872824391805739e-08,0.5030042193182408,8.568982313855887e-07,105.0,1.0,5.889311034810455e-14,8.568982268530101e-07,5.889311065962072e-14,3.115161732490821e-22,5.889181989340941e-14,1.2904546951419266e-18,-3.3556618966890556e-16,-3.3556626907824436e-16,2.8947430078318244e-19,1.852888358651127e-22,5.922739058306562e-14,3.3556626907824436e-16,5.922739058307207e-07,2.14762412210079e-05,1.6738688498675408e-06,2.7974945718357846e-06,7.178782148931718e-19,7.350921459211476e-26,0.001294272319699327,5.310184176235119,4.576115063391853e-06,0.00016593294080489223,1.0056760446120243,1.0056760499315658,5.922739058307205e-07,7.178781840782927e-19,3240.0,3240.0,0.005062500000000001,0.005062500000000001,0.0005,4.57611472184206e-06,3.4154979327650006e-13,5.2895181016553e-09,2.23657955421955e-11,1.177842187354956e-13,True,1.7213931027975714e-27
audit_n80_tol1e-06,sweep,80,1e-06,3.0,6400.0,7.055154188945916e-08,0.22205336960769154,8.153553201581332e-07,104.0,1.0,5.752460089632128e-14,8.15355686860131e-07,5.752457502492992e-14,2.5871391358230247e-20,5.751383320173754e-14,1.076769458373348e-17,-2.847854252456218e-16,-2.8478539877584218e-16,2.8705252743536426e-19,1.8528857825272334e-22,5.779861644311727e-14,2.8478539877584218e-16,5.779861644312357e-07,1.822626552165412e-05,1.5892070259232843e-06,2.4735596897443032e-06,-1.1117929496869324e-18,-1.0662875083691372e-25,0.0007670786921641993,9.197432103141347,7.534900530225043e-06,0.0002376062026991182,1.0047639016553984,1.0047634497680369,5.779861644312352e-07,-1.1117929496869324e-18,3240.0,3240.0,0.005062500000000001,0.005062500000000001,0.0005,7.534900811472564e-06,-2.8124752130480974e-13,4.49744821434906e-07,3.742152276782554e-11,1.1502824050864113e-13,True,4.550544131779529e-27
audit_n80_tol1e-06,sweep,80,1e-06,4.0,6400.0,6.501520574744611e-08,0.07493703307435487,7.63896553997457e-07,101.0,1.0,4.96649082935964e-14,7.638968103326707e-07,4.9664891627909744e-14,1.666568665860798e-20,4.9658778739673597e-14,-6.1295539228057444e-18,-1.9071575191531251e-16,-1.9071569897575016e-16,2.899906251289577e-19,1.852900727990121e-22,4.984948844346722e-14,1.9071569897575016e-16,4.984948844347266e-07,1.2205804734448159e-05,1.3191065917410804e-06,2.1540925862353077e-06,-1.1922040069464479e-18,-1.2843917714446426e-25,0.0002708250962426479,24.00634455575059,1.8406524777456227e-05,0.0004506895743336973,1.0037168472437326,1.0037165104338794,4.984948844347266e-07,-1.1922040069464479e-18,3240.0,3240.0,0.005062500000000001,0.005062500000000001,0.0005,1.8406526991127257e-05,-2.2136710291166452e-12,3.355626181787753e-07,1.0707671820381753e-10,9.931813746073511e-14,True,9.218776449819455e-27
audit_n80_tol1e-06,sweep,80,1e-06,5.0,6400.0,5.7387546372818016e-08,0.17705613482287874,9.341792068225847e-07,93.0,1.0,5.361023810699727e-14,9.341789551119423e-07,5.361025255205343e-14,1.444505616035145e-20,5.359838282210926e-14,-1.1855284888008001e-17,3.5846625756638892e-16,3.5846625756638892e-16,2.8752867371488233e-19,2.1175881899292314e-22,5.395684308420939e-14,3.5846625756638892e-16,5.395684308421527e-07,2.294184048424917e-05,1.5081136610662713e-06,2.39149636118014e-06,5.295682421317121e-19,5.694944646971528e-26,0.00023252754374919354,24.679891873249662,2.320449535321013e-05,0.0009866289435798822,1.0064650046522245,1.006465275840043,5.395684308421528e-07,5.295682421317121e-19,3240.0,3240.0,0.005062500000000001,0.005062500000000001,0.0005,2.3204497931597308e-05,-2.5783871768886822e-12,2.6944584971850867e-07,1.2365359779700484e-10,1.0719734070162689e-13,True,3.992622256544072e-27
audit_n80_tol1e-06,sweep,80,1e-06,6.0,6400.0,5.11943577291807e-08,0.24568608197198585,9.635065710110751e-07,97.0,1.0,4.932610013492976e-14,9.635065722645831e-07,4.932610007075723e-14,6.417252828607026e-23,4.931756892496413e-14,8.531209965626906e-18,-4.365970069795224e-17,-4.365972716773184e-17,2.857814366383701e-19,2.1175833325182075e-22,4.936122170357137e-14,8.532929694799919e-17,4.936122170357675e-07,5.461075004671976e-06,1.3579407658276e-06,2.1755066938021302e-06,-1.1213795818376318e-18,-9.693522803355793e-26,0.0003043830578532213,16.81905625439674,1.6216809848654444e-05,0.00017941455228120482,1.0007120293873581,1.0007120280854465,4.936122170357675e-07,-1.1213795818376318e-18,3240.0,6315.0,0.009437499999999998,0.009812499999999998,0.0004999999999999993,1.621681213148686e-05,-2.2828324144485036e-12,1.300985241292716e-09,9.38887461917078e-11,9.863570941291367e-14,True,1.5202730150205248e-26
audit_n80_tol1e-06,sweep,80,1e-06,7.0,6400.0,4.716177881982287e-08,0.25220602617376897,8.771384158746066e-07,102.0,1.0,4.1367412647456064e-14,8.771385151840087e-07,4.1367407963848005e-14,4.6836080596112706e-21,4.136497996883155e-14,2.4326786245143506e-18,-2.9391891005688087e-16,-2.9391891005686824e-16,2.8703898904237625e-19,1.8528862563368146e-22,4.165890007008765e-14,2.9391891005686824e-16,4.165890007009219e-07,1.8810810243639795e-05,1.1620728478617253e-06,1.9015404502623266e-06,-3.4724473756474893e-19,-4.806371723330581e-26,0.0002820410692646186,16.72159978076794,1.4770508486126422e-05,0.0006669528764972516,1.007046419405692,1.0070463053881498,4.165890007009219e-07,-3.4724473756474893e-19,3240.0,3240.0,0.005062500000000001,0.005062500000000001,0.0005,1.4770508063775247e-05,4.2235117482622864e-13,1.1321974858631373e-07,1.0177205390363503e-10,8.27305340157026e-14,True,1.333924347683091e-26
audit_n80_tol1e-06,sweep,80,1e-06,8.0,6400.0,4.4407744470515117e-08,0.21771618297373496,9.368918271948404e-07,102.0,1.0,4.160528384030375e-14,9.368925248596653e-07,4.160525285858248e-14,3.0981721273140296e-20,4.160256740564191e-14,2.716434661844541e-18,-2.825461049948106e-16,-2.8254618440414626e-16,2.921875316379531e-19,1.8528926500544515e-22,4.1885109050309335e-14,2.8254618440414626e-16,4.18851090503139e-07,1.808295580186558e-05,1.1547879550426513e-06,1.8700943088658851e-06,1.634125365165504e-19,3.6350710512584224e-27,0.0002774303250391836,16.006809805037683,1.5097523691542423e-05,0.0006518017018980021,1.0067264629463517,1.006725713279103,4.18851090503139e-07,1.634125365165504e-19,3240.0,3240.0,0.005062500000000001,0.005062500000000001,0.0005,1.5097525327892796e-05,-1.6363503722193655e-12,7.446583321498163e-07,1.0531924784959438e-10,8.320571918636344e-14,True,1.270618260039662e-26
audit_n80_tol1e-06,sweep,80,1e-06,9.0,6400.0,4.199388168386267e-08,0.1708803096314707,8.738303943934371e-07,101.0,1.0,3.669555084479664e-14,8.738308861525877e-07,3.669553019392105e-14,2.065087558613301e-20,3.6690086211737426e-14,-5.464633059211119e-18,-2.4043692312135e-16,-2.404368437119986e-16,2.9386844928325437e-19,2.117582368135751e-22,3.6930524167032083e-14,2.404368437119986e-16,3.6930524167036105e-07,1.5387957997568098e-05,9.887719672363222e-07,1.6417110835635763e-06,1.122805447923819e-19,2.3426013441443167e-26,0.0003021899913224554,13.896516393574789,1.2220962052852687e-05,0.0005092146808114566,1.0064038854833048,1.0064033191170574,3.6930524167036105e-07,1.122805447923819e-19,3240.0,3240.0,0.005062500000000001,0.005062500000000001,0.0005,1.2220961685009041e-05,3.678436458291181e-13,5.627623815616129e-07,9.724625491308166e-11,7.338076016040903e-14,True,1.2197958962204976e-26
audit_n80_tol1e-06,sweep,80,1e-06,10.0,6400.0,3.962512138064779e-08,0.13712675264408308,9.832033320731597e-07,93.0,1.0,3.895953370860025e-14,9.832028862283157e-07,3.895955137525631e-14,1.7666656061195372e-20,3.895140409813074e-14,-8.129610469509961e-18,2.570294983343094e-16,2.570295777436419e-16,2.920286663765402e-19,2.1175812775355494e-22,3.920843522450044e-14,2.570295777436419e-16,3.920843522450471e-07,1.644989297559328e-05,1.0776132822475672e-06,1.6817024861267763e-06,5.273535151403039e-21,2.9888361977013695e-26,0.0003332356580462622,11.891020790803564,1.176597830327675e-05,0.0004936414389755849,1.0063882627098781,1.0063887190684022,3.920843522450471e-07,5.2735043365239285e-21,3240.0,3240.0,0.005062500000000001,0.005062500000000001,0.0005,1.1765977838551472e-05,4.647252787264413e-13,4.53461691644823e-07,8.76342790230446e-11,7.790339225365347e-14,True,2.936100846187339e-26
audit_n80_tol1e-08,sweep,80,1e-08,1.0,6400.0,5.6929368220589844e-08,0.9999999999998244,9.242869396341207e-09,128.0,1.0,5.26190712059795e-16,9.24286933979158e-09,5.261907152791295e-16,3.2193345502816416e-24,5.26085275301128e-16,1.0543675866692205e-19,-2.3089921220001388e-20,-2.308992121782627e-20,2.34498967765737e-23,3.0857714257349275e-25,5.261083651598862e-16,7.418492187474121e-19,5.261083651599436e-09,4.74783499998344e-08,1.4643896045776743e-08,2.353780835518157e-08,1.9270635775675912e-18,1.8740810753154533e-25,0.0018175856092887926,3.1321423282434586,2.8945451728450125e-08,2.612165818060824e-07,0.9998434975820515,0.9998435036992835,5.261083651599436e-09,1.9270635770861087e-18,3240.0,3921.0,0.0001875000000000001,0.006187500000000003,0.0004999999999999998,2.894545173188337e-08,-3.4332462196258435e-18,6.118189615471215e-09,1.2901673878101106e-15,1.052170597694756e-15,True,5.298250225213804e-27
audit_n80_tol1e-08,sweep,80,1e-08,2.0,6400.0,6.872596302387589e-08,0.5029879633716732,8.440131123183165e-09,128.0,1.0,5.800817027797384e-16,8.44050308292099e-09,5.800561394885502e-16,2.5563291188175752e-20,5.799241546515491e-16,1.5754812818929986e-19,1.5215007348827626e-19,1.52255952606539e-19,2.8468363375255197e-19,1.8529027474740383e-22,5.800776546460373e-16,8.152975216656113e-19,5.800776546461005e-09,5.217904138659915e-08,1.5979180330025372e-08,2.577245608194203e-08,-1.0798953589843174e-18,-1.0824433797080636e-25,0.0012942718086194041,5.310010043191249,4.4818843366824756e-08,4.031536578260047e-07,1.0000370915089463,0.9999930214421837,5.800776546461005e-09,-1.0798953589843174e-18,3240.0,3921.0,0.0001875000000000001,0.006187500000000003,0.0004999999999999998,4.481874724776098e-08,9.611906377269821e-14,4.4068432197873226e-05,2.1995660560375112e-11,1.1604176766791025e-15,True,2.548020723746089e-28
audit_n80_tol1e-08,sweep,80,1e-08,3.0,6400.0,7.05473085769597e-08,0.22202598185818723,7.765024130791894e-09,127.0,1.0,5.478364915683247e-16,7.765519374430743e-09,5.47801553462514e-16,3.493810581068324e-20,5.477257420104712e-16,-1.1074955785349977e-19,1.6615391159833572e-19,1.6618038137801753e-19,2.894741881003729e-19,1.8528849640532294e-22,5.478934840147315e-16,8.386776031570443e-19,5.478934840147912e-09,5.367536660205061e-08,1.518578852046185e-08,2.4063539901857183e-08,3.7888594847316713e-19,3.2311742677852644e-26,0.0007670776139376682,9.196893155938191,7.142608180184912e-08,6.997384049120773e-07,1.0001678172535957,1.000104031854913,5.478934840147912e-09,3.7888594847316713e-19,3240.0,6158.0,0.009812499999999998,0.009562499999999998,0.0004999999999999994,7.142587822102318e-08,2.0358082594551096e-13,6.377469618838974e-05,3.773727493029085e-11,1.0960304324350317e-15,True,5.57685216946407e-27
audit_n80_tol1e-08,sweep,80,1e-08,4.0,6400.0,6.501078840313809e-08,0.07490310625314799,7.614112442566763e-09,125.0,1.0,4.949836710652089e-16,7.613869685686135e-09,4.949994528814088e-16,1.578181619990408e-20,4.948739802985394e-16,-1.096907666694319e-19,1.2898602815417198e-19,1.2890661881324374e-19,2.877273441542751e-19,2.1175825249218558e-22,4.9499996233242875e-16,7.02119737965458e-19,4.949999623324827e-09,4.49356632297888e-08,1.3130040890981305e-08,2.0327069985753468e-08,-7.909711081425642e-19,-7.754818242684634e-26,0.0002708287972682448,24.004385448994434,1.8277227803149956e-07,1.6591907390587372e-06,1.0000010291951171,1.000032912736666,4.949999623324827e-09,-7.909711081425642e-19,3240.0,4241.0,0.0001875000000000001,0.006687499999999998,0.0004999999999999997,1.8277335789630693e-07,-1.0798648073743254e-12,3.188350873462448e-05,1.0623956796931493e-10,9.903234153644846e-16,True,1.5489283874100777e-27
audit_n80_tol1e-08,sweep,80,1e-08,5.0,6400.0,5.7383692529095425e-08,0.17704197784087197,9.720659641717753e-09,123.0,1.0,5.578061852182389e-16,9.720639447094012e-09,5.578073440603184e-16,1.1588420794819315e-21,5.577245524179473e-16,-8.16328002916332e-20,-3.3513178637782313e-19,-3.3523766549196514e-19,2.8983135116362186e-19,1.8529653514754766e-22,5.580577566227332e-16,9.20483373861787e-19,5.58057756622794e-09,5.8910935927154376e-08,1.5390453788374347e-08,2.591214433393519e-08,6.727888977029969e-19,5.492996255234949e-26,0.00023253265597936835,24.677691951444917,2.399911334054982e-07,2.5334478582819484e-06,1.000448923028858,1.0004510014610108,5.58057756622794e-09,6.727888977029969e-19,3240.0,4481.0,0.00018749999999999995,0.0070625,0.0005000000000000002,2.3999200788940095e-07,-8.744839027699819e-13,2.077499515407023e-06,1.246411390877234e-10,1.1160287676055008e-15,True,1.2348927217950207e-26
audit_n80_tol1e-08,sweep,80,1e-08,6.0,6400.0,5.119059517091168e-08,0.2456599382468508,8.182098482953042e-09,123.0,1.0,4.188248078647249e-16,8.181674904665225e-09,4.1884649108937977e-16,2.1683224654866452e-20,4.1875079836095856e-16,-7.400950376634449e-20,-9.37523931921634e-20,-9.375239319304779e-20,2.918963848523068e-19,2.1175818345453042e-22,4.1884046128775087e-16,6.572977447839218e-19,4.1884046128779655e-09,4.2067055666171e-08,1.1644946902989226e-08,1.992438483417906e-08,-2.1477724220775914e-20,-4.0389678347315804e-28,0.0003043826419343571,16.817843108792317,1.3760326759307233e-07,1.3820451586474878e-06,0.9999856037909898,1.0000373746319033,4.1884046128779655e-09,-2.1477724220775914e-20,3240.0,4481.0,0.00018749999999999995,0.0070625,0.0005000000000000002,1.376046111211819e-07,-1.3435281095590766e-12,5.177158622817266e-05,9.589784193911326e-11,8.380853894937695e-16,True,1.7438756386044335e-27
audit_n80_tol1e-08,sweep,80,1e-08,7.0,6400.0,4.715823173825165e-08,0.2521808493583043,9.258779933166174e-09,124.0,1.0,4.366262459439908e-16,9.258749317986584e-09,4.3662768970172457e-16,1.443757733781684e-21,4.3647409765084024e-16,1.521482931505537e-19,-2.1118587231036704e-19,-2.111329327369965e-19,2.957607803566332e-19,2.1175904460714203e-22,4.366849033393239e-16,5.744377865106492e-19,4.366849033393715e-09,3.676401833668187e-08,1.2679352308097943e-08,2.0652345248174052e-08,-2.5239407447322717e-19,-8.885729236409477e-27,0.0002820283674109194,16.72109517605602,1.5483722695990909e-07,1.3035574638885942e-06,1.0001310352937955,1.0001343423485831,4.366849033393715e-09,-2.5239407447322717e-19,3240.0,5038.0,0.009812499999999997,0.007812499999999999,0.0004999999999999996,1.5483734299228152e-07,-1.1603237243184656e-13,3.306621503387328e-06,1.0486916017412727e-10,8.735397168876332e-16,True,1.6353678210913243e-26
audit_n80_tol1e-08,sweep,80,1e-08,8.0,6400.0,4.440478064325842e-08,0.21768462735877986,7.928876807313585e-09,125.0,1.0,3.5210786722199896e-16,7.929503583201606e-09,3.520800353761789e-16,2.783184582005322e-20,3.5210013804635527e-16,-7.72917564369549e-21,1.5876878367083496e-19,1.5868937432111216e-19,2.927433316333641e-19,2.1175832965264287e-22,3.522588270423752e-16,4.967946948020352e-19,3.522588270424136e-09,3.179486046732983e-08,9.671313657252226e-09,1.592848776619502e-08,4.51792473333701e-19,4.0389678347315804e-28,0.00027743125990510446,16.00568755606414,1.2697157024154522e-07,1.1460446266295039e-06,1.0005078154062477,1.0004287317450964,3.522588270424136e-09,4.51792473333701e-19,3240.0,6235.0,0.009437499999999998,0.009687499999999998,0.0005000000000000007,1.269715703778899e-07,-1.3634467005803818e-16,7.90435216334023e-05,1.0551923086587183e-10,7.047857628011566e-16,True,4.4775350549896944e-26
audit_n80_tol1e-08,sweep,80,1e-08,9.0,6400.0,4.199077760928239e-08,0.1708367080070665,6.922484557061245e-09,125.0,1.0,2.906885233112502e-16,6.922675403062582e-09,2.906805095392505e-16,8.01377199973993e-21,2.9068428814651395e-16,4.235164736271502e-21,1.8567002160110672e-19,1.8559061229462027e-19,2.9000344713875365e-19,2.1175843236325717e-22,2.9086919318683385e-16,4.2370497265989388e-19,2.9086919318686555e-09,2.7117118250232847e-08,8.004137166546309e-09,1.2785151140354398e-08,-1.7211958875792827e-19,-2.1810426307550534e-26,0.0003021906605728037,13.895458426707584,9.625353498202815e-08,8.973513012888033e-07,1.0006491100758097,1.0006215239374627,2.9086919318686555e-09,-1.7211958851718702e-19,3240.0,6235.0,0.009437499999999998,0.009687499999999998,0.0005000000000000007,9.625376184937795e-08,-2.2686734979936822e-13,2.756824352215415e-05,9.596704497387537e-11,5.819485832137143e-16,True,4.598467431757706e-27
audit_n80_tol1e-08,sweep,80,1e-08,10.0,6400.0,3.9622773144898896e-08,0.1370840385163679,9.285311263101387e-09,123.0,1.0,3.6790684590299914e-16,9.285237167968494e-09,3.679097817576409e-16,2.935854641762053e-21,3.6784914178346744e-16,-5.770411953169921e-20,1.6012881662224997e-19,1.6012881662774734e-19,2.870923430956897e-19,1.8529168838614598e-22,3.680102643155269e-16,5.607126500251953e-19,3.68010264315567e-09,3.588560960161251e-08,1.0121431818485376e-08,1.746568367269342e-08,-2.970219080338477e-19,-4.8467614016778965e-27,0.0003332379207607154,11.89023537731011,1.104346898682699e-07,1.0768765307289415e-06,1.000273117386023,1.0002810994513405,3.68010264315567e-09,-2.970219080338477e-19,3240.0,4481.0,0.00018749999999999995,0.0070625,0.0005000000000000002,1.1043439166827225e-07,2.9819999764329426e-13,7.979885871806008e-06,8.615236298447529e-11,7.362724682828285e-16,True,2.4855429401706877e-26
audit_n80_tol1e-10,sweep,80,1e-10,1.0,6400.0,5.6929368220589844e-08,0.9999999999998244,7.296438373989183e-11,149.0,1.0,4.153803174362068e-18,7.296415372584e-11,4.15381626891672e-18,1.3094554652097796e-23,4.153045776659906e-18,-7.573977021621182e-22,6.317571803145799e-21,6.317571802954335e-21,2.5749964818250723e-23,3.90972086402017e-25,4.159364988229833e-18,7.284890393565367e-21,4.1593649882302864e-11,4.662329851881849e-10,1.1183186257544049e-10,1.818110658371849e-10,1.909558757932595e-18,1.8740810753154533e-25,0.0018175856091579687,3.1321423284689005,2.288401144503555e-10,2.5651225606048694e-09,1.0013358124081304,1.001338969044584,4.1593649882302864e-11,1.909558757932595e-18,3240.0,6157.0,0.009687499999999998,0.009562500000000002,0.0004999999999999999,2.2884002423356362e-10,9.021679187666529e-17,3.1524254044870168e-06,1.4167126262723814e-15,8.306143244205324e-18,True,3.547768261714184e-27
audit_n80_tol1e-10,sweep,80,1e-10,2.0,6400.0,6.872595500571044e-08,0.5029879068701895,7.181892951900743e-11,149.0,1.0,5.184036732631922e-18,7.543055214294484e-11,4.935824518681594e-18,2.482122139503275e-19,5.183401457921481e-18,-6.352747104407253e-22,1.0650897721147227e-20,1.0703837282573818e-20,2.86921083902607e-19,2.1175820887141308e-22,5.194180240457947e-18,1.0703837282573818e-20,5.1941802404585124e-11,6.850455860847326e-10,1.3643320014715644e-10,2.261871849638512e-10,-7.241250071863915e-20,-1.2924697071141057e-26,0.001294271823676694,5.3100093619039885,4.0132066119643865e-10,5.2929034964130955e-09,1.0523429714323316,1.0019566813178953,5.1941802404585124e-11,-7.241250071863915e-20,3240.0,3240.0,0.005062500000000001,0.005062500000000001,0.0005,4.013148706620944e-10,5.790534344246616e-15,0.04788010323844885,2.21685335842001e-11,1.094064510225632e-17,True,5.6834469992771415e-27
audit_n80_tol1e-10,sweep,80,1e-10,3.0,6400.0,7.054729449549271e-08,0.2220258933699489,7.721502007267299e-11,148.0,1.0,5.68998068202724e-18,8.065483903696371e-11,5.4473107605422424e-18,2.4266992148499793e-19,5.689239528198393e-18,-7.411538288475128e-22,1.6986694754872208e-20,1.6880815636538413e-20,2.941594363985153e-19,2.117583146716042e-22,5.717785217350927e-18,1.6880815636538413e-20,5.71778521735155e-11,1.0803722007384716e-09,1.5185381216728255e-10,2.3235171709612478e-10,-1.358033909099435e-18,-1.357093192469811e-25,0.0007670776688688969,9.19689066161015,7.453984712894557e-10,1.4084260884970707e-08,1.0496528413190367,1.0048865781586063,5.71778521735155e-11,-1.358033909099435e-18,3240.0,3240.0,0.005062500000000001,0.005062500000000001,0.0005,7.438777812746075e-10,1.5206900148481853e-12,0.04264863714766407,3.8348064131794037e-11,1.1966798064997208e-17,True,9.407166296241413e-29
audit_n80_tol1e-10,sweep,80,1e-10,4.0,6400.0,6.501077505876416e-08,0.07490299765197948,9.645037931786599e-11,142.0,1.0,6.478407581810073e-18,9.965128974318717e-11,6.270313914166264e-18,2.08093667643809e-19,6.4781958235732595e-18,2.117582368135751e-22,-2.9066878591149734e-21,-2.9066878675690355e-21,2.913668283203851e-19,1.8529088059257904e-22,6.480613558721984e-18,7.581348209253964e-21,6.480613558722691e-11,4.852062853922552e-10,1.678418189946771e-10,2.499890435554918e-10,5.957842404398395e-19,5.492996255234949e-26,0.00027082884643882867,24.004376163620755,2.3928815722318e-09,1.7915605806852162e-08,1.0335389340046595,1.0003405122144684,6.480613558722691e-11,5.957842404398395e-19,3240.0,5436.0,0.0095625,0.008437499999999997,0.0004999999999999999,2.3930621116110303e-09,-1.8053937923012895e-13,0.032121113871885695,1.0758338048240193e-10,1.3539125363365713e-17,True,4.648461491634462e-27
audit_n80_tol1e-10,sweep,80,1e-10,5.0,6400.0,5.738368291210741e-08,0.1770418800961891,9.351099626848367e-11,143.0,1.0,5.607377968977009e-18,9.771728973139689e-11,5.366005358665926e-18,2.4137261031108234e-19,5.6069544525033815e-18,4.235164736271502e-22,-5.745722393908825e-21,-5.639843268099918e-21,2.9021544187615886e-19,1.8528889384638924e-22,5.605019162298168e-18,8.13002219865986e-21,5.6050191622987786e-11,5.203214207142306e-10,1.504901428081628e-10,2.3838699174021143e-10,-2.3452834712223236e-20,-9.289626019882635e-27,0.00023253259693928644,24.677694081357703,2.410422984164337e-09,2.237627874813977e-08,1.044542222315571,0.9995793387405146,5.6050191622987786e-11,-2.3452834712223236e-20,3240.0,3761.0,0.00018749999999999998,0.005937500000000002,0.0005,2.413680649357265e-09,-3.257665192927974e-12,0.04304553958133084,1.2480634788245763e-10,1.1794339804993049e-17,True,6.944342548660312e-27
audit_n80_tol1e-10,sweep,80,1e-10,6.0,6400.0,5.1190584509419886e-08,0.24565983744509173,8.85400781421644e-11,144.0,1.0,4.785170352702139e-18,9.347754862657586e-11,4.532418352607107e-18,2.527520000950318e-19,4.78315864945241e-18,-2.0117032497289633e-21,1.1631153056249107e-20,1.1604683275779201e-20,2.883225548396906e-19,2.1175770551575542e-22,4.7970718583791284e-18,1.1604683275779201e-20,4.797071858379651e-11,7.426997296498779e-10,1.2784176791903311e-10,2.1253826141036515e-10,2.0129758148979362e-20,5.6545549686242126e-27,0.0003043825883321616,16.817842567776264,1.5760007445448168e-09,2.4400204154890647e-08,1.0583912351382547,1.0024871644685063,4.797071858379651e-11,2.0129758148979362e-20,3240.0,3240.0,0.005062500000000001,0.005062500000000001,0.0005,1.57524231560047e-09,7.584289443468718e-13,0.05281985414632213,9.472373450121748e-11,1.0142962417880334e-17,True,3.641579153726276e-27
audit_n80_tol1e-10,sweep,80,1e-10,7.0,6400.0,4.715821980026664e-08,0.25218080837166085,9.949201071393778e-11,145.0,1.0,4.965704455897643e-18,1.0529881061942814e-10,4.691866109618362e-18,2.738383462792812e-19,4.965280939424016e-18,-4.235164736271502e-22,1.5442164573177627e-20,1.5415694795144407e-20,2.884284355638697e-19,1.8528865916026994e-22,4.983471004521771e-18,1.5415694795144407e-20,4.9834710045223136e-11,9.86604466889254e-10,1.3216411619939732e-10,2.1034530505234815e-10,2.493865422720717e-19,3.150394911090633e-26,0.0002820283561561093,16.72109161043672,1.767010619940587e-09,3.498245638616372e-08,1.0621511543787698,1.003577850591375,4.9834710045223136e-11,2.493865422720717e-19,3240.0,3240.0,0.005062500000000001,0.005062500000000001,0.0005,1.7660268996009139e-09,9.83720339673196e-13,0.05514592112989129,1.0226930351791213e-10,1.0507418788045016e-17,True,6.565294883699153e-27
audit_n80_tol1e-10,sweep,80,1e-10,8.0,6400.0,4.4404772437831456e-08,0.21768453113101066,9.372900674286471e-11,146.0,1.0,4.5029179234627026e-18,1.014061704688832e-10,4.162015215240878e-18,3.4090270822182483e-19,4.502812044344296e-18,-1.0587911840678754e-22,9.219486173670767e-21,9.351835060753836e-21,2.875158779415522e-19,1.852900727990121e-22,4.511295976086502e-18,9.351835060753836e-21,4.511295976086993e-11,5.985174438882527e-10,1.2223995896227306e-10,1.9021549668587526e-10,1.1420536540112138e-19,9.289626019882635e-27,0.0002774312319745963,16.005686209800032,1.6260952106863303e-09,2.1573542374027215e-08,1.0839210677478048,1.0018605830188787,4.511295976086993e-11,1.1420536540112138e-19,3240.0,3240.0,0.005062500000000001,0.005062500000000001,0.0005,1.6264080461633884e-09,-3.1283547705810243e-13,0.0757070668433756,1.0363500745578613e-10,9.580655855992232e-18,True,2.1309105202295037e-27
audit_n80_tol1e-10,sweep,80,1e-10,9.0,6400.0,4.199077335178165e-08,0.1708365926877082,8.23209870800137e-11,146.0,1.0,3.797676013057493e-18,9.044072566232836e-11,3.4567219105718007e-18,3.4095410248569195e-19,3.7967231009918315e-18,-9.529120656610879e-22,5.782150688650696e-21,5.8086204752905115e-21,2.866025011780011e-19,2.1175768646907864e-22,3.8020657455656605e-18,5.8086204752905115e-21,3.802065745566075e-11,3.7175171041859723e-10,1.006846710216687e-10,1.6239293434280618e-10,-2.3969538605143056e-20,4.0389678347315804e-26,0.00030219063451794516,13.895458215894068,1.2581679613040077e-09,1.2301893836373056e-08,1.0999050094072318,1.0011558996852483,3.802065745566075e-11,-2.3969538605143056e-20,3240.0,3240.0,0.005062500000000001,0.005062500000000001,0.0005,1.2583221606231856e-09,-1.5419931917797398e-13,0.0897796708601246,9.484162261851355e-11,8.166651287515976e-18,True,4.278663220783011e-26
audit_n80_tol1e-10,sweep,80,1e-10,10.0,6400.0,3.962277086835284e-08,0.13708395846760732,7.98321422014715e-11,142.0,1.0,3.5154730177548835e-18,8.872355316681631e-11,3.1631706783786666e-18,3.5230233937621695e-19,3.514837743044443e-18,6.352747104407253e-22,-3.868156406851421e-21,-3.788747062585934e-21,2.880845123885983e-19,2.1175825106545667e-22,3.513534251949716e-18,4.639778840432108e-21,3.513534251950099e-11,2.9694584578766086e-10,9.382216998736668e-11,1.4499899027712142e-10,7.173506641628052e-20,-3.958188478036949e-26,0.0003332379316161882,11.890234306817531,1.0543620394321929e-09,8.910925726476801e-09,1.1107634108920843,0.9994485049962335,3.513534251950099e-11,7.173506641628052e-20,3240.0,4001.0,0.00018749999999999995,0.0063124999999999995,0.0005,1.0558901482318824e-09,-1.5281087996895364e-12,0.10021477553572884,8.645009617944811e-11,7.605844597203358e-18,True,4.675539142199754e-26
restart_n20_tol1e-8,restart,20,1e-08,1.0,400.0,2.1897785228964028e-07,0.9999999999999543,4.318861780315706e-09,37.0,1.0,9.457351183457488e-16,4.3188619691768296e-09,9.457350769893454e-16,4.1356403326406545e-23,9.415215794377892e-16,4.213538907959612e-18,1.746194704630335e-18,1.7461947044283867e-18,8.715130808135105e-23,3.7223127564886245e-24,9.432677831336857e-16,1.071751773022783e-17,9.432677831336797e-09,4.287007092091131e-08,2.4630379137911583e-08,3.084815123288581e-08,6.108497087924552e-18,5.169878828456423e-25,0.0065467842530069235,3.3448154670602266,1.4408108571783755e-08,6.548263890202458e-08,0.9973911363597571,0.9973910927444686,9.432677831336797e-09,6.108497095628272e-18,210.0,125.0,0.002749999999999999,0.0032499999999999994,0.0004999999999999999,1.4408108434442094e-08,1.37341660924181e-16,4.3729372552798835e-08,1.331207883340934e-15,1.883043333789044e-15,True,9.386182594681301e-26
restart_n20_tol1e-8,restart,20,1e-08,2.0,400.0,2.662429618981955e-07,0.5064765537785435,6.8549676700332685e-09,36.0,1.0,1.8251054498725763e-15,6.855037357083076e-09,1.8250868961860295e-15,1.8553686546802016e-20,1.8224017207049406e-15,-2.7037291676357267e-18,1.2202222782409517e-17,1.2200952233291558e-17,2.856637934260459e-19,2.541116613221374e-21,1.8346003404951193e-15,2.1009767586977794e-17,1.8346003404951075e-08,8.403907034791138e-08,4.6065799603767066e-08,6.404374876554345e-08,-2.501130831657515e-18,-4.1359030627651384e-25,0.004856127761452396,5.482618559001102,3.777907894141578e-08,1.7305778281825216e-07,1.0052125980023037,1.0052023791957916,1.8346003404951075e-08,-2.501130831657515e-18,210.0,318.0,0.009249999999999998,0.007749999999999999,0.0004999999999999999,3.7779126972341636e-08,-4.803092585656721e-14,1.0165816198783134e-05,5.8825427883843e-12,3.645374769573801e-15,True,1.6347722311076233e-25
restart_n20_tol1e-8,restart,20,1e-08,3.0,400.0,2.750738650477305e-07,0.2338117017849441,6.378678756081839e-09,36.0,1.0,1.7545949620654129e-15,6.37863201493518e-09,1.7546078193332813e-15,1.2857267868461225e-20,1.7537343765910025e-15,8.605854744103691e-19,7.730272469839658e-18,7.730272470647452e-18,2.8354920284760307e-19,2.9646993259210136e-21,1.7614678265680821e-15,2.0009379186328844e-17,1.7614678265680707e-08,8.003751674531535e-08,4.7449223840847825e-08,7.318818653205687e-08,-6.883410932341251e-18,-4.1359030627651384e-25,0.0031380801913566928,8.76567354159313,5.613202082661029e-08,2.5505249026384047e-07,1.0039097097135972,1.0039170661327894,1.7614678265680707e-08,-6.883410932341251e-18,210.0,103.0,0.00175,0.0027499999999999994,0.0004999999999999999,5.613191957022973e-08,1.012563805635496e-13,7.327769739704687e-06,9.035753886359916e-12,3.5080358522760413e-15,True,2.7475078695761135e-25
restart_n20_tol1e-8,restart,20,1e-08,4.0,400.0,2.549971780708029e-07,0.0866952443266073,7.556533468225382e-09,35.0,1.0,1.926966778678517e-15,7.556816092072488e-09,1.9268947103950493e-15,7.206828346789872e-20,1.9198788069758932e-15,-7.087971702623985e-18,5.2614810700039706e-18,5.262751617405368e-18,2.6385664898180946e-19,2.9646670141783358e-21,1.925150876739051e-15,2.7126465882293546e-17,1.9251508767390384e-08,1.0850586352917445e-07,4.421184049689091e-08,6.021350948208288e-08,-8.77768684683035e-18,-7.237830359838992e-25,0.0016982683196934104,15.015128947164017,1.1335964137201754e-07,6.389206126671614e-07,0.9990950031433524,0.999057637132327,1.9251508767390384e-08,-8.77768684683035e-18,210.0,318.0,0.009249999999999998,0.007749999999999999,0.0004999999999999999,1.1335909268688741e-07,5.48685130132672e-13,3.739985777924101e-05,1.5536805693310212e-11,3.840285328127519e-15,True,1.539856486991358e-25
restart_n20_tol1e-8,restart,20,1e-08,5.0,400.0,2.2588155822680164e-07,0.16934600541511374,6.457105045309095e-09,35.0,1.0,1.4585872474361906e-15,6.457310011876499e-09,1.458540949268561e-15,4.629816762969496e-20,1.4514552300203094e-15,7.132017415881209e-18,5.73874640212867e-18,5.7400169543768286e-18,2.7550188063581745e-19,3.388120479907264e-21,1.457212825002799e-15,1.491843986455193e-17,1.4572128250027896e-08,5.967375945820767e-08,4.026115169840651e-08,5.3428327556753746e-08,9.542061509553297e-19,3.618915179919496e-25,0.0021015425937073668,10.748369264708488,6.934015181829344e-08,2.8395217701933983e-07,0.9990894158532689,0.9990577029685354,1.4572128250027896e-08,9.542061509553297e-19,210.0,87.0,0.0037500000000000003,0.00225,0.0005000000000000001,6.933931538375452e-08,8.364345389151648e-13,3.1741788303082214e-05,1.310950734287997e-11,2.903461464430253e-15,True,2.664709028964166e-25
restart_n20_tol1e-8,restart,20,1e-08,6.0,400.0,2.0162443461740022e-07,0.23460846460802395,2.80073059660795e-09,35.0,1.0,5.647325407846038e-16,2.8009132020939455e-09,5.646957230567319e-16,3.681772787181824e-20,5.624929856720634e-16,2.23955511254037e-18,-5.7110840972808775e-18,-5.7106605777780244e-18,2.818540198250785e-19,2.5411505405511856e-21,5.681890330403556e-16,6.734830876633446e-18,5.681890330403519e-09,2.69393235065338e-08,1.482030982323741e-08,2.2843847363725748e-08,-3.776434925474003e-18,5.105255343100718e-25,0.002585539455187782,7.798157332809117,2.197564736056544e-08,1.0419227388884404e-07,1.0061861810546644,1.0061205827646296,5.681890330403519e-09,-3.776434925474003e-18,210.0,21.0,0.00075,0.0007499999999999999,0.0004999999999999999,2.1976212550528415e-08,-5.651899629754022e-13,6.519498207180696e-05,1.0901168777739964e-11,1.1255496807824715e-15,True,8.881690268574722e-25
restart_n20_tol1e-8,restart,20,1e-08,7.0,400.0,1.8568054112074003e-07,0.23793771820826018,7.212732879819769e-09,35.0,1.0,1.339328869061268e-15,7.2130814622645905e-09,1.3392641440842883e-15,6.472497697964081e-20,1.3326881307547943e-15,6.640738306473715e-18,4.6426259244088365e-18,4.64177891307006e-18,2.657618324066153e-19,3.388157638411344e-21,1.3373199569824684e-15,1.4339174871706272e-17,1.3373199569824598e-08,5.735669948682502e-08,3.500929324058235e-08,4.889059799392081e-08,2.3264454728053753e-18,-1.0339757656912846e-25,0.0029718324950955485,6.248015035408951,4.499984299887209e-08,1.9300111827124001e-07,0.9985483169168624,0.9985000606458908,1.3373199569824598e-08,2.3264454728053753e-18,210.0,105.0,0.0027499999999999994,0.00275,0.0004999999999999999,4.50001778994905e-08,-3.3490061840937513e-13,4.83264256261469e-05,8.942692188917286e-12,2.6659077856138414e-15,True,3.3604212384966602e-25
restart_n20_tol1e-8,restart,20,1e-08,8.0,400.0,1.757567692354997e-07,0.2009448772004927,6.7927643167096135e-09,35.0,1.0,1.193870312417838e-15,6.79274156899271e-09,1.1938743104830685e-15,3.998065230543435e-21,1.1865756646760839e-15,7.294647741754035e-18,9.763185239146934e-18,9.763608758851735e-18,2.5517456149964483e-19,2.541021293580474e-21,1.1963809894285813e-15,1.4164377817622042e-17,1.1963809894285735e-08,5.6657511270488116e-08,3.0331318477165784e-08,4.8008078205328596e-08,-2.7868878059647727e-19,-1.809457589959748e-25,0.0033426733796159637,5.2579701716382194,3.579114240488625e-08,1.6949759918510926e-07,1.0020996171234295,1.0021029729817628,1.1963809894285735e-08,-2.7868878059647727e-19,210.0,37.0,0.008749999999999999,0.00075,0.0004999999999999999,3.5789894421942644e-08,1.2479829436027235e-12,3.348827078584871e-06,7.633846700540079e-12,2.3736616788091897e-15,True,1.5307688093632708e-25
restart_n20_tol1e-8,restart,20,1e-08,9.0,400.0,1.6757516814048618e-07,0.15531390377258547,6.6464339289527944e-09,34.0,1.0,1.1137632985473935e-15,6.646350476066198e-09,1.1137772831788967e-15,1.3984631503198354e-20,1.1068142402481192e-15,-6.94905829927428e-18,-1.2858756920641424e-17,-1.2860027464003854e-17,2.7825364774843662e-19,2.54120223933947e-21,1.1196649495197963e-15,1.3973845177498246e-17,1.119664949519789e-08,5.589538070999308e-08,3.0511906565849937e-08,4.4246444841463925e-08,1.078404411873325e-17,2.5849394142282115e-26,0.0037162328447665057,4.509275256432808,3.012903109923777e-08,1.504087150747548e-07,1.0052862151435655,1.0052988377154284,1.119664949519789e-08,1.078404411873325e-17,210.0,377.0,0.00875,0.009250000000000001,0.0005,3.0129281842200424e-08,-2.5074296265475496e-13,1.2556197103493686e-05,7.48751919945747e-12,2.2141849888701397e-15,True,1.052555017731043e-24
restart_n20_tol1e-8,restart,20,1e-08,10.0,400.0,1.598948428682342e-07,0.12478843598646873,7.329945874975642e-09,35.0,1.0,1.172068154247768e-15,7.330243635272485e-09,1.1720205439118918e-15,4.7610335876174335e-20,1.1626034080951484e-15,9.464746152619552e-18,5.521441792888233e-19,5.508736145198641e-19,2.5178522483603543e-19,2.964615315390051e-21,1.163159997105124e-15,2.208135877063947e-17,1.1631599971051164e-08,8.83254350825578e-08,3.09621436935881e-08,4.9076902012824064e-08,4.454981521708905e-18,-2.3264454728053903e-25,0.004074686522570899,3.9241016942660045,2.854599956737844e-08,2.1676620911399434e-07,0.9924399389986854,0.9923996253030514,1.1631599971051164e-08,4.454981521708905e-18,210.0,37.0,0.008749999999999999,0.00075,0.0004999999999999999,2.8545859301485186e-08,1.4026589325559643e-13,4.0620791294112585e-05,6.1792538749011064e-12,2.325710387550756e-15,True,6.781426994514295e-25
reference_corner_n20_tol1e-8,reference_location,20,1e-08,1.0,400.0,2.1897785228964028e-07,0.9999999999999543,8.199852980076994e-09,37.0,1.0,1.7955862135689838e-15,8.199853066391281e-09,1.7955861946680666e-15,1.8900917173617285e-23,1.795322223115788e-15,2.6399045319565945e-19,9.942864042999503e-18,9.942864042999503e-18,1.8911790359018308e-22,2.920981538077879e-24,1.8052650725451394e-15,2.7730425124480753e-17,1.8052650725451278e-08,1.1092170049792334e-07,4.538189648961567e-08,6.140024510269344e-08,5.874236953510122e-18,5.169878828456423e-25,0.006546784253735455,3.3448154666880123,2.7574836783648126e-08,1.6942928955484334e-07,1.0053903721836432,1.0053903616005815,1.8052650725451278e-08,5.874236953510122e-18,0.0,38.0,0.00925,0.0007499999999999999,0.0004999999999999999,2.757483700686702e-08,-2.2321889368366874e-16,1.0526321170649341e-08,2.888714462864366e-15,3.590644825054807e-15,True,7.043581250536994e-26
reference_corner_n20_tol1e-8,reference_location,20,1e-08,2.0,400.0,2.674881706632817e-07,0.5041188173354532,7.330076662991593e-09,36.0,1.0,1.960711457544049e-15,7.330086607875542e-09,1.960708797405234e-15,2.6601388149801516e-21,1.960561585651944e-15,-1.4987189210480777e-19,4.452334569598158e-18,4.452321334708357e-18,1.2679975454676594e-20,1.0589204310385868e-22,1.9650148750946277e-15,2.771525309400758e-17,1.965014875094615e-08,1.1086101237603058e-07,5.346311867689946e-08,7.591356580624814e-08,-2.005095094454546e-17,-1.9645539548134407e-24,0.00485612787501696,5.508260440162848,4.046464437651886e-08,2.282909660315389e-07,1.0021961842039433,1.002194824503127,1.965014875094615e-08,-2.005095094454546e-17,0.0,318.0,0.009249999999999998,0.007749999999999999,0.0004999999999999999,4.046462444071841e-08,1.9935800454392376e-14,1.3567212068583475e-06,2.6111288213620834e-13,3.9211485332598924e-15,True,4.054113964110538e-26
reference_corner_n20_tol1e-8,reference_location,20,1e-08,3.0,400.0,2.7732420777384307e-07,0.23191462004362717,5.738680638513706e-09,36.0,1.0,1.591473948844676e-15,5.7386766255274675e-09,1.5914750617429054e-15,1.1128982294064342e-21,1.5914437997657097e-15,-3.014907896633275e-20,-1.2666938971496588e-17,-1.2666952219311085e-17,1.2022475616905887e-20,1.1912047055617156e-22,1.6041100512387932e-15,2.059841077175275e-17,1.604110051238783e-08,8.23936430870112e-08,4.471967394087793e-08,6.077864185376342e-08,-7.037901452019734e-19,-2.5849394142282115e-25,0.00313807387735179,8.83740213305221,5.111766369861521e-08,2.625611961581444e-07,1.0079391690134625,1.0079398738529715,1.604110051238783e-08,-7.037901452019734e-19,0.0,318.0,0.009249999999999998,0.007749999999999999,0.0004999999999999999,5.111768602907221e-08,-2.2330457000749233e-14,6.992877453095214e-07,3.831163983638145e-13,3.182911644929262e-15,True,1.8811492690262382e-25
reference_corner_n20_tol1e-8,reference_location,20,1e-08,4.0,400.0,2.577896028447184e-07,0.08575617585352675,4.41968227470379e-09,35.0,1.0,1.139348015912018e-15,4.419681799961162e-09,1.1393481382957317e-15,1.2238371359747586e-22,1.1392954733995087e-15,5.254251250936832e-20,2.640924225932022e-18,2.640937447897126e-18,1.1754417046240736e-20,1.1919155639006283e-22,1.1419361842134486e-15,1.644807981794831e-17,1.1419361842134412e-08,6.57923192717934e-08,2.8102171320738886e-08,3.906488839255623e-08,-3.914517138323888e-18,-3.618915179919496e-25,0.0016982735515310434,15.179509956585726,6.724100385264508e-08,3.874070771017996e-07,1.0022715145886738,1.002271622248237,1.1419361842134412e-08,-3.914517138323888e-18,0.0,318.0,0.009249999999999998,0.007749999999999999,0.0004999999999999999,6.724101719760733e-08,-1.3344962248504841e-14,1.0741556740195042e-07,6.921392042903679e-13,2.2786144560245616e-15,True,2.956019584043923e-26
reference_corner_n20_tol1e-8,reference_location,20,1e-08,5.0,400.0,2.2878308613207963e-07,0.16719869031813833,3.439332670442691e-09,35.0,1.0,7.868608653537301e-16,3.439331458705232e-09,7.868611425787656e-16,2.7722503548038323e-22,7.868350308488389e-16,-2.583450489125616e-20,4.897268830160534e-18,4.897268843085231e-18,1.1010973728476105e-20,1.059114301494654e-22,7.917326964041916e-16,8.758126778304004e-18,7.917326964041866e-09,3.503250711321607e-08,2.2249984263777613e-08,2.8500335495963815e-08,-8.747394588069863e-18,-1.137373342260413e-24,0.0021015298111655622,10.886502057526808,3.7674112077671234e-08,1.6670002455871012e-07,1.0061911226286515,1.0061914771276257,7.917326964041866e-09,-8.747394588069863e-18,0.0,71.0,0.005750000000000001,0.0017500000000000005,0.0005000000000000001,3.767409320036288e-08,1.887730835236422e-14,3.5231773199923703e-07,5.239503941354578e-13,1.573692085045142e-15,True,2.626338834534267e-25
reference_corner_n20_tol1e-8,reference_location,20,1e-08,6.0,400.0,2.0444696239457722e-07,0.23136975470434204,6.114219386285853e-09,36.0,1.0,1.2500286461797618e-15,6.114195249168044e-09,1.2500335809401789e-15,4.9347604171242e-21,1.249875518504766e-15,1.5312767499581648e-19,-5.033340428666419e-18,-5.033327174389573e-18,1.1781824573199461e-20,1.1913985760177827e-22,1.2549083556413865e-15,1.561248936350503e-17,1.2549083556413785e-08,6.244995745402031e-08,3.247746264222049e-08,4.4390130639576054e-08,-3.91174034793751e-18,-2.003328046026864e-25,0.0025855386372295483,7.907325748326258,4.853566439007214e-08,2.4153558007137956e-07,1.0038997149960893,1.0039036781089279,1.2549083556413785e-08,-3.91174034408565e-18,0.0,38.0,0.00925,0.0007499999999999999,0.0004999999999999999,4.853568334309686e-08,-1.895302472016351e-14,3.947717864070894e-06,4.556816287156281e-13,2.4997746010498523e-15,True,1.9084123019106465e-25
reference_corner_n20_tol1e-8,reference_location,20,1e-08,7.0,400.0,1.8845943730303718e-07,0.23442897159766607,5.270593928793822e-09,36.0,1.0,9.932955410528838e-16,5.270606530866873e-09,9.932931660732877e-16,2.374979596079519e-21,9.931951941184137e-16,1.0034693447003289e-19,-7.6736505634665e-19,-7.673650369596044e-19,1.1505306636839955e-20,1.1906230941935142e-22,9.939623344873836e-16,1.542274912363397e-17,9.939623344873773e-09,6.169099649453606e-08,2.708952065122532e-08,3.5175313872695325e-08,1.9992890781921196e-18,2.5849394142282115e-25,0.002971825989460897,6.341536751188564,3.3446182179316854e-08,2.07586166596945e-07,1.0006736867190391,1.000671294098223,9.939623344873773e-09,1.9992890781921196e-18,0.0,38.0,0.00925,0.0007499999999999999,0.0004999999999999999,3.3446189739247917e-08,-7.559931062530683e-15,2.391010024631806e-06,3.871460400993085e-13,1.98641339916716e-15,True,5.856503360360918e-26
reference_corner_n20_tol1e-8,reference_location,20,1e-08,8.0,400.0,1.7855961886229057e-07,0.19779046174966303,6.048893692936263e-09,36.0,1.0,1.0800923760311265e-15,6.048917347119336e-09,1.0800881523492125e-15,4.223681914035328e-21,1.0799968201267644e-15,9.555590436212576e-20,-4.772389108127114e-18,-4.772402310705172e-18,1.2826935217853024e-20,1.32400596796769e-22,1.0847687447464718e-15,1.5621428911180045e-17,1.0847687447464648e-08,6.248571564472036e-08,2.6867659682774346e-08,3.771068667867682e-08,-2.213354373432892e-17,-8.271806125530277e-25,0.003342665416599079,5.341833435545008,3.245220832930802e-08,1.869338023914313e-07,1.0043335281357164,1.0043296007074216,1.0847687447464648e-08,-2.21335437266252e-17,0.0,38.0,0.00925,0.0007499999999999999,0.0004999999999999999,3.24522226200295e-08,-1.429072147826839e-14,3.910482110387202e-06,3.8373374595485256e-13,2.160019296337319e-15,True,1.3861737608798644e-24
reference_corner_n20_tol1e-8,reference_location,20,1e-08,9.0,400.0,1.7037425345343794e-07,0.15276300609260107,2.8333450621834833e-09,36.0,1.0,4.827304699252386e-16,2.833353397831119e-09,4.827290497454957e-16,1.420179742983495e-21,4.826711246793716e-16,5.934524586700442e-20,-5.867987212202442e-19,-5.867987212202442e-19,1.2072974074437067e-20,1.1929495396663196e-22,4.832571580384015e-16,7.282146147566214e-18,4.832571580383984e-09,2.9128584590264758e-08,1.3261463257200182e-08,1.758202297972721e-08,-2.9646023906929608e-18,-5.169878828456423e-26,0.0037162257148821458,4.584604556476463,1.3003977559897063e-08,7.83821727340599e-08,1.0010940056190616,1.0010910604280778,4.832571580383984e-09,-2.9646023906929608e-18,0.0,56.0,0.00825,0.00125,0.0005,1.3003998155045263e-08,-2.0595148200190454e-14,2.9419724493534472e-06,3.2487192653796974e-13,9.653663956033524e-16,True,2.447614507847319e-25
reference_corner_n20_tol1e-8,reference_location,20,1e-08,10.0,400.0,1.62591824075135e-07,0.1227183882296475,6.9606519933208484e-09,36.0,1.0,1.1317429526428363e-15,6.9606387595470275e-09,1.1317451043462611e-15,2.1517034248308785e-21,1.13163969403261e-15,1.0325861022621955e-19,3.162310098847638e-18,3.162310085922941e-18,1.1807687093987206e-20,1.1915924464738498e-22,1.1348025350985111e-15,1.505182117443776e-17,1.1348025350985039e-08,6.020728469775084e-08,2.9424368536805047e-08,4.342737757204637e-08,-1.787647163652186e-17,-1.0339757656912846e-25,0.004074682246994733,3.99029456088393,2.7850086615599864e-08,1.4775945962941405e-07,1.002701518867198,1.0027034252332039,1.1348025350985039e-08,-1.787647163652186e-17,0.0,56.0,0.00825,0.00125,0.0005,2.78500735844004e-08,1.3031199463521959e-14,1.9012297976375637e-06,2.8978178857249346e-13,2.2633030052270552e-15,True,1.6842495870830577e-24
