claim,cycle,variant,campaign,trial,class,repeat,callback_seconds,trial_wall_seconds,host_stability,native_RSS_peak,backend_RSS_peak,simultaneous_RSS_peak,IPC_representative_bytes,backend_cache_apply_hit_rate_two_packets,backend_cache_overall_hit_rate_two_packets,backend_bytes_avoided_two_packets,backend_compute_seconds_avoided_two_packets,backend_evictions_two_packets,backend_recompute_reasons,native_bytes_avoided_callback,native_compute_seconds_avoided_callback,backend_cache_peak_bytes_two_packets,native_hits_callback,native_misses_callback,native_cache_peak_bytes_callback,backend_reference_hits_two_packets
MEASURED,1,A,/home/mirai/OpenFOAM/mirai-13/run/deVahlDavisBenchmark/results/routeA/diagnostic_transient/timing_qualification/scout_20261006T132306+0900_exact_c1_a2,000_scout_controller,controller,0,1.033357398933731,4.516421744017862,STABLE,262283264,153829376,406167552,4898296,0.8360128617363344,0.8360128617363344,9539294,0.6559438131516799,0,"{""callback_boundary_clear"": 2, ""content_or_kind_miss"": 51}",18478181,0.8256429480000016,15497675,931,20,6083120,
MEASURED,1,A,/home/mirai/OpenFOAM/mirai-13/run/deVahlDavisBenchmark/results/routeA/diagnostic_transient/timing_qualification/scout_20261006T132306+0900_exact_c1_a2,001_scout_controller,controller,1,1.05458182701841,4.538300096988678,STABLE,262246400,154157056,406454272,4898296,0.8360128617363344,0.8360128617363344,9539294,0.6639944141497836,0,"{""callback_boundary_clear"": 2, ""content_or_kind_miss"": 51}",18478181,0.8348083739999975,15497675,931,20,6083120,
MEASURED,1,A,/home/mirai/OpenFOAM/mirai-13/run/deVahlDavisBenchmark/results/routeA/diagnostic_transient/timing_qualification/scout_20261006T132306+0900_exact_c1_a2,002_scout_controller,controller,2,1.0676139750285074,4.547890935908072,STABLE,262287360,153964544,406302720,4898296,0.8360128617363344,0.8360128617363344,9539294,0.6597471515415236,0,"{""callback_boundary_clear"": 2, ""content_or_kind_miss"": 51}",18478181,0.847767431000004,15497675,931,20,6083120,
MEASURED,1,A,/home/mirai/OpenFOAM/mirai-13/run/deVahlDavisBenchmark/results/routeA/diagnostic_transient/timing_qualification/scout_20261006T132306+0900_exact_c1_a2,003_scout_field,field,0,1.0367383389966562,4.517445066943765,STABLE,262246400,153825280,406126592,4898288,0.8360128617363344,0.8360128617363344,9539294,0.657472794293426,0,"{""callback_boundary_clear"": 2, ""content_or_kind_miss"": 51}",18478181,0.8343607300000012,15497677,931,20,6083120,
MEASURED,1,A,/home/mirai/OpenFOAM/mirai-13/run/deVahlDavisBenchmark/results/routeA/diagnostic_transient/timing_qualification/scout_20261006T132306+0900_exact_c1_a2,004_scout_field,field,1,1.03709343704395,4.52508943900466,STABLE,262283264,154091520,406429696,4898288,0.8360128617363344,0.8360128617363344,9539294,0.6554759948048741,0,"{""callback_boundary_clear"": 2, ""content_or_kind_miss"": 51}",18478181,0.8263029959999956,15497677,931,20,6083120,
MEASURED,1,A,/home/mirai/OpenFOAM/mirai-13/run/deVahlDavisBenchmark/results/routeA/diagnostic_transient/timing_qualification/scout_20261006T132306+0900_exact_c1_a2,005_scout_field,field,2,1.0350282789440826,4.4932879119878635,STABLE,262250496,154087424,406388736,4898288,0.8360128617363344,0.8360128617363344,9539294,0.6582591836340725,0,"{""callback_boundary_clear"": 2, ""content_or_kind_miss"": 51}",18478181,0.821834708000003,15497677,931,20,6083120,
MEASURED,1,A,/home/mirai/OpenFOAM/mirai-13/run/deVahlDavisBenchmark/results/routeA/diagnostic_transient/timing_qualification/scout_20261006T132306+0900_exact_c1_a2,006_scout_matrix,matrix,0,0.8836862969910726,4.4025443230057135,STABLE,262250496,147566592,399155200,5027701,0.7992700729927007,0.7992700729927007,9616265,0.5590144703164697,0,"{""callback_boundary_clear"": 2, ""content_or_kind_miss"": 55}",13729850,0.46433047000000094,15497689,550,21,6902458,
MEASURED,1,A,/home/mirai/OpenFOAM/mirai-13/run/deVahlDavisBenchmark/results/routeA/diagnostic_transient/timing_qualification/scout_20261006T132306+0900_exact_c1_a2,007_scout_matrix,matrix,1,0.8919286300661042,4.423705865046941,STABLE,262234112,148041728,399548416,5027701,0.7992700729927007,0.7992700729927007,9616265,0.5595370427472517,0,"{""callback_boundary_clear"": 2, ""content_or_kind_miss"": 55}",13729850,0.4735802889999984,15497689,550,21,6902458,
MEASURED,1,A,/home/mirai/OpenFOAM/mirai-13/run/deVahlDavisBenchmark/results/routeA/diagnostic_transient/timing_qualification/scout_20261006T132306+0900_exact_c1_a2,008_scout_matrix,matrix,2,0.8846451609861106,4.425851579988375,STABLE,262250496,148598784,399032320,5027701,0.7992700729927007,0.7992700729927007,9616265,0.57434101565741,0,"{""callback_boundary_clear"": 2, ""content_or_kind_miss"": 55}",13729850,0.4654534080000016,15497689,550,21,6902458,
MEASURED,1,A,/home/mirai/OpenFOAM/mirai-13/run/deVahlDavisBenchmark/results/routeA/diagnostic_transient/timing_qualification/scout_20261006T132306+0900_exact_c1_a2,009_scout_term,term,0,0.6447572560282424,4.119736775988713,STABLE,262254592,137428992,399683584,2528089,0.7702702702702703,0.7702702702702703,5753327,0.38926864857785404,0,"{""callback_boundary_clear"": 2, ""content_or_kind_miss"": 51}",7208336,0.3417286120000004,15497681,436,20,6083120,
MEASURED,1,A,/home/mirai/OpenFOAM/mirai-13/run/deVahlDavisBenchmark/results/routeA/diagnostic_transient/timing_qualification/scout_20261006T132306+0900_exact_c1_a2,010_scout_term,term,1,0.6529715069336817,4.142006917973049,STABLE,262287360,136839168,399126528,2528089,0.7702702702702703,0.7702702702702703,5753327,0.38826182030607015,0,"{""callback_boundary_clear"": 2, ""content_or_kind_miss"": 51}",7208336,0.3439622390000003,15497681,436,20,6083120,
MEASURED,1,A,/home/mirai/OpenFOAM/mirai-13/run/deVahlDavisBenchmark/results/routeA/diagnostic_transient/timing_qualification/scout_20261006T132306+0900_exact_c1_a2,011_scout_term,term,2,0.6463311479892582,4.099942650995217,STABLE,262246400,136441856,398688256,2528089,0.7702702702702703,0.7702702702702703,5753327,0.3894942046608776,0,"{""callback_boundary_clear"": 2, ""content_or_kind_miss"": 51}",7208336,0.34125368400000083,15497681,436,20,6083120,
MEASURED,1,A,/home/mirai/OpenFOAM/mirai-13/run/deVahlDavisBenchmark/results/routeA/diagnostic_transient/timing_qualification/scout_20261006T132306+0900_exact_c1_a2,012_scout_energy_matrix,energy_matrix,0,1.6848826190689579,5.216799573972821,STABLE,432398336,200101888,632500224,10919324,0.8657074340527577,0.8657074340527577,17785427,1.1976782931014895,0,"{""callback_boundary_clear"": 2, ""content_or_kind_miss"": 56}",31509916,1.1329806260000008,17430077,1106,22,7721796,
MEASURED,1,A,/home/mirai/OpenFOAM/mirai-13/run/deVahlDavisBenchmark/results/routeA/diagnostic_transient/timing_qualification/scout_20261006T132306+0900_exact_c1_a2,013_scout_energy_matrix,energy_matrix,1,1.6858922339743003,5.243848848971538,STABLE,432406528,200269824,632676352,10919324,0.8657074340527577,0.8657074340527577,17785427,1.2083341705147177,0,"{""callback_boundary_clear"": 2, ""content_or_kind_miss"": 56}",31509916,1.1295577590000065,17430077,1106,22,7721796,
MEASURED,1,A,/home/mirai/OpenFOAM/mirai-13/run/deVahlDavisBenchmark/results/routeA/diagnostic_transient/timing_qualification/scout_20261006T132306+0900_exact_c1_a2,014_scout_energy_matrix,energy_matrix,2,1.6823686070274562,5.227710242033936,STABLE,432402432,200228864,632631296,10919324,0.8657074340527577,0.8657074340527577,17785427,1.204971358529292,0,"{""callback_boundary_clear"": 2, ""content_or_kind_miss"": 56}",31509916,1.1339591199999892,17430077,1106,22,7721796,
MEASURED,1,A,/home/mirai/OpenFOAM/mirai-13/run/deVahlDavisBenchmark/results/routeA/diagnostic_transient/timing_qualification/scout_20261006T132306+0900_exact_c1_a2,015_scout_pressure_matrix,pressure_matrix,0,1.2718784739263356,4.837715798057616,STABLE,311951360,167596032,476008448,7195848,0.8372093023255814,0.8372093023255814,14596626,1.010231847409159,0,"{""callback_boundary_clear"": 2, ""content_or_kind_miss"": 56}",19273232,0.742199063999999,15497697,652,21,6364858,
MEASURED,1,A,/home/mirai/OpenFOAM/mirai-13/run/deVahlDavisBenchmark/results/routeA/diagnostic_transient/timing_qualification/scout_20261006T132306+0900_exact_c1_a2,016_scout_pressure_matrix,pressure_matrix,1,1.253922204952687,4.806214784970507,STABLE,308678656,167153664,475574272,7195848,0.8372093023255814,0.8372093023255814,14596626,1.0074595849728212,0,"{""callback_boundary_clear"": 2, ""content_or_kind_miss"": 56}",19273232,0.736546214999999,15497697,652,21,6364858,
MEASURED,1,A,/home/mirai/OpenFOAM/mirai-13/run/deVahlDavisBenchmark/results/routeA/diagnostic_transient/timing_qualification/scout_20261006T132306+0900_exact_c1_a2,017_scout_pressure_matrix,pressure_matrix,2,1.2672427640063688,4.794571110978723,STABLE,311955456,167542784,475959296,7195848,0.8372093023255814,0.8372093023255814,14596626,1.0077265298459679,0,"{""callback_boundary_clear"": 2, ""content_or_kind_miss"": 56}",19273232,0.7313422039999988,15497697,652,21,6364858,
MEASURED,1,A,/home/mirai/OpenFOAM/mirai-13/run/deVahlDavisBenchmark/results/routeA/diagnostic_transient/timing_qualification/scout_20261006T132306+0900_exact_c1_a2,018_scout_OFF,OFF,0,0.12628011999186128,2.4236144920578226,STABLE,230760448,0,230760448,0,,,,,,,0,0,,0,0,0,
MEASURED,1,A,/home/mirai/OpenFOAM/mirai-13/run/deVahlDavisBenchmark/results/routeA/diagnostic_transient/timing_qualification/scout_20261006T132306+0900_exact_c1_a2,019_scout_OFF,OFF,1,0.1256713670445606,2.4264985639601946,STABLE,274108416,0,274108416,0,,,,,,,0,0,,0,0,0,
MEASURED,1,A,/home/mirai/OpenFOAM/mirai-13/run/deVahlDavisBenchmark/results/routeA/diagnostic_transient/timing_qualification/scout_20261006T132306+0900_exact_c1_a2,020_scout_OFF,OFF,2,0.12686143501196057,2.3750935189891607,STABLE,244817920,0,244817920,0,,,,,,,0,0,,0,0,0,
MEASURED,2,A+B+C,/home/mirai/OpenFOAM/mirai-13/run/deVahlDavisBenchmark/results/routeA/diagnostic_transient/timing_qualification/scout_20261006T132818+0900_exact_c2_a1,000_scout_controller,controller,0,1.1727020129328594,4.804248734959401,STABLE,276406272,161021952,437428224,8076008,0.8360128617363344,0.8360128617363344,9539294,0.6523260369431227,0,"{""callback_boundary_clear"": 2, ""content_or_kind_miss"": 51}",18478181,0.8464968249999972,15497675,931,21,6251464,10
MEASURED,2,A+B+C,/home/mirai/OpenFOAM/mirai-13/run/deVahlDavisBenchmark/results/routeA/diagnostic_transient/timing_qualification/scout_20261006T132818+0900_exact_c2_a1,001_scout_controller,controller,1,1.174392287968658,4.815836162073538,STABLE,276402176,160948224,437350400,8076008,0.8360128617363344,0.8360128617363344,9539294,0.65545562596526,0,"{""callback_boundary_clear"": 2, ""content_or_kind_miss"": 51}",18478181,0.8515863690000012,15497675,931,21,6251464,10
MEASURED,2,A+B+C,/home/mirai/OpenFOAM/mirai-13/run/deVahlDavisBenchmark/results/routeA/diagnostic_transient/timing_qualification/scout_20261006T132818+0900_exact_c2_a1,002_scout_controller,controller,2,1.1702431599842384,4.815242990967818,STABLE,276410368,160247808,436658176,8076008,0.8360128617363344,0.8360128617363344,9539294,0.653351294924505,0,"{""callback_boundary_clear"": 2, ""content_or_kind_miss"": 51}",18478181,0.8440124939999961,15497675,931,21,6251464,10
MEASURED,2,A+B+C,/home/mirai/OpenFOAM/mirai-13/run/deVahlDavisBenchmark/results/routeA/diagnostic_transient/timing_qualification/scout_20261006T132818+0900_exact_c2_a1,003_scout_field,field,0,1.17176885495428,4.808902428019792,STABLE,276434944,160231424,436666368,8076000,0.8360128617363344,0.8360128617363344,9539294,0.658253982081078,0,"{""callback_boundary_clear"": 2, ""content_or_kind_miss"": 51}",18478181,0.8400429959999977,15497677,931,21,6251464,10
MEASURED,2,A+B+C,/home/mirai/OpenFOAM/mirai-13/run/deVahlDavisBenchmark/results/routeA/diagnostic_transient/timing_qualification/scout_20261006T132818+0900_exact_c2_a1,004_scout_field,field,1,1.1804537140997127,4.814614849048667,STABLE,276439040,160976896,437415936,8076000,0.8360128617363344,0.8360128617363344,9539294,0.6550159974722192,0,"{""callback_boundary_clear"": 2, ""content_or_kind_miss"": 51}",18478181,0.8410691759999984,15497677,931,21,6251464,10
MEASURED,2,A+B+C,/home/mirai/OpenFOAM/mirai-13/run/deVahlDavisBenchmark/results/routeA/diagnostic_transient/timing_qualification/scout_20261006T132818+0900_exact_c2_a1,005_scout_field,field,2,1.1727323750965297,4.786938995937817,STABLE,276410368,161124352,437534720,8076000,0.8360128617363344,0.8360128617363344,9539294,0.6509310436667874,0,"{""callback_boundary_clear"": 2, ""content_or_kind_miss"": 51}",18478181,0.8438461920000052,15497677,931,21,6251464,10
MEASURED,2,A+B+C,/home/mirai/OpenFOAM/mirai-13/run/deVahlDavisBenchmark/results/routeA/diagnostic_transient/timing_qualification/scout_20261006T132818+0900_exact_c2_a1,006_scout_matrix,matrix,0,0.9489668459864333,4.623299216968007,STABLE,264294400,154689536,399183872,6336755,0.7992700729927007,0.7992700729927007,9616265,0.553446609643288,0,"{""callback_boundary_clear"": 2, ""content_or_kind_miss"": 55}",13729850,0.471218410999998,15497689,550,22,7019225,6
MEASURED,2,A+B+C,/home/mirai/OpenFOAM/mirai-13/run/deVahlDavisBenchmark/results/routeA/diagnostic_transient/timing_qualification/scout_20261006T132818+0900_exact_c2_a1,007_scout_matrix,matrix,1,0.9540274299215525,4.603506651939824,STABLE,274685952,153227264,400297984,6336755,0.7992700729927007,0.7992700729927007,9616265,0.5539761323016137,0,"{""callback_boundary_clear"": 2, ""content_or_kind_miss"": 55}",13729850,0.4739091039999988,15497689,550,22,7019225,6
MEASURED,2,A+B+C,/home/mirai/OpenFOAM/mirai-13/run/deVahlDavisBenchmark/results/routeA/diagnostic_transient/timing_qualification/scout_20261006T132818+0900_exact_c2_a1,008_scout_matrix,matrix,2,0.9436150490073487,4.621011556009762,STABLE,264318976,153395200,400400384,6336755,0.7992700729927007,0.7992700729927007,9616265,0.5533093424746767,0,"{""callback_boundary_clear"": 2, ""content_or_kind_miss"": 55}",13729850,0.4749719309999988,15497689,550,22,7019225,6
MEASURED,2,A+B+C,/home/mirai/OpenFOAM/mirai-13/run/deVahlDavisBenchmark/results/routeA/diagnostic_transient/timing_qualification/scout_20261006T132818+0900_exact_c2_a1,009_scout_term,term,0,0.7153349670115858,4.328259492991492,STABLE,264306688,141504512,400408576,4247489,0.7702702702702703,0.7702702702702703,5753327,0.385100178536959,0,"{""callback_boundary_clear"": 2, ""content_or_kind_miss"": 51}",7208336,0.351794633,15497681,436,21,6172494,6
MEASURED,2,A+B+C,/home/mirai/OpenFOAM/mirai-13/run/deVahlDavisBenchmark/results/routeA/diagnostic_transient/timing_qualification/scout_20261006T132818+0900_exact_c2_a1,010_scout_term,term,1,0.7183035190682858,4.344543921994045,STABLE,264306688,141459456,399687680,4247489,0.7702702702702703,0.7702702702702703,5753327,0.3857185656670481,0,"{""callback_boundary_clear"": 2, ""content_or_kind_miss"": 51}",7208336,0.35604772,15497681,436,21,6172494,6
MEASURED,2,A+B+C,/home/mirai/OpenFOAM/mirai-13/run/deVahlDavisBenchmark/results/routeA/diagnostic_transient/timing_qualification/scout_20261006T132818+0900_exact_c2_a1,011_scout_term,term,2,0.7188639309024438,4.342774266959168,STABLE,264306688,141332480,398884864,4247489,0.7702702702702703,0.7702702702702703,5753327,0.38542861910536885,0,"{""callback_boundary_clear"": 2, ""content_or_kind_miss"": 51}",7208336,0.3522609589999999,15497681,436,21,6172494,6
MEASURED,2,A+B+C,/home/mirai/OpenFOAM/mirai-13/run/deVahlDavisBenchmark/results/routeA/diagnostic_transient/timing_qualification/scout_20261006T132818+0900_exact_c2_a1,012_scout_energy_matrix,energy_matrix,0,1.9056381629779935,5.608856851002201,STABLE,452427776,196448256,633110528,17775096,0.8657074340527577,0.8657074340527577,17785427,1.1749260561773553,0,"{""callback_boundary_clear"": 2, ""content_or_kind_miss"": 56}",31509916,1.1425258339999993,17430077,1106,23,7963108,6
MEASURED,2,A+B+C,/home/mirai/OpenFOAM/mirai-13/run/deVahlDavisBenchmark/results/routeA/diagnostic_transient/timing_qualification/scout_20261006T132818+0900_exact_c2_a1,013_scout_energy_matrix,energy_matrix,1,1.904335389030166,5.65425146499183,STABLE,454328320,197169152,633864192,17775096,0.8657074340527577,0.8657074340527577,17785427,1.1777961978223175,0,"{""callback_boundary_clear"": 2, ""content_or_kind_miss"": 56}",31509916,1.1619196689999913,17430077,1106,23,7963108,6
MEASURED,2,A+B+C,/home/mirai/OpenFOAM/mirai-13/run/deVahlDavisBenchmark/results/routeA/diagnostic_transient/timing_qualification/scout_20261006T132818+0900_exact_c2_a1,014_scout_energy_matrix,energy_matrix,2,1.905252440017648,5.644480824004859,STABLE,436658176,202350592,639008768,17775096,0.8657074340527577,0.8657074340527577,17785427,1.1789914574474096,0,"{""callback_boundary_clear"": 2, ""content_or_kind_miss"": 56}",31509916,1.1608300680000054,17430077,1106,23,7963108,6
MEASURED,2,A+B+C,/home/mirai/OpenFOAM/mirai-13/run/deVahlDavisBenchmark/results/routeA/diagnostic_transient/timing_qualification/scout_20261006T132818+0900_exact_c2_a1,015_scout_pressure_matrix,pressure_matrix,0,1.3683878869051114,5.034968514111824,STABLE,333201408,173928448,507129856,12095546,0.8372093023255814,0.8372093023255814,14596626,0.9874485896434635,0,"{""callback_boundary_clear"": 2, ""content_or_kind_miss"": 56}",19273232,0.7525307720000035,15497697,652,22,6517626,6
MEASURED,2,A+B+C,/home/mirai/OpenFOAM/mirai-13/run/deVahlDavisBenchmark/results/routeA/diagnostic_transient/timing_qualification/scout_20261006T132818+0900_exact_c2_a1,016_scout_pressure_matrix,pressure_matrix,1,1.3741375169483945,5.033447806024924,STABLE,333201408,171839488,505040896,12095546,0.8372093023255814,0.8372093023255814,14596626,0.9862904181936756,0,"{""callback_boundary_clear"": 2, ""content_or_kind_miss"": 56}",19273232,0.7611702929999965,15497697,652,22,6517626,6
MEASURED,2,A+B+C,/home/mirai/OpenFOAM/mirai-13/run/deVahlDavisBenchmark/results/routeA/diagnostic_transient/timing_qualification/scout_20261006T132818+0900_exact_c2_a1,017_scout_pressure_matrix,pressure_matrix,2,1.379195298999548,5.051523294998333,STABLE,333197312,173961216,507158528,12095546,0.8372093023255814,0.8372093023255814,14596626,0.985411258530803,0,"{""callback_boundary_clear"": 2, ""content_or_kind_miss"": 56}",19273232,0.7633794030000042,15497697,652,22,6517626,6
MEASURED,2,A+B+C,/home/mirai/OpenFOAM/mirai-13/run/deVahlDavisBenchmark/results/routeA/diagnostic_transient/timing_qualification/scout_20261006T132818+0900_exact_c2_a1,018_scout_OFF,OFF,0,0.12460884207393974,2.4048086469992995,STABLE,274599936,0,274599936,0,,,,,,,0,0,,0,0,0,
MEASURED,2,A+B+C,/home/mirai/OpenFOAM/mirai-13/run/deVahlDavisBenchmark/results/routeA/diagnostic_transient/timing_qualification/scout_20261006T132818+0900_exact_c2_a1,019_scout_OFF,OFF,1,0.12495595903601497,2.4263262830208987,STABLE,251166720,0,251166720,0,,,,,,,0,0,,0,0,0,
MEASURED,2,A+B+C,/home/mirai/OpenFOAM/mirai-13/run/deVahlDavisBenchmark/results/routeA/diagnostic_transient/timing_qualification/scout_20261006T132818+0900_exact_c2_a1,020_scout_OFF,OFF,2,0.12548812199383974,2.3666306550148875,STABLE,246431744,0,246431744,0,,,,,,,0,0,,0,0,0,
MEASURED,3,A+D compiled canonical + Writer numeric-copy optimization,/home/mirai/OpenFOAM/mirai-13/run/deVahlDavisBenchmark/results/routeA/diagnostic_transient/timing_qualification/scout_20261006T133644+0900_exact_c3_a1,000_scout_controller,controller,0,0.9110256490530446,4.199199456023052,STABLE,262246400,157114368,414326784,4898296,0.8996138996138996,0.7491961414790996,13412278,0.05707854067441076,0,"{""callback_boundary_clear"": 2, ""content_or_kind_miss"": 26}",18478181,0.8251181789999951,15534962,931,20,6083120,
MEASURED,3,A+D compiled canonical + Writer numeric-copy optimization,/home/mirai/OpenFOAM/mirai-13/run/deVahlDavisBenchmark/results/routeA/diagnostic_transient/timing_qualification/scout_20261006T133644+0900_exact_c3_a1,001_scout_controller,controller,1,0.9207751279463992,4.202243810985237,STABLE,262250496,157302784,414511104,4898296,0.8996138996138996,0.7491961414790996,13412278,0.057510947226546705,0,"{""callback_boundary_clear"": 2, ""content_or_kind_miss"": 26}",18478181,0.8200141809999981,15534962,931,20,6083120,
MEASURED,3,A+D compiled canonical + Writer numeric-copy optimization,/home/mirai/OpenFOAM/mirai-13/run/deVahlDavisBenchmark/results/routeA/diagnostic_transient/timing_qualification/scout_20261006T133644+0900_exact_c3_a1,002_scout_controller,controller,2,0.928181417984888,4.227578148012981,STABLE,262275072,156225536,413462528,4898296,0.8996138996138996,0.7491961414790996,13412278,0.058521667029708624,0,"{""callback_boundary_clear"": 2, ""content_or_kind_miss"": 26}",18478181,0.8176957049999992,15534962,931,20,6083120,
MEASURED,3,A+D compiled canonical + Writer numeric-copy optimization,/home/mirai/OpenFOAM/mirai-13/run/deVahlDavisBenchmark/results/routeA/diagnostic_transient/timing_qualification/scout_20261006T133644+0900_exact_c3_a1,003_scout_field,field,0,0.9131463249213994,4.226674868026748,STABLE,262283264,156508160,408854528,4898288,0.8996138996138996,0.7491961414790996,13412278,0.05691110377665609,0,"{""callback_boundary_clear"": 2, ""content_or_kind_miss"": 26}",18478181,0.8236441150000017,15534964,931,20,6083120,
MEASURED,3,A+D compiled canonical + Writer numeric-copy optimization,/home/mirai/OpenFOAM/mirai-13/run/deVahlDavisBenchmark/results/routeA/diagnostic_transient/timing_qualification/scout_20261006T133644+0900_exact_c3_a1,004_scout_field,field,1,0.9166961540468037,4.250026661087759,STABLE,262246400,158330880,410644480,4898288,0.8996138996138996,0.7491961414790996,13412278,0.05721275077667087,0,"{""callback_boundary_clear"": 2, ""content_or_kind_miss"": 26}",18478181,0.8352429699999989,15534964,931,20,6083120,
MEASURED,3,A+D compiled canonical + Writer numeric-copy optimization,/home/mirai/OpenFOAM/mirai-13/run/deVahlDavisBenchmark/results/routeA/diagnostic_transient/timing_qualification/scout_20261006T133644+0900_exact_c3_a1,005_scout_field,field,2,0.9165402440121397,4.217801499995403,STABLE,262254592,157155328,409473024,4898288,0.8996138996138996,0.7491961414790996,13412278,0.057079494232311845,0,"{""callback_boundary_clear"": 2, ""content_or_kind_miss"": 26}",18478181,0.8298259069999937,15534964,931,20,6083120,
MEASURED,3,A+D compiled canonical + Writer numeric-copy optimization,/home/mirai/OpenFOAM/mirai-13/run/deVahlDavisBenchmark/results/routeA/diagnostic_transient/timing_qualification/scout_20261006T133644+0900_exact_c3_a1,006_scout_matrix,matrix,0,0.7431164650479332,4.110283432062715,STABLE,262242304,152027136,403075072,5027701,0.8770491803278688,0.7205387205387206,14072955,0.04065607429947704,0,"{""callback_boundary_clear"": 2, ""content_or_kind_miss"": 30}",13729850,0.45805728999999984,15534976,550,21,6902458,
MEASURED,3,A+D compiled canonical + Writer numeric-copy optimization,/home/mirai/OpenFOAM/mirai-13/run/deVahlDavisBenchmark/results/routeA/diagnostic_transient/timing_qualification/scout_20261006T133644+0900_exact_c3_a1,007_scout_matrix,matrix,1,0.7380160790635273,4.099993774085306,STABLE,262283264,152272896,404389888,5027701,0.8770491803278688,0.7205387205387206,14072955,0.040840741130523384,0,"{""callback_boundary_clear"": 2, ""content_or_kind_miss"": 30}",13729850,0.46649512200000176,15534976,550,21,6902458,
MEASURED,3,A+D compiled canonical + Writer numeric-copy optimization,/home/mirai/OpenFOAM/mirai-13/run/deVahlDavisBenchmark/results/routeA/diagnostic_transient/timing_qualification/scout_20261006T133644+0900_exact_c3_a1,008_scout_matrix,matrix,2,0.7388173610670492,4.084237297996879,STABLE,262283264,152342528,403664896,5027701,0.8770491803278688,0.7205387205387206,14072955,0.04083313955925405,0,"{""callback_boundary_clear"": 2, ""content_or_kind_miss"": 30}",13729850,0.46166899500000097,15534976,550,21,6902458,
MEASURED,3,A+D compiled canonical + Writer numeric-copy optimization,/home/mirai/OpenFOAM/mirai-13/run/deVahlDavisBenchmark/results/routeA/diagnostic_transient/timing_qualification/scout_20261006T133644+0900_exact_c3_a1,009_scout_term,term,0,0.5348562790313736,3.8264585989527404,STABLE,262262784,141680640,403943424,2528089,0.875,0.6973180076628352,9619209,0.038160002091899514,0,"{""callback_boundary_clear"": 2, ""content_or_kind_miss"": 26}",7208336,0.34784583700000044,15534968,436,20,6083120,
MEASURED,3,A+D compiled canonical + Writer numeric-copy optimization,/home/mirai/OpenFOAM/mirai-13/run/deVahlDavisBenchmark/results/routeA/diagnostic_transient/timing_qualification/scout_20261006T133644+0900_exact_c3_a1,010_scout_term,term,1,0.5602228760253638,3.857667030999437,STABLE,262258688,141754368,404013056,2528089,0.875,0.6973180076628352,9619209,0.03853995958343148,0,"{""callback_boundary_clear"": 2, ""content_or_kind_miss"": 26}",7208336,0.3427427049999995,15534968,436,20,6083120,
MEASURED,3,A+D compiled canonical + Writer numeric-copy optimization,/home/mirai/OpenFOAM/mirai-13/run/deVahlDavisBenchmark/results/routeA/diagnostic_transient/timing_qualification/scout_20261006T133644+0900_exact_c3_a1,011_scout_term,term,2,0.5327922879951075,3.8381921290419996,STABLE,262258688,141430784,403689472,2528089,0.875,0.6973180076628352,9619209,0.03784501657355577,0,"{""callback_boundary_clear"": 2, ""content_or_kind_miss"": 26}",7208336,0.3460069109999993,15534968,436,20,6083120,
MEASURED,3,A+D compiled canonical + Writer numeric-copy optimization,/home/mirai/OpenFOAM/mirai-13/run/deVahlDavisBenchmark/results/routeA/diagnostic_transient/timing_qualification/scout_20261006T133644+0900_exact_c3_a1,012_scout_energy_matrix,energy_matrix,0,1.525167017010972,4.920782794943079,STABLE,432414720,203108352,635523072,10919324,0.9104477611940298,0.782051282051282,22840013,0.08829008939210325,0,"{""callback_boundary_clear"": 2, ""content_or_kind_miss"": 30}",31509916,1.1444137219999964,17489369,1106,22,7721796,
MEASURED,3,A+D compiled canonical + Writer numeric-copy optimization,/home/mirai/OpenFOAM/mirai-13/run/deVahlDavisBenchmark/results/routeA/diagnostic_transient/timing_qualification/scout_20261006T133644+0900_exact_c3_a1,013_scout_energy_matrix,energy_matrix,1,1.5248839759733528,4.960384479956701,STABLE,432418816,203767808,636186624,10919324,0.9104477611940298,0.782051282051282,22840013,0.0885120693128556,0,"{""callback_boundary_clear"": 2, ""content_or_kind_miss"": 30}",31509916,1.127333243999999,17489369,1106,22,7721796,
MEASURED,3,A+D compiled canonical + Writer numeric-copy optimization,/home/mirai/OpenFOAM/mirai-13/run/deVahlDavisBenchmark/results/routeA/diagnostic_transient/timing_qualification/scout_20261006T133644+0900_exact_c3_a1,014_scout_energy_matrix,energy_matrix,2,1.5108741780277342,4.952331460081041,STABLE,432418816,203501568,635920384,10919324,0.9104477611940298,0.782051282051282,22840013,0.08827491698320955,0,"{""callback_boundary_clear"": 2, ""content_or_kind_miss"": 30}",31509916,1.1297504160000014,17489369,1106,22,7721796,
MEASURED,3,A+D compiled canonical + Writer numeric-copy optimization,/home/mirai/OpenFOAM/mirai-13/run/deVahlDavisBenchmark/results/routeA/diagnostic_transient/timing_qualification/scout_20261006T133644+0900_exact_c3_a1,015_scout_pressure_matrix,pressure_matrix,0,1.1006802869960666,4.472811921965331,STABLE,311967744,169799680,478228480,7195848,0.8908450704225352,0.7507418397626113,18518725,0.08212200237903744,0,"{""callback_boundary_clear"": 2, ""content_or_kind_miss"": 31}",19273232,0.7310355569999996,15534984,652,21,6364858,
MEASURED,3,A+D compiled canonical + Writer numeric-copy optimization,/home/mirai/OpenFOAM/mirai-13/run/deVahlDavisBenchmark/results/routeA/diagnostic_transient/timing_qualification/scout_20261006T133644+0900_exact_c3_a1,016_scout_pressure_matrix,pressure_matrix,1,1.113670691032894,4.487303199013695,STABLE,308723712,171450368,479911936,7195848,0.8908450704225352,0.7507418397626113,18518725,0.07933368615340441,0,"{""callback_boundary_clear"": 2, ""content_or_kind_miss"": 31}",19273232,0.7308823060000023,15534984,652,21,6364858,
MEASURED,3,A+D compiled canonical + Writer numeric-copy optimization,/home/mirai/OpenFOAM/mirai-13/run/deVahlDavisBenchmark/results/routeA/diagnostic_transient/timing_qualification/scout_20261006T133644+0900_exact_c3_a1,017_scout_pressure_matrix,pressure_matrix,2,1.1036812330130488,4.484809453017078,STABLE,308686848,169959424,478384128,7195848,0.8908450704225352,0.7507418397626113,18518725,0.07932831463404,0,"{""callback_boundary_clear"": 2, ""content_or_kind_miss"": 31}",19273232,0.7771900929999984,15534984,652,21,6364858,
MEASURED,3,A+D compiled canonical + Writer numeric-copy optimization,/home/mirai/OpenFOAM/mirai-13/run/deVahlDavisBenchmark/results/routeA/diagnostic_transient/timing_qualification/scout_20261006T133644+0900_exact_c3_a1,018_scout_OFF,OFF,0,0.1238404200412333,2.398064504028298,STABLE,241152000,0,241152000,0,,,,,,,0,0,,0,0,0,
MEASURED,3,A+D compiled canonical + Writer numeric-copy optimization,/home/mirai/OpenFOAM/mirai-13/run/deVahlDavisBenchmark/results/routeA/diagnostic_transient/timing_qualification/scout_20261006T133644+0900_exact_c3_a1,019_scout_OFF,OFF,1,0.12298234598711133,2.3890395279740915,STABLE,271994880,0,271994880,0,,,,,,,0,0,,0,0,0,
MEASURED,3,A+D compiled canonical + Writer numeric-copy optimization,/home/mirai/OpenFOAM/mirai-13/run/deVahlDavisBenchmark/results/routeA/diagnostic_transient/timing_qualification/scout_20261006T133644+0900_exact_c3_a1,020_scout_OFF,OFF,2,0.1225747469579801,2.354568089940585,STABLE,259399680,0,259399680,0,,,,,,,0,0,,0,0,0,
