case_id,source_case_id,category,route,Ra,N,grid,final_iteration,computed,accepted,Gate_D,case_path,metrics_path,theta_min,theta_max,theta_below_0_count,theta_above_1_count,out_of_plane_velocity_max,temperature_symmetry,velocity_symmetry,Nu_bar_cavity,Umax,Wmax,Nu_bar_0,Nu_bar_half,Nu_bar_1,Umax_Z,Wmax_X,Nu_hot_local_max,Nu_hot_local_min,rho_min,rho_max,max_abs_rho_over_rho0_minus_1,rhok_min,rhok_max,rhok_source
A-Ra1e3-coarse,A-Ra1e3-coarse,matrix,A,1000,40,40x40x1,3000,true,true,PASS,/home/mirai/OpenFOAM/mirai-13/run/deVahlDavisBenchmark/cases/routeA/A-Ra1e3-coarse,/home/mirai/OpenFOAM/mirai-13/run/deVahlDavisBenchmark/results/routeA/attempts/attempt_004/cases/A-Ra1e3-coarse/accepted_reuse/metrics.json,0.008623643892178734,0.9913753673475867,0,0,1.0042556220797459e-21,1.9048084232074354e-05,0.0003889948855790297,1.1188551731765783,3.648078448097432,3.6895371613052887,1.1186121299928118,1.1187379103862058,1.1186121761045342,0.8125,0.18750000000000003,1.5105634801272252,0.6898370868998362,0.9995086246326523,1.000491376356108,0.0004913763561080753,,,
A-Ra1e3-medium,A-Ra1e3-medium,matrix,A,1000,80,80x80x1,6000,true,true,PASS,/home/mirai/OpenFOAM/mirai-13/run/deVahlDavisBenchmark/cases/routeA/A-Ra1e3-medium,/home/mirai/OpenFOAM/mirai-13/run/deVahlDavisBenchmark/results/routeA/cases/A-Ra1e3-medium/metrics.json,0.00431801579537705,0.995681495517772,0,0,2.082314190536479e-22,1.880015162501665e-05,0.0003880408979243067,1.1181032979191003,3.647297616404053,3.696866256912761,1.118001216353946,1.1181231247578047,1.1180016756457007,0.818603515625,0.18115234375,1.5073736756480003,0.6909276305686838,0.9995043185044822,1.000495681984205,0.0004956819842050209,,,
A-Ra1e3-fine,A-Ra1e3-fine,matrix,A,1000,160,160x160x1,18000,true,true,PASS,/home/mirai/OpenFOAM/mirai-13/run/deVahlDavisBenchmark/cases/routeA/A-Ra1e3-fine,/home/mirai/OpenFOAM/mirai-13/run/deVahlDavisBenchmark/results/routeA/cases/A-Ra1e3-fine/metrics.json,0.0021598005915279828,0.9978399602024979,0,0,2.860700726880672e-23,1.8284597293342237e-05,0.00038790646925807026,1.117942491664425,3.6500951219362148,3.6986872800530106,1.1178479685777347,1.1180209702416604,1.1178503564487983,0.8154296875,0.17822265625,1.5065356980733542,0.6912046997103616,0.9995021600397975,1.000497840199408,0.0004978401994080173,,,
A-Ra1e4-coarse,A-Ra1e4-coarse,matrix,A,10000,40,40x40x1,3000,true,true,PASS,/home/mirai/OpenFOAM/mirai-13/run/deVahlDavisBenchmark/cases/routeA/A-Ra1e4-coarse,/home/mirai/OpenFOAM/mirai-13/run/deVahlDavisBenchmark/results/routeA/cases/A-Ra1e4-coarse/metrics.json,0.007288258634787326,0.992710157952672,0,0,1.3713572670477028e-20,8.375277804372871e-05,0.0003517402735634307,2.2599546294035275,16.121335096250803,19.597333463027827,2.257421422257835,2.258514696997335,2.2574214718534904,0.8125,0.112548828125,3.5771345173177806,0.5821556110530395,0.9995072898420473,1.000492711741365,0.0004927117413648929,,,
A-Ra1e4-medium,A-Ra1e4-medium,matrix,A,10000,80,80x80x1,6000,true,true,PASS,/home/mirai/OpenFOAM/mirai-13/run/deVahlDavisBenchmark/cases/routeA/A-Ra1e4-medium,/home/mirai/OpenFOAM/mirai-13/run/deVahlDavisBenchmark/results/routeA/cases/A-Ra1e4-medium/metrics.json,0.0036529939304159598,0.9963462252363229,0,0,2.234214735874601e-21,8.269742303164483e-05,0.0003495876008033721,2.2490772787596685,16.173070494115187,19.626839529075486,2.2479851476165322,2.249053666358639,2.2479852761869097,0.81884765625,0.11865234375,3.5427186005033127,0.5843407700241983,0.9995036537747637,1.00049634700607,0.0004963470060699304,,,
A-Ra1e4-fine,A-Ra1e4-fine,matrix,A,10000,160,160x160x1,15000,true,true,PASS,/home/mirai/OpenFOAM/mirai-13/run/deVahlDavisBenchmark/cases/routeA/A-Ra1e4-fine,/home/mirai/OpenFOAM/mirai-13/run/deVahlDavisBenchmark/results/routeA/cases/A-Ra1e4-fine/metrics.json,0.0018274829004099047,0.998172130891021,0,0,3.603739206284345e-22,8.189118663393264e-05,0.00034899332177116903,2.2463852026882636,16.184582933939314,19.621961409028074,2.24557270079265,2.2467734680552414,2.2455751864142712,0.8220214843750001,0.12182617187500001,3.5339163133831724,0.5848533747184774,0.999501827869109,1.0004981725171,0.0004981725171000484,,,
A-Ra1e5-coarse,A-Ra1e5-coarse,matrix,A,100000,40,40x40x1,3000,true,true,PASS,/home/mirai/OpenFOAM/mirai-13/run/deVahlDavisBenchmark/cases/routeA/A-Ra1e5-coarse,/home/mirai/OpenFOAM/mirai-13/run/deVahlDavisBenchmark/results/routeA/cases/A-Ra1e5-coarse/metrics.json,0.008979093675179683,0.9910190606702258,0,0,1.339687690893922e-19,0.00010543874428797567,0.0003948758306142182,4.626170470325839,34.82796058621489,68.8736929513016,4.616285032144788,4.618667492820461,4.616285034304269,0.862548828125,0.0625,8.142897727371116,0.715488052775413,0.9995089809393298,1.000491020906325,0.0004910209063249127,,,
A-Ra1e5-medium,A-Ra1e5-medium,matrix,A,100000,80,80x80x1,3000,true,true,PASS,/home/mirai/OpenFOAM/mirai-13/run/deVahlDavisBenchmark/cases/routeA/A-Ra1e5-medium,/home/mirai/OpenFOAM/mirai-13/run/deVahlDavisBenchmark/results/routeA/cases/A-Ra1e5-medium/metrics.json,0.004535955845483386,0.9954631746738869,0,0,1.9900926385096816e-20,0.00010113215175986897,0.0003889620862672367,4.549200801404941,34.7848545915703,68.57077663709082,4.545605757006911,4.547772166042366,4.545606594047285,0.8562011718750001,0.068603515625,7.8320678750229895,0.7247884504936337,0.9995045368253261,1.000495464044155,0.000495464044155014,,,
A-Ra1e5-fine,A-Ra1e5-fine,matrix,A,100000,160,160x160x1,12000,true,true,PASS,/home/mirai/OpenFOAM/mirai-13/run/deVahlDavisBenchmark/cases/routeA/A-Ra1e5-fine,/home/mirai/OpenFOAM/mirai-13/run/deVahlDavisBenchmark/results/routeA/cases/A-Ra1e5-fine/metrics.json,0.0022730887906732278,0.9977264830869217,0,0,3.5149387036372325e-21,0.00010002843128609092,0.0003873910477537859,4.529825749455513,34.75498426742106,68.65520970326538,4.527649790926375,4.529826258971134,4.527650670783601,0.853271484375,0.065673828125,7.748288745857407,0.7272491417376727,0.9995022735169131,1.000497726911209,0.0004977269112089733,,,
A-Ra1e6-coarse,A-Ra1e6-coarse,matrix,A,1000000,40,40x40x1,3000,true,true,PASS,/home/mirai/OpenFOAM/mirai-13/run/deVahlDavisBenchmark/cases/routeA/A-Ra1e6-coarse,/home/mirai/OpenFOAM/mirai-13/run/deVahlDavisBenchmark/results/routeA/cases/A-Ra1e6-coarse/metrics.json,0.011593175787311338,0.9884039856015079,0,0,1.0272501165911164e-18,0.0001257660073087945,0.0004215829598331266,9.438988398210507,65.62783804409655,222.70920484207005,9.402284676536965,9.406410666640756,9.402284627601375,0.862548828125,0.03759765625,20.17399804632796,0.9276811518793693,0.9995115960143985,1.000488406824213,0.000488406824213028,,,
A-Ra1e6-medium,A-Ra1e6-medium,matrix,A,1000000,80,80x80x1,3000,true,true,PASS,/home/mirai/OpenFOAM/mirai-13/run/deVahlDavisBenchmark/cases/routeA/A-Ra1e6-medium,/home/mirai/OpenFOAM/mirai-13/run/deVahlDavisBenchmark/results/routeA/cases/A-Ra1e6-medium/metrics.json,0.006048877333910241,0.9939498938331894,0,0,1.8295610800263e-19,0.00011457826360855313,0.00040597476884442213,8.98785498243106,65.11855314257006,218.33341153368968,8.97649230433467,8.981001233903008,8.976492302361521,0.8562011718750001,0.03125,18.60479593590293,0.9645057444977283,0.9995060501061668,1.000493951122666,0.0004939511226660365,,,
A-Ra1e6-fine,A-Ra1e6-fine,matrix,A,1000000,160,160x160x1,9000,true,true,PASS,/home/mirai/OpenFOAM/mirai-13/run/deVahlDavisBenchmark/cases/routeA/A-Ra1e6-fine,/home/mirai/OpenFOAM/mirai-13/run/deVahlDavisBenchmark/results/routeA/cases/A-Ra1e6-fine/metrics.json,0.0030523700988851488,0.9969470476793276,0,0,2.8203610942229896e-20,0.00011037035422029161,0.0004010982483525466,8.868989455786025,64.9147345963897,219.90026166168474,8.863383392408878,8.867669176277998,8.863383756337953,0.85302734375,0.04052734375,17.824136170214214,0.9756661546016403,0.9995030529523208,1.000496947629901,0.0004969476299010456,,,
B-Ra1e3-coarse,B-Ra1e3-coarse,matrix,B,1000,40,40x40x1,3000,YES,YES,PASS,/home/mirai/OpenFOAM/mirai-6/run/deVahlDavisBenchmark/cases/routeB/Ra1e3_coarse,/home/mirai/OpenFOAM/mirai-13/run/deVahlDavisBenchmark/results/routeB/cases/B-Ra1e3-coarse/metrics.json,0.008624138352672617,0.9913758616257269,0,0,1.0042773631556267e-21,1.320518480465572e-09,8.638577739293787e-10,1.1187958706851366,3.6477752919664113,3.6889568613677906,1.1186121610359123,1.118612141484978,1.11861215795318,0.8125,0.18750000000000003,1.5105930276847226,0.6897975544088835,,,,0.9995086241383743,1.0004913758616474,reconstructed from saved T; buoyancy/hydrostatic factor
B-Ra1e3-medium,B-Ra1e3-medium,matrix,B,1000,80,80x80x1,6000,YES,YES,PASS,/home/mirai/OpenFOAM/mirai-6/run/deVahlDavisBenchmark/cases/routeB/Ra1e3_medium,/home/mirai/OpenFOAM/mirai-13/run/deVahlDavisBenchmark/results/routeB/cases/B-Ra1e3-medium/metrics.json,0.004318260210595781,0.9956817398019098,0,0,2.0823890746543991e-22,7.1265300116173495e-09,8.681114994244261e-09,1.1180442973567672,3.646999248885325,3.6963023532816552,1.118001427241552,1.1179953402925502,1.118001443953176,0.818603515625,0.18115234375,1.5074029217752658,0.6908885469780071,,,,0.9995043182601981,1.0004956817397894,reconstructed from saved T; buoyancy/hydrostatic factor
B-Ra1e3-fine,B-Ra1e3-fine,matrix,B,1000,160,160x160x1,21000,YES,YES,PASS,/home/mirai/OpenFOAM/mirai-6/run/deVahlDavisBenchmark/cases/routeB/Ra1e3_fine,/home/mirai/OpenFOAM/mirai-13/run/deVahlDavisBenchmark/results/routeB/cases/B-Ra1e3-fine/metrics.json,0.0021598647006726424,0.9978401358513906,0,0,2.860487402353224e-23,8.929904725875264e-08,6.742284969951733e-08,1.117864112488682,3.6490796229717413,3.6974359325334687,1.1178584016290642,1.117846346537446,1.1178586452679156,0.8154296875,0.17822265625,1.5066179512056308,0.6911484944306068,,,,0.9995021598641486,1.0004978401352993,reconstructed from saved T; buoyancy/hydrostatic factor
B-Ra1e4-coarse,B-SMOKE,matrix,B,10000,40,40x40x1,3000,YES,YES,PASS,/home/mirai/OpenFOAM/mirai-6/run/deVahlDavisBenchmark/cases/routeB/Ra1e4_coarse,/home/mirai/OpenFOAM/mirai-13/run/deVahlDavisBenchmark/results/routeB/cases/B-SMOKE/metrics.json,0.0072890593066858855,0.9927109407395278,0,0,1.3714303800835065e-20,4.698632878379736e-10,3.7722791370251563e-10,2.259326039868519,16.118437458362845,19.5952224755579,2.257421662232673,2.2574216652554955,2.257421662888987,0.8125,0.112548828125,3.5771496613726255,0.5820929168721065,,,,0.9995072890592605,1.0004927109406934,reconstructed from saved T; buoyancy/hydrostatic factor
B-Ra1e4-medium,B-Ra1e4-medium,matrix,B,10000,80,80x80x1,6000,YES,YES,PASS,/home/mirai/OpenFOAM/mirai-6/run/deVahlDavisBenchmark/cases/routeB/Ra1e4_medium,/home/mirai/OpenFOAM/mirai-13/run/deVahlDavisBenchmark/results/routeB/cases/B-Ra1e4-medium/metrics.json,0.0036533855280822536,0.996346614503409,0,0,2.2343185484098147e-21,2.857805416058742e-09,2.642512114780271e-09,2.2484533240277327,16.17018720597726,19.62471259658983,2.2479853049708254,2.2479850859646366,2.247985315892265,0.81884765625,0.11865234375,3.5427300470637504,0.5842784693303287,,,,0.9995036533854966,1.0004963466144718,reconstructed from saved T; buoyancy/hydrostatic factor
B-Ra1e4-fine,B-Ra1e4-fine,matrix,B,10000,160,160x160x1,18000,YES,YES,PASS,/home/mirai/OpenFOAM/mirai-6/run/deVahlDavisBenchmark/cases/routeB/Ra1e4_fine,/home/mirai/OpenFOAM/mirai-13/run/deVahlDavisBenchmark/results/routeB/cases/B-Ra1e4-fine/metrics.json,0.0018277075981245616,0.9981722924679843,0,0,3.6038713808672547e-22,1.3813708774524402e-08,1.1815439682716549e-08,2.245720240746932,16.181023277126965,19.61933076302222,2.245611060789088,2.2455970053366445,2.2456111099077134,0.8220214843750001,0.12182617187500001,3.5339850384370153,0.5848016672344443,,,,0.999501827707532,1.0004981722924018,reconstructed from saved T; buoyancy/hydrostatic factor
B-Ra1e5-coarse,B-Ra1e5-coarse,matrix,B,100000,40,40x40x1,6000,YES,YES,PASS,/home/mirai/OpenFOAM/mirai-6/run/deVahlDavisBenchmark/cases/routeB/Ra1e5_coarse,/home/mirai/OpenFOAM/mirai-13/run/deVahlDavisBenchmark/results/routeB/cases/B-Ra1e5-coarse/metrics.json,0.008980341610310916,0.991019657189895,0,0,1.3397589493494268e-19,7.144068069533122e-09,1.5434839523283492e-08,4.6243636549688,34.81924998888706,68.86509024083921,4.616287819891795,4.61628781164033,4.616287784724705,0.862548828125,0.0625,8.142915551224467,0.7154414137164622,,,,0.9995089803428101,1.0004910196583896,reconstructed from saved T; buoyancy/hydrostatic factor
B-Ra1e5-medium,B-Ra1e5-medium,matrix,B,100000,80,80x80x1,9000,YES,YES,PASS,/home/mirai/OpenFOAM/mirai-6/run/deVahlDavisBenchmark/cases/routeB/Ra1e5_medium,/home/mirai/OpenFOAM/mirai-13/run/deVahlDavisBenchmark/results/routeB/cases/B-Ra1e5-medium/metrics.json,0.004536391880890278,0.9954636082972002,0,0,1.990240482965823e-20,8.494120134403616e-10,1.0621951394350414e-09,4.5474797308600134,34.776470529287806,68.56246861531022,4.54559358799861,4.545593593118885,4.545593588241559,0.8562011718750001,0.068603515625,7.8320532762783595,0.7247189783520298,,,,0.9995045363917028,1.0004954636081191,reconstructed from saved T; buoyancy/hydrostatic factor
B-Ra1e5-fine,B-Ra1e5-fine,matrix,B,100000,160,160x160x1,12000,YES,YES,PASS,/home/mirai/OpenFOAM/mirai-6/run/deVahlDavisBenchmark/cases/routeB/Ra1e5_fine,/home/mirai/OpenFOAM/mirai-13/run/deVahlDavisBenchmark/results/routeB/cases/B-Ra1e5-fine/metrics.json,0.0022733085630193273,0.9977266914859229,0,0,3.515137855446946e-21,1.2044404886452221e-08,1.9823170388808855e-08,4.528062764593452,34.74628032803062,68.64693029290197,4.527651133922632,4.527555717121404,4.527651233674646,0.853271484375,0.065673828125,7.748258591528115,0.7271824001583127,,,,0.999502273308514,1.000497726691437,reconstructed from saved T; buoyancy/hydrostatic factor
B-Ra1e6-coarse,B-Ra1e6-coarse,matrix,B,1000000,40,40x40x1,30000,YES,NO,FAIL,/home/mirai/OpenFOAM/mirai-6/run/deVahlDavisBenchmark/cases/routeB/Ra1e6_coarse,/home/mirai/OpenFOAM/mirai-13/run/deVahlDavisBenchmark/results/routeB/cases/B-Ra1e6-coarse/metrics.json,0.011603921267123951,0.9883960676189076,0,0,1.027487149214542e-18,5.932400981919104e-08,4.128779816776076e-07,9.434811346851925,65.61513152926874,222.67839358059658,9.402326316873655,9.402326301138675,9.402325885111281,0.862548828125,0.03759765625,20.174278690563206,0.9283145904873891,,,,0.9995116039323811,1.000488396078733,reconstructed from saved T; buoyancy/hydrostatic factor
B-Ra1e6-medium,B-Ra1e6-medium,matrix,B,1000000,80,80x80x1,30000,YES,NO,FAIL,/home/mirai/OpenFOAM/mirai-6/run/deVahlDavisBenchmark/cases/routeB/Ra1e6_medium,/home/mirai/OpenFOAM/mirai-13/run/deVahlDavisBenchmark/results/routeB/cases/B-Ra1e6-medium/metrics.json,0.006051157440481347,0.9939488420557723,0,0,1.8296595754923594e-19,8.362787800389538e-09,3.887891745168495e-08,8.983834274501707,65.10299281858052,218.30795364349288,8.976522814505074,8.976522658419288,8.976522772489488,0.8562011718750001,0.03125,18.60505339823401,0.964679778640857,,,,0.9995060511579442,1.0004939488425595,reconstructed from saved T; buoyancy/hydrostatic factor
B-Ra1e6-fine,B-Ra1e6-fine,matrix,B,1000000,160,160x160x1,30000,YES,NO,FAIL,/home/mirai/OpenFOAM/mirai-6/run/deVahlDavisBenchmark/cases/routeB/Ra1e6_fine,/home/mirai/OpenFOAM/mirai-13/run/deVahlDavisBenchmark/results/routeB/cases/B-Ra1e6-fine/metrics.json,0.0030528915552849867,0.996947108148504,0,0,2.820564109377776e-20,1.2367716817766722e-09,5.595062753244255e-09,8.865121227158834,64.89951254779456,219.87347099648537,8.863397466499123,8.863397472312313,8.8633974514712,0.85302734375,0.04052734375,17.82417613900965,0.9756462890327384,,,,0.9995030528918515,1.0004969471084446,reconstructed from saved T; buoyancy/hydrostatic factor
A-COND,A-COND,auxiliary,A,0,80,80x80x1,3000,outside_matrix,outside_matrix,outside_matrix,/home/mirai/OpenFOAM/mirai-13/run/deVahlDavisBenchmark/cases/routeA/Ra0_medium,/home/mirai/OpenFOAM/mirai-13/run/deVahlDavisBenchmark/results/routeA/cases/A-COND/metrics.json,0.006250240350425429,0.993749759262414,0,0,0.0,1.6945044604076222e-08,0.0,1.0,0.0,0.0,1.0000393924781292,0.9999606321545684,1.0000394040508809,0.0,0.0,1.0000398068985774,1.0000384911902682,0.9995062502407377,1.00049374975965,0.0004937497596499973,,,
A-SMOKE,A-SMOKE,auxiliary,A,10000,40,40x40x1,3000,outside_matrix,outside_matrix,outside_matrix,/home/mirai/OpenFOAM/mirai-13/run/deVahlDavisBenchmark/cases/routeA/Ra1e4_coarse,/home/mirai/OpenFOAM/mirai-13/run/deVahlDavisBenchmark/results/routeA/cases/A-SMOKE/metrics.json,0.007288258634787326,0.992710157952672,0,0,1.3713572670477028e-20,8.375277804372871e-05,0.0003517402735634307,2.2599546294035275,16.121335096250803,19.597333463027827,2.257421422257835,2.258514696997335,2.2574214718534904,0.8125,0.112548828125,3.5771345173177806,0.5821556110530395,0.9995072898420473,1.000492711741365,0.0004927117413648929,,,
B-COND,B-COND,auxiliary,B,0,80,80x80x1,3000,outside_matrix,outside_matrix,outside_matrix,/home/mirai/OpenFOAM/mirai-6/run/deVahlDavisBenchmark/cases/routeB/Ra0_medium,/home/mirai/OpenFOAM/mirai-13/run/deVahlDavisBenchmark/results/routeB/cases/B-COND/metrics.json,0.006250240350311742,0.993749759262414,0,0,0.0,1.694508011812756e-08,0.0,1.0,0.0,0.0,1.000039392488361,0.9999606321543411,1.000039404026552,0.0,0.0,1.000039806898529,1.0000384912257958,,,,0.9995062502407376,1.0004937497596498,reconstructed from saved T; buoyancy/hydrostatic factor
B-SMOKE,B-SMOKE,auxiliary,B,10000,40,40x40x1,3000,outside_matrix,outside_matrix,outside_matrix,/home/mirai/OpenFOAM/mirai-6/run/deVahlDavisBenchmark/cases/routeB/Ra1e4_coarse,/home/mirai/OpenFOAM/mirai-13/run/deVahlDavisBenchmark/results/routeB/cases/B-SMOKE/metrics.json,0.0072890593066858855,0.9927109407395278,0,0,1.3714303800835065e-20,4.698632878379736e-10,3.7722791370251563e-10,2.259326039868519,16.118437458362845,19.5952224755579,2.257421662232673,2.2574216652554955,2.257421662888987,0.8125,0.112548828125,3.5771496613726255,0.5820929168721065,,,,0.9995072890592605,1.0004927109406934,reconstructed from saved T; buoyancy/hydrostatic factor
A-H-Ra1e6-fine-beta1e-4,A-H-Ra1e6-fine-beta1e-4,sensitivity,A,1000000,160,160x160x1,12000,true,true,PASS,/home/mirai/OpenFOAM/mirai-13/run/deVahlDavisBenchmark/cases/routeA/A-H-Ra1e6-fine-beta1e-4,/home/mirai/OpenFOAM/mirai-13/run/deVahlDavisBenchmark/results/routeA/cases/A-H-Ra1e6-fine-beta1e-4/metrics.json,0.0030504890369229543,0.996949460845201,0,0,2.820535933347918e-20,1.1531482570008994e-05,4.115582908994948e-05,8.86551246466168,64.89920914350851,219.87596235012782,8.863347542477413,8.863845139827621,8.863347541279836,0.85302734375,0.04052734375,17.823743337637207,0.9748962825178751,0.9999503050539155,1.000049694951096,4.9694951095968776e-05,,,
