Z,Nu_hot_primary,Nu_cold_primary
0.00625,3.3874161483072385,0.5844790288665536
0.01875,3.3974968202437594,0.5865239616286999
0.03125,3.4142491611964942,0.5908074060971558
0.04375,3.4345973231847897,0.597587062702587
0.05625,3.4561457893596526,0.607121824814385
0.06875,3.4771224751966656,0.6196432226261095
0.08125,3.496263298238773,0.6353407457299909
0.09375,3.5126960892012,0.6543547414548813
0.10625,3.5258429146597337,0.6767738111011568
0.11875,3.535343160674529,0.7026351365402661
0.13125,3.540994767117809,0.7319268748506147
0.14375,3.5427100592278293,0.764592071836887
0.15625,3.5404828956507117,0.800533682868263
0.16875,3.5343644210843195,0.8396203496158705
0.18125,3.5244452861934406,0.8816926131385117
0.19375,3.5108426904935186,0.9265692665303504
0.20625,3.4936910013948363,0.9740535797300255
0.21875,3.4731350105448655,1.02393916420624
0.23125,3.4493251263847924,1.0760152907641896
0.24375,3.422413980497368,1.1300715219203994
0.25625,3.392554061219926,1.185901572671355
0.26875,3.3598960893323238,1.2433063628941456
0.28125,3.3245879267997225,1.3020962694736227
0.29375,3.286773866193471,1.3620926234216313
0.30625,3.2465941900045436,1.423128526976143
0.31875,3.2041849209781503,1.4850490835851815
0.33125,3.1596777064169146,1.5477111457767023
0.34375,3.1131997964985203,1.610982687343494
0.35625,3.0648740887227177,1.6747419023704424
0.36875,3.0148192188789835,1.7388761248275844
0.38125,2.9631496852198325,1.803280649810404
0.39375,2.909975996817593,1.8678575228477712
0.40625,2.8554048401565524,1.9325143499554542
0.41875,2.7995392600951163,1.9971631658245315
0.43125,2.7424788531334343,2.0617193858106475
0.44375,2.68431997233165,2.126100855602999
0.45625,2.6251559440788697,2.19022700417554
0.46875,2.5650772986682573,2.2540180986743508
0.48125,2.5041720174886,2.31739459459277
0.49375,2.442525800979638,2.3802765724940405
0.50625,2.380222363517533,2.442583249903692
0.51875,2.3173437621153425,2.504232557121213
0.53125,2.2539707680334686,2.5651407658278913
0.54375,2.1901832911044044,2.6252221605591335
0.55625,2.126060868240529,2.6843887439827085
0.56875,2.0616832269934093,2.742549968916137
0.58125,1.9971309355696576,2.799612491262451
0.59375,1.9324861483710265,2.8554799395715236
0.60625,1.8678334532341978,2.9100526981164876
0.61875,1.8032608219073154,2.963227702275617
0.63125,1.7388606581243948,3.014898245164659
0.64375,1.6747309291531565,3.0649537968020013
0.65625,1.6109763554231906,3.1132798376620485
0.66875,1.5477096205631824,3.1597577105276287
0.68125,1.4850525490601285,3.2042644963985367
0.69375,1.4231371855476027,3.2466729238421976
0.70625,1.362106694132308,3.286851324764939
0.71875,1.30211598423557,3.324663656494522
0.73125,1.2433319609772298,3.3599696176133875
0.74375,1.1859332927997457,3.392624898251597
0.75625,1.1301095926410198,3.422481620882536
0.76875,1.0760599188142805,3.4493890514113446
0.78125,1.0239905216440093,3.4731946907686506
0.79375,0.9741117903649865,3.493745899550049
0.80625,0.9266343923081877,3.510892264721406
0.81875,0.8817646414445336,3.524488993452906
0.83125,0.8396991826430167,3.534401721090035
0.84375,0.8006191297408805,3.5405132548658007
0.85625,0.7646838446726179,3.5427329556296177
0.86875,0.7320245892515231,3.541009695709363
0.88125,0.7027383173954149,3.5353496407878993
0.89375,0.6768819034732587,3.5258405004333326
0.90625,0.6544671269239188,3.5126843854595795
0.91875,0.6354567635389685,3.496241986304085
0.93125,0.6197621948012966,3.4770913552347342
0.94375,0.6072430842868926,3.4561048505293006
0.95625,0.5977099826395715,3.434546858707108
0.96875,0.590931428323529,3.4141899539190494
0.98125,0.5866486202558008,3.397430431214161
0.99375,0.5846039621883393,3.3873453430715017
