Z,Nu_hot_primary,Nu_cold_primary,Nu_hot_B2_diagnostic,Nu_cold_B2_diagnostic
0.0125,19.89432827852852,0.9283137013699162,21.756267927755744,0.9393470915006219
0.0375,20.125601625609306,1.114525493871952,21.982456199507965,1.115723093838028
0.0625,19.546224539280956,1.4847542382631218,21.24885153391915,1.4654959006060153
0.0875,18.696581908775446,1.9386832977897939,20.209168521967058,1.8985274563709709
0.1125,17.806773059551233,2.4086416531690706,19.1345552094009,2.3533434894574157
0.1375,16.954795478950473,2.8796308907340062,18.116893601357447,2.8187446209926748
0.1625,16.159752986518473,3.344001516256867,17.177947131902442,3.2891589543942246
0.1875,15.420246325134032,3.7894739797047805,16.31456628778153,3.7501174564641815
0.2125,14.727848589441237,4.2068312430137675,15.515259630373635,4.187295611727109
0.2375,14.074140308198366,4.594747987293886,14.768611934769638,4.594954640620017
0.2625,13.452336413856756,4.958848617457079,14.065356751160039,4.976461002586348
0.2875,12.857400726184096,5.308269226666199,13.398518730525097,5.340567343183125
0.3125,12.285743207385167,5.652488751175042,12.763023853562458,5.697432723697489
0.3375,11.734799077271418,5.999378926890131,12.155163434247811,6.055995398698428
0.3625,11.202661101351625,6.355046820294774,11.572129082408651,6.423584400858999
0.3875,10.687856856479812,6.72314385338268,11.01171923692334,6.804835223235273
0.4125,10.18921534576748,7.105547857872807,10.47216316456172,7.202342660654608
0.4375,9.705811676221856,7.502854157496586,9.952041952920467,7.61717138491349
0.4625,9.236964281353721,7.91497261121549,9.450274067601185,8.049520977691031
0.4875,8.782255326550512,8.341548110879557,8.966127733989993,8.499228003793746
0.5125,8.341548065127427,8.78225498262509,8.499227744272844,8.966127375178985
0.5375,7.9149732677979046,9.236963989296783,8.04952177773714,9.450273742640434
0.5625,7.502854472504623,9.705810545406166,7.617171714661595,9.95204047687082
0.5875,7.105548164672655,10.189214386182357,7.202343029398435,10.472161996469822
0.6125,6.723144257880449,10.687856152662789,6.804835771090438,11.011718439946776
0.6375,6.355047701031253,11.202660558960815,6.4235857227726,11.572128487045461
0.6625,5.999380327166364,11.73479782058621,6.055997547016432,12.15516175923085
0.6875,5.65249053338448,12.285742129033679,5.697435342216863,12.763022538605924
0.7125,5.308270541113417,12.857399780150445,5.340569200538994,13.398517559507468
0.7375,4.958849311551603,13.45233568095864,4.9764618628779544,14.065355985667338
0.7625,4.594747843448204,14.074140160137178,4.5949541262240245,14.768612016562201
0.7875,4.206831429855811,14.727849036257796,4.187295385488028,15.515260600720922
0.8125,3.7894745348057772,15.420246748344654,3.7501177713187417,16.314567103090667
0.8375,3.344001797545389,16.159752985663545,3.2891588432335084,17.177947143573533
0.8625,2.879631092168893,16.954795681385804,2.81874452348859,18.116893743937794
0.8875,2.4086425348468765,17.806774710898026,2.353344347825441,19.134556996479546
0.9125,1.9386839833578053,18.696583024166102,1.8985280844373165,20.20917020295883
0.9375,1.4847553101662925,19.546224375985734,1.4654972953439938,21.248851044156254
0.9625,1.11452580362311,20.125601346926487,1.1157235681508837,21.982455526046465
0.9875,0.9283145904873891,19.894328374025463,0.9393482188306734,21.756268151441418
