X,Nu_bar_X,Nu_bar_cavity,operator
0.0,4.616287819891795,4.6243636549688,native saved volume phi
0.025,4.616287803356523,4.6243636549688,native saved volume phi
0.05,4.616287798730393,4.6243636549688,native saved volume phi
0.07500000000000001,4.6162877963959605,4.6243636549688,native saved volume phi
0.1,4.616287798705356,4.6243636549688,native saved volume phi
0.125,4.61628778914295,4.6243636549688,native saved volume phi
0.15000000000000002,4.6162878045261415,4.6243636549688,native saved volume phi
0.17500000000000002,4.616287805140558,4.6243636549688,native saved volume phi
0.2,4.616287811537473,4.6243636549688,native saved volume phi
0.225,4.616287802816395,4.6243636549688,native saved volume phi
0.25,4.616287814640221,4.6243636549688,native saved volume phi
0.275,4.616287822623758,4.6243636549688,native saved volume phi
0.30000000000000004,4.616287833741931,4.6243636549688,native saved volume phi
0.325,4.616287844406442,4.6243636549688,native saved volume phi
0.35000000000000003,4.616287845667697,4.6243636549688,native saved volume phi
0.375,4.616287824000076,4.6243636549688,native saved volume phi
0.4,4.616287827732616,4.6243636549688,native saved volume phi
0.42500000000000004,4.616287812591774,4.6243636549688,native saved volume phi
0.45,4.616287821228809,4.6243636549688,native saved volume phi
0.47500000000000003,4.616287797196314,4.6243636549688,native saved volume phi
0.5,4.61628781164033,4.6243636549688,native saved volume phi
0.525,4.616287787017184,4.6243636549688,native saved volume phi
0.55,4.616287794003778,4.6243636549688,native saved volume phi
0.5750000000000001,4.616287781922153,4.6243636549688,native saved volume phi
0.6000000000000001,4.6162877938603994,4.6243636549688,native saved volume phi
0.625,4.616287776266546,4.6243636549688,native saved volume phi
0.65,4.616287780960108,4.6243636549688,native saved volume phi
0.675,4.616287776725671,4.6243636549688,native saved volume phi
0.7000000000000001,4.616287790074397,4.6243636549688,native saved volume phi
0.7250000000000001,4.616287785679054,4.6243636549688,native saved volume phi
0.75,4.616287812166529,4.6243636549688,native saved volume phi
0.775,4.616287801917449,4.6243636549688,native saved volume phi
0.8,4.616287799883984,4.6243636549688,native saved volume phi
0.8250000000000001,4.616287775666964,4.6243636549688,native saved volume phi
0.8500000000000001,4.616287795331671,4.6243636549688,native saved volume phi
0.875,4.616287789138034,4.6243636549688,native saved volume phi
0.9,4.616287774919353,4.6243636549688,native saved volume phi
0.925,4.616287777491584,4.6243636549688,native saved volume phi
0.9500000000000001,4.6162877609195405,4.6243636549688,native saved volume phi
0.9750000000000001,4.616287779932459,4.6243636549688,native saved volume phi
1.0,4.616287784724705,4.6243636549688,native saved volume phi
