quantity,calculated,reference,signed_difference,absolute_relative_error,absolute_position_error,formal_Gate_E
Nu_bar_cavity,4.6243636549688,4.519,0.10536365496879974,0.02331570147572466,,NOT_EVALUATED
Nu_bar_half,4.61628781164033,4.519,0.09728781164032974,0.021528615100758958,,NOT_EVALUATED
Nu_bar_0,4.616287819891795,4.509,0.10728781989179481,0.023794149454822534,,NOT_EVALUATED
Nu_hot_local_max,8.142915551224467,7.717,0.42591555122446767,0.0551918558020562,,NOT_EVALUATED
Nu_hot_local_max_Z,0.07255751221665037,0.081,-0.008442487783349634,0.10422824423888437,0.008442487783349634,NOT_EVALUATED
Nu_hot_local_min,0.7154414137164622,0.729,-0.013558586283537788,0.018598883790861165,,NOT_EVALUATED
Nu_hot_local_min_Z,1.0,1.0,0.0,0.0,0.0,NOT_EVALUATED
Umax,34.81924998888706,34.73,0.0892499888870617,0.00256982403936256,,NOT_EVALUATED
Umax_Z,0.862548828125,0.855,0.007548828125000018,0.008829038742690079,0.007548828125000018,NOT_EVALUATED
Wmax,68.86509024083921,68.59,0.2750902408392051,0.004010646462154907,,NOT_EVALUATED
Wmax_X,0.0625,0.066,-0.003500000000000003,0.05303030303030307,0.003500000000000003,NOT_EVALUATED
Nu_bar_1,4.616287784724705,,,,,NOT_EVALUATED
