Ra,quantity,coarse,medium,fine,convergence_type,monotonic,fine_medium_relative_difference,p_obs,GCI_fine,GCI_limit,checks,needs_320,status
1000,Nu_bar_cavity,1.1188551731765783,1.1181032979191003,1.117942491664425,MONOTONIC_CONVERGENCE,True,0.0001438412582708009,2.2251698040628134,0.00011740037407130161,0.015,"{""fine_medium_le_1pct"": true, ""GCI_within_existing_limit"": true}",False,PASS
1000,Umax,3.648078448097432,3.647297616404053,3.6500951219362148,NON_MONOTONIC_OR_UNDEFINED,False,0.0007664198983060125,,,,,True,FAIL
1000,Wmax,3.6895371613052887,3.696866256912761,3.6986872800530106,MONOTONIC_CONVERGENCE,True,0.0004923430942838968,2.0088859291315257,0.0004883204639927135,0.02,"{""fine_medium_le_1pct"": true, ""GCI_within_existing_limit"": true}",False,PASS
10000,Nu_bar_cavity,2.2599546294035275,2.2490772787596685,2.2463852026882636,MONOTONIC_CONVERGENCE,True,0.001198403581088072,2.0145361248427722,0.0011824381366717367,0.015,"{""fine_medium_le_1pct"": true, ""GCI_within_existing_limit"": true}",False,PASS
10000,Umax,16.121335096250803,16.173070494115187,16.184582933939314,MONOTONIC_CONVERGENCE,True,0.0007113213773328274,2.167958109096661,0.0006107739175196977,0.02,"{""fine_medium_le_1pct"": true, ""GCI_within_existing_limit"": true}",False,PASS
10000,Wmax,19.597333463027827,19.626839529075486,19.621961409028074,NON_MONOTONIC_OR_UNDEFINED,False,0.0002486051188117872,,,,,True,FAIL
100000,Nu_bar_cavity,4.626170470325839,4.549200801404941,4.529825749455513,MONOTONIC_CONVERGENCE,True,0.004277217937523734,1.9900898630526633,0.00431661798078801,0.015,"{""fine_medium_le_1pct"": true, ""GCI_within_existing_limit"": true}",False,PASS
100000,Umax,34.82796058621489,34.7848545915703,34.75498426742106,MONOTONIC_CONVERGENCE,True,0.0008594543999619474,0.5291756216247349,0.005818862337358696,0.02,"{""fine_medium_le_1pct"": true, ""GCI_within_existing_limit"": true}",False,PASS
100000,Wmax,68.8736929513016,68.57077663709082,68.65520970326538,NON_MONOTONIC_OR_UNDEFINED,False,0.0012298129528625253,,,,,True,FAIL
1000000,Nu_bar_cavity,9.438988398210507,8.98785498243106,8.868989455786025,MONOTONIC_CONVERGENCE,True,0.013402375460880519,1.9242237858496105,0.014383698842540909,0.015,"{""fine_medium_le_1pct"": false, ""GCI_within_existing_limit"": true}",False,FAIL
1000000,Umax,65.62783804409655,65.11855314257006,64.9147345963897,MONOTONIC_CONVERGENCE,True,0.00313978863886002,1.3211876136563185,0.006284952281840569,0.02,"{""fine_medium_le_1pct"": true, ""GCI_within_existing_limit"": true}",False,PASS
1000000,Wmax,222.70920484207005,218.33341153368968,219.90026166168474,NON_MONOTONIC_OR_UNDEFINED,False,0.00712527632370735,,,,,True,FAIL
