X,Nu_bar_X,definition
0.0,2.2479853049708254,U*theta-dtheta/dX
0.0125,2.2479853045466878,U*theta-dtheta/dX
0.025,2.247985303524693,U*theta-dtheta/dX
0.037500000000000006,2.2479853016530145,U*theta-dtheta/dX
0.05,2.2479852988901174,U*theta-dtheta/dX
0.0625,2.247985295439233,U*theta-dtheta/dX
0.07500000000000001,2.247985291145238,U*theta-dtheta/dX
0.08750000000000001,2.2479852857724087,U*theta-dtheta/dX
0.1,2.2479852804303904,U*theta-dtheta/dX
0.1125,2.2479852738082493,U*theta-dtheta/dX
0.125,2.2479852670672136,U*theta-dtheta/dX
0.1375,2.2479852594504237,U*theta-dtheta/dX
0.15000000000000002,2.2479852517090824,U*theta-dtheta/dX
0.1625,2.2479852436099828,U*theta-dtheta/dX
0.17500000000000002,2.247985234662316,U*theta-dtheta/dX
0.1875,2.2479852265634888,U*theta-dtheta/dX
0.2,2.2479852175397745,U*theta-dtheta/dX
0.21250000000000002,2.2479852088692187,U*theta-dtheta/dX
0.225,2.247985199773395,U*theta-dtheta/dX
0.23750000000000002,2.247985190915771,U*theta-dtheta/dX
0.25,2.247985182470486,U*theta-dtheta/dX
0.2625,2.2479851740175576,U*theta-dtheta/dX
0.275,2.247985165688617,U*theta-dtheta/dX
0.28750000000000003,2.2479851575010934,U*theta-dtheta/dX
0.30000000000000004,2.247985149728644,U*theta-dtheta/dX
0.3125,2.247985142510019,U*theta-dtheta/dX
0.325,2.247985135516458,U*theta-dtheta/dX
0.3375,2.2479851288648187,U*theta-dtheta/dX
0.35000000000000003,2.24798512264779,U*theta-dtheta/dX
0.36250000000000004,2.2479851167062574,U*theta-dtheta/dX
0.375,2.247985111381272,U*theta-dtheta/dX
0.3875,2.2479851066390624,U*theta-dtheta/dX
0.4,2.2479851020722976,U*theta-dtheta/dX
0.41250000000000003,2.247985098215211,U*theta-dtheta/dX
0.42500000000000004,2.247985094567077,U*theta-dtheta/dX
0.4375,2.247985092102084,U*theta-dtheta/dX
0.45,2.2479850894712223,U*theta-dtheta/dX
0.4625,2.247985088162481,U*theta-dtheta/dX
0.47500000000000003,2.247985087522451,U*theta-dtheta/dX
0.48750000000000004,2.2479850872916054,U*theta-dtheta/dX
0.5,2.2479850859646366,U*theta-dtheta/dX
0.5125000000000001,2.2479850866282236,U*theta-dtheta/dX
0.525,2.247985087763618,U*theta-dtheta/dX
0.5375,2.24798508939968,U*theta-dtheta/dX
0.55,2.2479850914877217,U*theta-dtheta/dX
0.5625,2.2479850943798763,U*theta-dtheta/dX
0.5750000000000001,2.2479850971078648,U*theta-dtheta/dX
0.5875,2.247985101223136,U*theta-dtheta/dX
0.6000000000000001,2.247985105284428,U*theta-dtheta/dX
0.6125,2.2479851098638255,U*theta-dtheta/dX
0.625,2.247985115055898,U*theta-dtheta/dX
0.6375000000000001,2.247985120725649,U*theta-dtheta/dX
0.65,2.2479851267298607,U*theta-dtheta/dX
0.6625000000000001,2.247985133505578,U*theta-dtheta/dX
0.675,2.2479851406287814,U*theta-dtheta/dX
0.6875,2.247985147805905,U*theta-dtheta/dX
0.7000000000000001,2.2479851556090664,U*theta-dtheta/dX
0.7125,2.2479851636145125,U*theta-dtheta/dX
0.7250000000000001,2.247985172136418,U*theta-dtheta/dX
0.7375,2.2479851808048887,U*theta-dtheta/dX
0.75,2.2479851896299112,U*theta-dtheta/dX
0.7625000000000001,2.2479851986200656,U*theta-dtheta/dX
0.775,2.247985207718643,U*theta-dtheta/dX
0.7875000000000001,2.2479852168899166,U*theta-dtheta/dX
0.8,2.2479852261610644,U*theta-dtheta/dX
0.8125,2.247985235223608,U*theta-dtheta/dX
0.8250000000000001,2.2479852438212315,U*theta-dtheta/dX
0.8375,2.247985252776411,U*theta-dtheta/dX
0.8500000000000001,2.2479852609116016,U*theta-dtheta/dX
0.8625,2.2479852689029434,U*theta-dtheta/dX
0.875,2.247985276492212,U*theta-dtheta/dX
0.8875000000000001,2.247985283514932,U*theta-dtheta/dX
0.9,2.2479852900762256,U*theta-dtheta/dX
0.9125000000000001,2.247985296076005,U*theta-dtheta/dX
0.925,2.2479853010871187,U*theta-dtheta/dX
0.9375,2.2479853055018064,U*theta-dtheta/dX
0.9500000000000001,2.2479853092488717,U*theta-dtheta/dX
0.9625,2.247985311869608,U*theta-dtheta/dX
0.9750000000000001,2.2479853141260824,U*theta-dtheta/dX
0.9875,2.2479853154312757,U*theta-dtheta/dX
1.0,2.247985315892265,U*theta-dtheta/dX
