callback,term,frequency,matrix_packets_per_callback,state_copy_shapes,explicit_zero_array_shapes,measurement_status,observed_JSON_IPC_bytes,lower_shape_assumption_bytes,central_shape_assumption_bytes,conservative_shape_assumption_bytes,model_label
time_start,,1,0,2,0,UNMEASURED_TARGET_CLASS,UNRESOLVED,3428783.4,4898262.0,6857566.8,SOURCE_SHAPE_WHAT_IF_NOT_MEASURED_PAYLOAD_OR_RUNTIME_BOUND
outer_start,,24,0,2,0,UNMEASURED_TARGET_CLASS,UNRESOLVED,3428783.4,4898262.0,6857566.8,SOURCE_SHAPE_WHAT_IF_NOT_MEASURED_PAYLOAD_OR_RUNTIME_BOUND
before_correctDensity,,49,0,2,0,UNMEASURED_TARGET_CLASS,UNRESOLVED,3428783.4,4898262.0,6857566.8,SOURCE_SHAPE_WHAT_IF_NOT_MEASURED_PAYLOAD_OR_RUNTIME_BOUND
term_capture,D_B_rho,49,1,1,0,UNMEASURED_TARGET_CLASS,UNRESOLVED,2214391.7,3949131.0,6428783.4,SOURCE_SHAPE_WHAT_IF_NOT_MEASURED_PAYLOAD_OR_RUNTIME_BOUND
term_capture,div_phi,49,0,1,1,UNMEASURED_TARGET_CLASS,UNRESOLVED,1765592.7,2500332.0,3479984.4,SOURCE_SHAPE_WHAT_IF_NOT_MEASURED_PAYLOAD_OR_RUNTIME_BOUND
term_capture,mass_models,49,1,1,0,UNMEASURED_TARGET_CLASS,UNRESOLVED,2214391.7,3949131.0,6428783.4,SOURCE_SHAPE_WHAT_IF_NOT_MEASURED_PAYLOAD_OR_RUNTIME_BOUND
mass_unrelaxed_assembly,,49,1,2,0,UNMEASURED_TARGET_CLASS,UNRESOLVED,3928783.4,6398262.0,9857566.8,SOURCE_SHAPE_WHAT_IF_NOT_MEASURED_PAYLOAD_OR_RUNTIME_BOUND
mass_after_solve,,49,2,2,3,UNMEASURED_TARGET_CLASS,UNRESOLVED,4582386.4,8051865.0,13011169.8,SOURCE_SHAPE_WHAT_IF_NOT_MEASURED_PAYLOAD_OR_RUNTIME_BOUND
after_correctDensity,,49,0,2,0,UNMEASURED_TARGET_CLASS,UNRESOLVED,3428783.4,4898262.0,6857566.8,SOURCE_SHAPE_WHAT_IF_NOT_MEASURED_PAYLOAD_OR_RUNTIME_BOUND
density_predictor_complete,,24,0,2,0,UNMEASURED_TARGET_CLASS,UNRESOLVED,3428783.4,4898262.0,6857566.8,SOURCE_SHAPE_WHAT_IF_NOT_MEASURED_PAYLOAD_OR_RUNTIME_BOUND
energy_begin,,24,0,2,0,UNMEASURED_TARGET_CLASS,UNRESOLVED,3428783.4,4898262.0,6857566.8,SOURCE_SHAPE_WHAT_IF_NOT_MEASURED_PAYLOAD_OR_RUNTIME_BOUND
term_capture,S_e,24,1,1,0,UNMEASURED_TARGET_CLASS,UNRESOLVED,2214391.7,3949131.0,6428783.4,SOURCE_SHAPE_WHAT_IF_NOT_MEASURED_PAYLOAD_OR_RUNTIME_BOUND
term_capture,F_e,24,1,1,0,UNMEASURED_TARGET_CLASS,UNRESOLVED,2214391.7,3949131.0,6428783.4,SOURCE_SHAPE_WHAT_IF_NOT_MEASURED_PAYLOAD_OR_RUNTIME_BOUND
term_capture,S_K,24,0,1,1,UNMEASURED_TARGET_CLASS,UNRESOLVED,1765592.7,2500332.0,3479984.4,SOURCE_SHAPE_WHAT_IF_NOT_MEASURED_PAYLOAD_OR_RUNTIME_BOUND
term_capture,F_K,24,0,1,1,UNMEASURED_TARGET_CLASS,UNRESOLVED,1765592.7,2500332.0,3479984.4,SOURCE_SHAPE_WHAT_IF_NOT_MEASURED_PAYLOAD_OR_RUNTIME_BOUND
term_capture,W_p,24,0,1,1,UNMEASURED_TARGET_CLASS,UNRESOLVED,1765592.7,2500332.0,3479984.4,SOURCE_SHAPE_WHAT_IF_NOT_MEASURED_PAYLOAD_OR_RUNTIME_BOUND
term_capture,Fourier_laplacian,24,0,1,1,UNMEASURED_TARGET_CLASS,UNRESOLVED,1765592.7,2500332.0,3479984.4,SOURCE_SHAPE_WHAT_IF_NOT_MEASURED_PAYLOAD_OR_RUNTIME_BOUND
term_capture,Fourier_correction,24,1,1,0,UNMEASURED_TARGET_CLASS,UNRESOLVED,2214391.7,3949131.0,6428783.4,SOURCE_SHAPE_WHAT_IF_NOT_MEASURED_PAYLOAD_OR_RUNTIME_BOUND
term_capture,H_out,24,1,1,0,UNMEASURED_TARGET_CLASS,UNRESOLVED,2214391.7,3949131.0,6428783.4,SOURCE_SHAPE_WHAT_IF_NOT_MEASURED_PAYLOAD_OR_RUNTIME_BOUND
term_capture,W_g,24,0,1,1,UNMEASURED_TARGET_CLASS,UNRESOLVED,1765592.7,2500332.0,3479984.4,SOURCE_SHAPE_WHAT_IF_NOT_MEASURED_PAYLOAD_OR_RUNTIME_BOUND
term_capture,S_models,24,1,1,0,UNMEASURED_TARGET_CLASS,UNRESOLVED,2214391.7,3949131.0,6428783.4,SOURCE_SHAPE_WHAT_IF_NOT_MEASURED_PAYLOAD_OR_RUNTIME_BOUND
energy_unrelaxed_assembly,,24,1,2,0,UNMEASURED_TARGET_CLASS,UNRESOLVED,3928783.4,6398262.0,9857566.8,SOURCE_SHAPE_WHAT_IF_NOT_MEASURED_PAYLOAD_OR_RUNTIME_BOUND
energy_after_relax,,24,1,2,0,UNMEASURED_TARGET_CLASS,UNRESOLVED,3928783.4,6398262.0,9857566.8,SOURCE_SHAPE_WHAT_IF_NOT_MEASURED_PAYLOAD_OR_RUNTIME_BOUND
energy_after_solve,,24,2,2,10,UNMEASURED_TARGET_CLASS,UNRESOLVED,4940793.4,8410272.0,13369576.8,SOURCE_SHAPE_WHAT_IF_NOT_MEASURED_PAYLOAD_OR_RUNTIME_BOUND
before_thermo_correct,,24,0,2,0,UNMEASURED_TARGET_CLASS,UNRESOLVED,3428783.4,4898262.0,6857566.8,SOURCE_SHAPE_WHAT_IF_NOT_MEASURED_PAYLOAD_OR_RUNTIME_BOUND
after_thermo_correct,,24,0,2,0,UNMEASURED_TARGET_CLASS,UNRESOLVED,3428783.4,4898262.0,6857566.8,SOURCE_SHAPE_WHAT_IF_NOT_MEASURED_PAYLOAD_OR_RUNTIME_BOUND
pressure_start,,48,0,2,0,UNMEASURED_TARGET_CLASS,UNRESOLVED,3428783.4,4898262.0,6857566.8,SOURCE_SHAPE_WHAT_IF_NOT_MEASURED_PAYLOAD_OR_RUNTIME_BOUND
before_pressure_EOS_copy,,48,0,2,0,UNMEASURED_TARGET_CLASS,UNRESOLVED,3428783.4,4898262.0,6857566.8,SOURCE_SHAPE_WHAT_IF_NOT_MEASURED_PAYLOAD_OR_RUNTIME_BOUND
after_pressure_EOS_copy,,48,0,2,0,UNMEASURED_TARGET_CLASS,UNRESOLVED,3428783.4,4898262.0,6857566.8,SOURCE_SHAPE_WHAT_IF_NOT_MEASURED_PAYLOAD_OR_RUNTIME_BOUND
pressure_pre_reference,,48,1,1,0,UNMEASURED_TARGET_CLASS,UNRESOLVED,2214391.7,3949131.0,6428783.4,SOURCE_SHAPE_WHAT_IF_NOT_MEASURED_PAYLOAD_OR_RUNTIME_BOUND
pressure_post_reference,,48,1,1,0,UNMEASURED_TARGET_CLASS,UNRESOLVED,2214391.7,3949131.0,6428783.4,SOURCE_SHAPE_WHAT_IF_NOT_MEASURED_PAYLOAD_OR_RUNTIME_BOUND
pressure_solved,,48,3,1,0,UNMEASURED_TARGET_CLASS,UNRESOLVED,3214391.7,6949131.0,12428783.4,SOURCE_SHAPE_WHAT_IF_NOT_MEASURED_PAYLOAD_OR_RUNTIME_BOUND
native_continuity_report,,48,0,2,0,UNMEASURED_TARGET_CLASS,UNRESOLVED,3428783.4,4898262.0,6857566.8,SOURCE_SHAPE_WHAT_IF_NOT_MEASURED_PAYLOAD_OR_RUNTIME_BOUND
outer_end,,24,0,2,0,UNMEASURED_TARGET_CLASS,UNRESOLVED,3428783.4,4898262.0,6857566.8,SOURCE_SHAPE_WHAT_IF_NOT_MEASURED_PAYLOAD_OR_RUNTIME_BOUND
before_postSolve,,1,0,2,0,UNMEASURED_TARGET_CLASS,UNRESOLVED,3428783.4,4898262.0,6857566.8,SOURCE_SHAPE_WHAT_IF_NOT_MEASURED_PAYLOAD_OR_RUNTIME_BOUND
before_postSolve_EOS_copy,,1,0,2,0,UNMEASURED_TARGET_CLASS,UNRESOLVED,3428783.4,4898262.0,6857566.8,SOURCE_SHAPE_WHAT_IF_NOT_MEASURED_PAYLOAD_OR_RUNTIME_BOUND
after_postSolve_EOS_copy,,1,0,2,0,UNMEASURED_TARGET_CLASS,UNRESOLVED,3428783.4,4898262.0,6857566.8,SOURCE_SHAPE_WHAT_IF_NOT_MEASURED_PAYLOAD_OR_RUNTIME_BOUND
after_postSolve,,1,0,2,0,UNMEASURED_TARGET_CLASS,UNRESOLVED,3428783.4,4898262.0,6857566.8,SOURCE_SHAPE_WHAT_IF_NOT_MEASURED_PAYLOAD_OR_RUNTIME_BOUND
time_end,,1,0,2,0,UNMEASURED_TARGET_CLASS,UNRESOLVED,3428783.4,4898262.0,6857566.8,SOURCE_SHAPE_WHAT_IF_NOT_MEASURED_PAYLOAD_OR_RUNTIME_BOUND
preSolve_before,,1,0,2,0,MEASURED_SINGLE_COMPLETED_PREFIX_CALLBACK,4898261,4898262,4898262,4898262,SOURCE_SHAPE_WHAT_IF_NOT_MEASURED_PAYLOAD_OR_RUNTIME_BOUND
preSolve_after,,1,0,2,0,MEASURED_SINGLE_COMPLETED_PREFIX_CALLBACK,4898260,4898262,4898262,4898262,SOURCE_SHAPE_WHAT_IF_NOT_MEASURED_PAYLOAD_OR_RUNTIME_BOUND
controller_complete,,1,0,2,0,MEASURED_SINGLE_COMPLETED_PREFIX_CALLBACK,4898265,4898262,4898262,4898262,SOURCE_SHAPE_WHAT_IF_NOT_MEASURED_PAYLOAD_OR_RUNTIME_BOUND
