quantity,calculated,reference,signed_difference,absolute_relative_error,absolute_position_error
Nu_bar_cavity,4.5474797308600134,4.519,0.02847973086001332,0.006302219707902925,
Nu_bar_half,4.545593593118885,4.519,0.026593593118884762,0.00588484025644717,
Nu_bar_0,4.54559358799861,4.509,0.03659358799860968,0.008115677089955572,
Nu_hot_local_max,7.8320532762783595,7.717,0.11505327627835982,0.014909067808521423,
Nu_hot_local_max_Z,0.07850411421594014,0.081,-0.002495885784059862,0.030813404741479776,0.002495885784059862
Nu_hot_local_min,0.7247189783520298,0.729,-0.0042810216479701735,0.005872457678971431,
Nu_hot_local_min_Z,1.0,1.0,0.0,0.0,0.0
Umax,34.776470529287806,34.73,0.04647052928780937,0.0013380515199484415,
Umax_Z,0.8562011718750001,0.855,0.0012011718750001288,0.001404879385965063,0.0012011718750001288
Wmax,68.56246861531022,68.59,-0.027531384689780225,0.0004013906500915618,
Wmax_X,0.068603515625,0.066,0.002603515624999997,0.03944720643939389,0.002603515624999997
Nu_bar_1,4.545593588241559,,,,
