Z,Nu_hot_B1,Nu_hot_B2,Nu_cold_B1,Nu_cold_B2,Y_legacy_alias
0.012499999999999999,3.4272127130816448,3.4361888885740655,0.5831247445348708,0.5844487263834708,0.012499999999999999
0.037500000000000006,3.4617169235843903,3.469623127935506,0.5915354784792726,0.5929990550072262,0.037500000000000006
0.0625,3.505002878432606,3.5119207813903586,0.6104735831740982,0.6120787533336625,0.0625
0.08750000000000001,3.5426368267599173,3.5487876017356257,0.6417638339780752,0.6434563041494812,0.08750000000000001
0.11249999999999999,3.567616860968883,3.5731809267394965,0.6864850448891957,0.688187426399054,0.11249999999999999
0.1375,3.5770883141594823,3.582178600367456,0.7449099966970607,0.7465424994916248,0.1375
0.1625,3.570414841465208,3.575092840671914,0.8165822805449353,0.8180763991441609,0.1625
0.18749999999999997,3.548081775670653,3.552376687482024,0.9004703441587482,0.9017770726785557,0.18749999999999997
0.2125,3.5111015735583355,3.5150248315926547,0.9951569493341595,0.9962499710360362,0.2125
0.2375,3.4607014625498778,3.464256433200603,1.099029321026137,1.0999039804318045,0.2375
0.2625,3.3981641538548506,3.4013522228468673,1.2104425663665097,1.2111120156373545,0.2625
0.28750000000000003,3.3247496565536494,3.3275738546581124,1.3278393382734066,1.3283294297639259,0.28750000000000003
0.3125,3.2416592118897825,3.2441262367279933,1.4498205863446856,1.4501648876643003,0.3125
0.3375,3.1500206665259616,3.152141846554173,1.5751721823062326,1.5754080232949264,0.3375
0.36250000000000004,3.0508846455177263,3.0526762271603047,1.702858211351668,1.7030240934150243,0.36250000000000004
0.38749999999999996,2.9452261267897484,2.9467091009593105,1.8319936971511197,1.832127959980312,0.38749999999999996
0.4125,2.833948841753227,2.835148495076396,1.9618082176020835,1.9619486215020743,0.4125
0.43749999999999994,2.7178911723058268,2.7188364419697564,2.091608704713508,2.091792491846718,0.43749999999999994
0.46249999999999997,2.5978330385123627,2.5985557689642746,2.2207463740141975,2.2210104535935216,0.46249999999999997
0.4875,2.4745035673186067,2.4750377404376422,2.3485897237105746,2.3489707384692338,0.4875
0.5125,2.3485897218461105,2.3489707367417623,2.4745035665500836,2.475037738270771,0.5125
0.5375,2.2207463745507994,2.221010454852035,2.5978330383213692,2.59855576763357,0.5375
0.5625,2.0916087018576945,2.0917924889266715,2.7178911732016786,2.718836442190309,0.5625
0.5875,1.961808218593433,1.9619486231772498,2.8339488442406946,2.835148497654245,0.5875
0.6125,1.8319936990155838,1.8321279625865827,2.945226129463663,2.946709103082412,0.6125
0.6375,1.702858213870968,1.7030240975378774,3.050884647145722,3.052676227889606,0.6375
0.6625,1.5751721864262436,1.5754080287888428,3.1500206701184656,3.1521418501591825,0.6625
0.6875,1.449820589814408,1.4501648915347687,3.24165921628719,3.2441262407110116,0.6875
0.7125,1.3278393390964993,1.3283294300237003,3.3247496647845765,3.3275738640963937,0.7125
0.7375,1.2104425723691747,1.2111120236107809,3.3981641574382597,3.4013522257993145,0.7375
0.7625000000000001,1.0990293277382082,1.0999039890367612,3.460701467192848,3.4642564370892615,0.7625000000000001
0.7875000000000001,0.9951569528539039,0.9962499759427601,3.5111015836309893,3.515024844119239,0.7875000000000001
0.8125,0.9004703480786703,0.9017770772078393,3.5480817798179487,3.5523766918475985,0.8125
0.8375,0.81658228231845,0.8180763991958884,3.5704148444574457,3.5750928424766926,0.8375
0.8625,0.7449100019766776,0.7465425035996986,3.577088318793358,3.5821786032039427,0.8625
0.8875000000000001,0.6864850528063471,0.6881874348050587,3.5676168716145185,3.573180938165592,0.8875000000000001
0.9125000000000001,0.6417638460152375,0.6434563189310438,3.5426368355456366,3.548787610258728,0.9125000000000001
0.9375,0.610473588953937,0.6120787580903198,3.505002881602195,3.5119207814153697,0.9375
0.9625,0.5915354790340643,0.5929990506837157,3.4617169299099264,3.4696231325074223,0.9625
0.9875,0.583124740837775,0.584448719407078,3.4272127167923827,3.436188891533334,0.9875
