branch,metric,block_left_exclusive,block_right_inclusive,samples,median
P10,R_recursive,15000,15200,10,5.5627508037853286e-11
P10,R_recursive,15200,15400,10,7.460134122934032e-11
P10,R_recursive,15400,15600,10,5.454234116074342e-11
P10,R_recursive,15600,15800,10,6.290085279387523e-11
P10,R_recursive,15800,16000,10,7.595343642413584e-11
P10,R_recursive,16000,16200,10,7.208697346237278e-11
P10,R_recursive,16200,16400,10,6.462446527279819e-11
P10,R_recursive,16400,16600,10,7.017596782414486e-11
P10,R_recursive,16600,16800,10,7.128331023647646e-11
P10,R_recursive,16800,17000,10,6.649526368147624e-11
P10,R_recursive,17000,17200,10,6.908900094936595e-11
P10,R_recursive,17200,17400,10,7.152356081226137e-11
P10,R_recursive,17400,17600,10,7.706941387087634e-11
P10,R_recursive,17600,17800,10,8.475306145795272e-11
P10,R_recursive,17800,18000,10,7.57983179414933e-11
P10,epsilon_phi_mean,15000,15200,10,2.476644343560055e-10
P10,epsilon_phi_mean,15200,15400,10,3.288751099440543e-10
P10,epsilon_phi_mean,15400,15600,10,2.378016514595912e-10
P10,epsilon_phi_mean,15600,15800,10,2.75446839382885e-10
P10,epsilon_phi_mean,15800,16000,10,3.3212470231218347e-10
P10,epsilon_phi_mean,16000,16200,10,3.1704382777690503e-10
P10,epsilon_phi_mean,16200,16400,10,2.9786295111924056e-10
P10,epsilon_phi_mean,16400,16600,10,3.091289094947509e-10
P10,epsilon_phi_mean,16600,16800,10,3.1259627017030777e-10
P10,epsilon_phi_mean,16800,17000,10,2.9124951091671846e-10
P10,epsilon_phi_mean,17000,17200,10,3.014635719819434e-10
P10,epsilon_phi_mean,17200,17400,10,3.1689290957067673e-10
P10,epsilon_phi_mean,17400,17600,10,3.3690570728220385e-10
P10,epsilon_phi_mean,17600,17800,10,3.68435971245671e-10
P10,epsilon_phi_mean,17800,18000,10,3.295541599876412e-10
P10,epsilon_phi_max,15000,15200,10,2.124848821636529e-09
P10,epsilon_phi_max,15200,15400,10,2.3356022337059696e-09
P10,epsilon_phi_max,15400,15600,10,2.0117198511628705e-09
P10,epsilon_phi_max,15600,15800,10,1.3575247581437341e-09
P10,epsilon_phi_max,15800,16000,10,1.9831590261206685e-09
P10,epsilon_phi_max,16000,16200,10,2.0864388200331433e-09
P10,epsilon_phi_max,16200,16400,10,2.0080239786849923e-09
P10,epsilon_phi_max,16400,16600,10,2.079492530703762e-09
P10,epsilon_phi_max,16600,16800,10,1.773532621918962e-09
P10,epsilon_phi_max,16800,17000,10,1.5454587551114097e-09
P10,epsilon_phi_max,17000,17200,10,1.828885998158262e-09
P10,epsilon_phi_max,17200,17400,10,2.128259115972556e-09
P10,epsilon_phi_max,17400,17600,10,2.5806681965385814e-09
P10,epsilon_phi_max,17600,17800,10,2.079001159875243e-09
P10,epsilon_phi_max,17800,18000,10,1.9117637157896176e-09
P10,QoI_max_range,15000,15200,10,6.26206519960365e-08
P10,QoI_max_range,15200,15400,10,7.499120593671631e-08
P10,QoI_max_range,15400,15600,10,9.17954925396076e-08
P10,QoI_max_range,15600,15800,10,7.338694418913065e-08
P10,QoI_max_range,15800,16000,10,1.3276693781009267e-07
P10,QoI_max_range,16000,16200,10,1.59644709221564e-07
P10,QoI_max_range,16200,16400,10,1.408729859152075e-07
P10,QoI_max_range,16400,16600,10,1.2478198995569462e-07
P10,QoI_max_range,16600,16800,10,1.0080064055130502e-07
P10,QoI_max_range,16800,17000,10,1.1528733844540862e-07
P10,QoI_max_range,17000,17200,10,7.363241780735913e-08
P10,QoI_max_range,17200,17400,10,1.0218755588436705e-07
P10,QoI_max_range,17400,17600,10,8.098851902553753e-08
P10,QoI_max_range,17600,17800,10,1.0186487303642499e-07
P10,QoI_max_range,17800,18000,10,1.1024244052495806e-07
P10,U_change_20,15000,15200,10,1.1427571174023162e-07
P10,U_change_20,15200,15400,10,9.535450950674153e-08
P10,U_change_20,15400,15600,10,9.177575098256275e-08
P10,U_change_20,15600,15800,10,8.111922407108713e-08
P10,U_change_20,15800,16000,10,1.0923912076096633e-07
P10,U_change_20,16000,16200,10,8.223650690000968e-08
P10,U_change_20,16200,16400,10,9.287841120378374e-08
P10,U_change_20,16400,16600,10,8.742119436358589e-08
P10,U_change_20,16600,16800,10,1.8551881301000014e-07
P10,U_change_20,16800,17000,10,9.374838712424083e-08
P10,U_change_20,17000,17200,10,8.9808061032237e-08
P10,U_change_20,17200,17400,10,7.98251377132964e-08
P10,U_change_20,17400,17600,10,7.49965610518547e-08
P10,U_change_20,17600,17800,10,9.572246353112944e-08
P10,U_change_20,17800,18000,10,7.48433058145205e-08
P10,T_change_20,15000,15200,10,3.445077823016618e-08
P10,T_change_20,15200,15400,10,2.586179448371695e-08
P10,T_change_20,15400,15600,10,2.3336610865953844e-08
P10,T_change_20,15600,15800,10,2.2768318785892916e-08
P10,T_change_20,15800,16000,10,2.723018610595318e-08
P10,T_change_20,16000,16200,10,2.1321255871953326e-08
P10,T_change_20,16200,16400,10,2.6026185651062406e-08
P10,T_change_20,16400,16600,10,2.573102619862766e-08
P10,T_change_20,16600,16800,10,3.3211676964128856e-08
P10,T_change_20,16800,17000,10,2.53111522852123e-08
P10,T_change_20,17000,17200,10,2.98800841846969e-08
P10,T_change_20,17200,17400,10,2.5134283987426898e-08
P10,T_change_20,17400,17600,10,2.6720471169028315e-08
P10,T_change_20,17600,17800,10,4.354842531029135e-08
P10,T_change_20,17800,18000,10,2.3139023141993675e-08
P10,heat_window_range,15000,15200,10,3.240715047665729e-08
P10,heat_window_range,15200,15400,10,2.3465596285644557e-08
P10,heat_window_range,15400,15600,10,3.661308045327729e-08
P10,heat_window_range,15600,15800,10,3.6938130022566326e-08
P10,heat_window_range,15800,16000,10,3.768024296924196e-08
P10,heat_window_range,16000,16200,10,2.359776816044188e-08
P10,heat_window_range,16200,16400,10,2.4308503902214824e-08
P10,heat_window_range,16400,16600,10,2.386141748876051e-08
P10,heat_window_range,16600,16800,10,2.508376394498085e-08
P10,heat_window_range,16800,17000,10,4.237740936861182e-08
P10,heat_window_range,17000,17200,10,3.460499271782922e-08
P10,heat_window_range,17200,17400,10,3.130840308026036e-08
P10,heat_window_range,17400,17600,10,3.0358036371831004e-08
P10,heat_window_range,17600,17800,10,2.994913030146136e-08
P10,heat_window_range,17800,18000,10,2.988287085586913e-08
P10,U_window_max,15000,15200,10,1.9866153159711672e-07
P10,U_window_max,15200,15400,10,2.31822821754887e-07
P10,U_window_max,15400,15600,10,1.4340865959484653e-07
P10,U_window_max,15600,15800,10,1.1008772948458249e-07
P10,U_window_max,15800,16000,10,5.467415885475132e-07
P10,U_window_max,16000,16200,10,5.195563998277176e-07
P10,U_window_max,16200,16400,10,5.195563998277176e-07
P10,U_window_max,16400,16600,10,4.358120607977114e-07
P10,U_window_max,16600,16800,10,2.1277519800834402e-07
P10,U_window_max,16800,17000,10,5.640949588085475e-07
P10,U_window_max,17000,17200,10,3.919077632672337e-07
P10,U_window_max,17200,17400,10,4.856091461987554e-07
P10,U_window_max,17400,17600,10,2.4543022699974247e-07
P10,U_window_max,17600,17800,10,3.940661090217647e-07
P10,U_window_max,17800,18000,10,3.6082637299528786e-07
P10,T_window_max,15000,15200,10,1.1184476989001269e-07
P10,T_window_max,15200,15400,10,1.0746640555225895e-07
P10,T_window_max,15400,15600,10,3.31601199832221e-08
P10,T_window_max,15600,15800,10,2.8714680411212612e-08
P10,T_window_max,15800,16000,10,3.0045401899769786e-07
P10,T_window_max,16000,16200,10,3.701728701344109e-07
P10,T_window_max,16200,16400,10,3.732788513843843e-07
P10,T_window_max,16400,16600,10,3.195524982402276e-07
P10,T_window_max,16600,16800,10,5.101190936329658e-08
P10,T_window_max,16800,17000,10,3.958525098823884e-07
P10,T_window_max,17000,17200,10,6.71851125844114e-08
P10,T_window_max,17200,17400,10,9.212726581608877e-08
P10,T_window_max,17400,17600,10,4.371679551695706e-08
P10,T_window_max,17600,17800,10,2.412377568816737e-07
P10,T_window_max,17800,18000,10,2.5136074555121013e-07
P10,heat_imbalance,15000,15200,10,4.587572738528356e-09
P10,heat_imbalance,15200,15400,10,1.871178509247116e-08
P10,heat_imbalance,15400,15600,10,1.1606058355919933e-08
P10,heat_imbalance,15600,15800,10,7.125909909563744e-09
P10,heat_imbalance,15800,16000,10,6.326631540202437e-09
P10,heat_imbalance,16000,16200,10,1.6024737161214896e-08
P10,heat_imbalance,16200,16400,10,8.100989333443073e-09
P10,heat_imbalance,16400,16600,10,1.611142293079472e-08
P10,heat_imbalance,16600,16800,10,1.796066542187218e-08
P10,heat_imbalance,16800,17000,10,1.5404782692563914e-08
P10,heat_imbalance,17000,17200,10,5.1466649896224696e-09
P10,heat_imbalance,17200,17400,10,1.4241250997829677e-08
P10,heat_imbalance,17400,17600,10,1.2344960508683197e-08
P10,heat_imbalance,17600,17800,10,1.4174089070245531e-08
P10,heat_imbalance,17800,18000,10,1.8318549573719296e-08
P10,R_initial,15000,15200,10,1.0383698362009376e-07
P10,R_initial,15200,15400,10,1.0606578098023908e-07
P10,R_initial,15400,15600,10,1.1105267499226077e-07
P10,R_initial,15600,15800,10,1.2103572208143028e-07
P10,R_initial,15800,16000,10,1.121395261494129e-07
P10,R_initial,16000,16200,10,1.0249694423532574e-07
P10,R_initial,16200,16400,10,1.0324509514378156e-07
P10,R_initial,16400,16600,10,1.2639545062702094e-07
P10,R_initial,16600,16800,10,1.185483964131483e-07
P10,R_initial,16800,17000,10,9.488842460782964e-08
P10,R_initial,17000,17200,10,1.2236190075696902e-07
P10,R_initial,17200,17400,10,1.295058643489469e-07
P10,R_initial,17400,17600,10,1.027661900907463e-07
P10,R_initial,17600,17800,10,1.159068691709775e-07
P10,R_initial,17800,18000,10,1.0426484655388092e-07
P10,R_true,15000,15200,10,5.5757719348033805e-11
P10,R_true,15200,15400,10,7.467661780218582e-11
P10,R_true,15400,15600,10,5.470890573067763e-11
P10,R_true,15600,15800,10,6.292785754314494e-11
P10,R_true,15800,16000,10,7.608016219543986e-11
P10,R_true,16000,16200,10,7.208387530295277e-11
P10,R_true,16200,16400,10,6.484558240421815e-11
P10,R_true,16400,16600,10,7.009804994626722e-11
P10,R_true,16600,16800,10,7.13987942299172e-11
P10,R_true,16800,17000,10,6.642025807759538e-11
P10,R_true,17000,17200,10,6.912781483130468e-11
P10,R_true,17200,17400,10,7.160923601982157e-11
P10,R_true,17400,17600,10,7.709127496753038e-11
P10,R_true,17600,17800,10,8.487955861443626e-11
P10,R_true,17800,18000,10,7.587361650022642e-11
P10,Np,15000,15200,10,2.2362046429134543e-07
P10,Np,15200,15400,10,2.2362046240693302e-07
P10,Np,15400,15600,10,2.2362046377402683e-07
P10,Np,15600,15800,10,2.2362046309243117e-07
P10,Np,15800,16000,10,2.2362046306588167e-07
P10,Np,16000,16200,10,2.2362046340586645e-07
P10,Np,16200,16400,10,2.236204634646515e-07
P10,Np,16400,16600,10,2.2362046365452213e-07
P10,Np,16600,16800,10,2.2362046321070434e-07
P10,Np,16800,17000,10,2.2362046328638144e-07
P10,Np,17000,17200,10,2.2362046278889956e-07
P10,Np,17200,17400,10,2.236204633760485e-07
P10,Np,17400,17600,10,2.2362046449735795e-07
P10,Np,17600,17800,10,2.236204627249037e-07
P10,Np,17800,18000,10,2.2362046290898215e-07
P10,Kp,15000,15200,10,4.359662539789374
P10,Kp,15200,15400,10,4.359662530609309
P10,Kp,15400,15600,10,4.359662557647301
P10,Kp,15600,15800,10,4.359662519272847
P10,Kp,15800,16000,10,4.35966258505002
P10,Kp,16000,16200,10,4.359662538641778
P10,Kp,16200,16400,10,4.359662539897833
P10,Kp,16400,16600,10,4.359662524620272
P10,Kp,16600,16800,10,4.3596625373391875
P10,Kp,16800,17000,10,4.359662570466369
P10,Kp,17000,17200,10,4.3596625538441955
P10,Kp,17200,17400,10,4.3596625733570065
P10,Kp,17400,17600,10,4.359662584519581
P10,Kp,17600,17800,10,4.359662510921587
P10,Kp,17800,18000,10,4.359662570890086
P10,linear_iterations,15000,15200,10,20.5
P10,linear_iterations,15200,15400,10,20.0
P10,linear_iterations,15400,15600,10,20.0
P10,linear_iterations,15600,15800,10,20.0
P10,linear_iterations,15800,16000,10,20.0
P10,linear_iterations,16000,16200,10,20.0
P10,linear_iterations,16200,16400,10,20.0
P10,linear_iterations,16400,16600,10,20.0
P10,linear_iterations,16600,16800,10,20.0
P10,linear_iterations,16800,17000,10,20.0
P10,linear_iterations,17000,17200,10,20.0
P10,linear_iterations,17200,17400,10,20.0
P10,linear_iterations,17400,17600,10,20.0
P10,linear_iterations,17600,17800,10,20.0
P10,linear_iterations,17800,18000,10,20.0
P10,P95_normalized,15000,15200,10,6.519153068657495e-10
P10,P95_normalized,15200,15400,10,9.206535847611459e-10
P10,P95_normalized,15400,15600,10,6.303568558323278e-10
P10,P95_normalized,15600,15800,10,7.148940525078036e-10
P10,P95_normalized,15800,16000,10,8.976573625264712e-10
P10,P95_normalized,16000,16200,10,8.819395045436804e-10
P10,P95_normalized,16200,16400,10,7.884853507357657e-10
P10,P95_normalized,16400,16600,10,8.35886517040777e-10
P10,P95_normalized,16600,16800,10,8.341932673663575e-10
P10,P95_normalized,16800,17000,10,7.698328121688702e-10
P10,P95_normalized,17000,17200,10,8.210277582398117e-10
P10,P95_normalized,17200,17400,10,8.272323614313959e-10
P10,P95_normalized,17400,17600,10,9.168017184109902e-10
P10,P95_normalized,17600,17800,10,9.583731358841695e-10
P10,P95_normalized,17800,18000,10,8.89006509510068e-10
P10,P99_normalized,15000,15200,10,1.001364585282556e-09
P10,P99_normalized,15200,15400,10,1.413231141323717e-09
P10,P99_normalized,15400,15600,10,1.0837581274343973e-09
P10,P99_normalized,15600,15800,10,1.0037779079719963e-09
P10,P99_normalized,15800,16000,10,1.375421705766901e-09
P10,P99_normalized,16000,16200,10,1.3258757987550062e-09
P10,P99_normalized,16200,16400,10,1.1515710351154262e-09
P10,P99_normalized,16400,16600,10,1.3062229949787699e-09
P10,P99_normalized,16600,16800,10,1.1799945560372054e-09
P10,P99_normalized,16800,17000,10,9.891462775370147e-10
P10,P99_normalized,17000,17200,10,1.2919730247589606e-09
P10,P99_normalized,17200,17400,10,1.2406722041202089e-09
P10,P99_normalized,17400,17600,10,1.4741788595810988e-09
P10,P99_normalized,17600,17800,10,1.331027010055083e-09
P10,P99_normalized,17800,18000,10,1.400956852502998e-09
P10,ratio_recursive,15000,15200,10,1.0092932951187406
P10,ratio_recursive,15200,15400,10,1.0105588156081704
P10,ratio_recursive,15400,15600,10,1.0055769401716188
P10,ratio_recursive,15600,15800,10,1.0071230039794519
P10,ratio_recursive,15800,16000,10,1.0011708937869703
P10,ratio_recursive,16000,16200,10,1.007605353442282
P10,ratio_recursive,16200,16400,10,1.0084128821147833
P10,ratio_recursive,16400,16600,10,1.008413591829823
P10,ratio_recursive,16600,16800,10,1.0054228979864681
P10,ratio_recursive,16800,17000,10,1.0079926080618815
P10,ratio_recursive,17000,17200,10,1.0008689061498428
P10,ratio_recursive,17200,17400,10,1.0059182139958405
P10,ratio_recursive,17400,17600,10,1.0045826489417378
P10,ratio_recursive,17600,17800,10,1.0055883536201087
P10,ratio_recursive,17800,18000,10,1.0001808498322715
P10,ratio_true,15000,15200,10,1.0069837721414647
P10,ratio_true,15200,15400,10,1.0114300404339853
P10,ratio_true,15400,15600,10,1.0029556938979443
P10,ratio_true,15600,15800,10,1.0033214590132606
P10,ratio_true,15800,16000,10,1.0011441957380254
P10,ratio_true,16000,16200,10,1.0064794078068218
P10,ratio_true,16200,16400,10,1.0079586856123859
P10,ratio_true,16400,16600,10,1.010174439010917
P10,ratio_true,16600,16800,10,1.0020767974715195
P10,ratio_true,16800,17000,10,1.0080094503222083
P10,ratio_true,17000,17200,10,0.9989066708670904
P10,ratio_true,17200,17400,10,1.0074301335661775
P10,ratio_true,17400,17600,10,1.0036464791966615
P10,ratio_true,17600,17800,10,1.0027200368648141
P10,ratio_true,17800,18000,10,0.9979942747094829
P10,physical_reference_residual,15000,15200,10,9.147932565891716e-20
P10,physical_reference_residual,15200,15400,10,1.9982825027842319e-19
P10,physical_reference_residual,15400,15600,10,-7.587857005919634e-21
P10,physical_reference_residual,15600,15800,10,8.056312651263142e-20
P10,physical_reference_residual,15800,16000,10,-2.007600950878583e-20
P10,physical_reference_residual,16000,16200,10,-6.9105951245736e-20
P10,physical_reference_residual,16200,16400,10,2.16333579576759e-22
P10,physical_reference_residual,16400,16600,10,1.2640170204877544e-19
P10,physical_reference_residual,16600,16800,10,-3.436312474759001e-20
P10,physical_reference_residual,16800,17000,10,-7.627354880169041e-21
P10,physical_reference_residual,17000,17200,10,-1.2681454272262183e-21
P10,physical_reference_residual,17200,17400,10,-2.994716934868739e-20
P10,physical_reference_residual,17400,17600,10,-5.787025358785166e-20
P10,physical_reference_residual,17600,17800,10,4.2434184478211324e-20
P10,physical_reference_residual,17800,18000,10,5.569104626408071e-20
P8,R_recursive,15000,15200,10,7.530549023673853e-09
P8,R_recursive,15200,15400,10,7.2038640795807695e-09
P8,R_recursive,15400,15600,10,6.193447805569048e-09
P8,R_recursive,15600,15800,10,6.962662500480666e-09
P8,R_recursive,15800,16000,10,7.146688875685346e-09
P8,R_recursive,16000,16200,10,7.471178630753642e-09
P8,R_recursive,16200,16400,10,7.202033839135062e-09
P8,R_recursive,16400,16600,10,7.876302505500949e-09
P8,R_recursive,16600,16800,10,7.1727864302832804e-09
P8,R_recursive,16800,17000,10,6.5208284065922564e-09
P8,R_recursive,17000,17200,10,6.873780995953586e-09
P8,R_recursive,17200,17400,10,7.130018933587318e-09
P8,R_recursive,17400,17600,10,6.2997303678612e-09
P8,R_recursive,17600,17800,10,7.2290382062273105e-09
P8,R_recursive,17800,18000,10,5.241251642075177e-09
P8,epsilon_phi_mean,15000,15200,10,3.267578514855605e-08
P8,epsilon_phi_mean,15200,15400,10,3.129043076934473e-08
P8,epsilon_phi_mean,15400,15600,10,2.701416653298519e-08
P8,epsilon_phi_mean,15600,15800,10,3.036724534569234e-08
P8,epsilon_phi_mean,15800,16000,10,3.264319787078414e-08
P8,epsilon_phi_mean,16000,16200,10,3.3521516798534724e-08
P8,epsilon_phi_mean,16200,16400,10,3.1735791633362266e-08
P8,epsilon_phi_mean,16400,16600,10,3.4416065847188245e-08
P8,epsilon_phi_mean,16600,16800,10,3.152946212054147e-08
P8,epsilon_phi_mean,16800,17000,10,2.8607018890102884e-08
P8,epsilon_phi_mean,17000,17200,10,3.225947905916294e-08
P8,epsilon_phi_mean,17200,17400,10,3.120479211794127e-08
P8,epsilon_phi_mean,17400,17600,10,2.764203228527404e-08
P8,epsilon_phi_mean,17600,17800,10,3.1685099887114583e-08
P8,epsilon_phi_mean,17800,18000,10,2.2808982244070072e-08
P8,epsilon_phi_max,15000,15200,10,1.9494251218849954e-07
P8,epsilon_phi_max,15200,15400,10,2.390030697861196e-07
P8,epsilon_phi_max,15400,15600,10,1.578482106555655e-07
P8,epsilon_phi_max,15600,15800,10,2.0536260362141842e-07
P8,epsilon_phi_max,15800,16000,10,2.5150003648766765e-07
P8,epsilon_phi_max,16000,16200,10,1.807029255202292e-07
P8,epsilon_phi_max,16200,16400,10,2.677135494630958e-07
P8,epsilon_phi_max,16400,16600,10,2.211753769407893e-07
P8,epsilon_phi_max,16600,16800,10,2.2375786917123977e-07
P8,epsilon_phi_max,16800,17000,10,1.855388849151738e-07
P8,epsilon_phi_max,17000,17200,10,2.0477984776981516e-07
P8,epsilon_phi_max,17200,17400,10,2.0804751207611765e-07
P8,epsilon_phi_max,17400,17600,10,1.6514945001554878e-07
P8,epsilon_phi_max,17600,17800,10,1.9946681973212004e-07
P8,epsilon_phi_max,17800,18000,10,1.4516986590945447e-07
P8,QoI_max_range,15000,15200,10,7.220902997347772e-06
P8,QoI_max_range,15200,15400,10,1.1215895292855928e-05
P8,QoI_max_range,15400,15600,10,7.007065826232173e-06
P8,QoI_max_range,15600,15800,10,9.635579013753144e-06
P8,QoI_max_range,15800,16000,10,5.820250951925411e-06
P8,QoI_max_range,16000,16200,10,8.004870809206882e-06
P8,QoI_max_range,16200,16400,10,8.128536647850118e-06
P8,QoI_max_range,16400,16600,10,6.966548012741293e-06
P8,QoI_max_range,16600,16800,10,5.565999768164869e-06
P8,QoI_max_range,16800,17000,10,7.700620811944835e-06
P8,QoI_max_range,17000,17200,10,7.599948831210498e-06
P8,QoI_max_range,17200,17400,10,6.9379239824585735e-06
P8,QoI_max_range,17400,17600,10,7.054413531161202e-06
P8,QoI_max_range,17600,17800,10,1.188795304494055e-05
P8,QoI_max_range,17800,18000,10,7.4901493358522486e-06
P8,U_change_20,15000,15200,10,9.745959540229558e-06
P8,U_change_20,15200,15400,10,8.263030427226767e-06
P8,U_change_20,15400,15600,10,8.770261289225102e-06
P8,U_change_20,15600,15800,10,9.242531365854685e-06
P8,U_change_20,15800,16000,10,7.795614981473761e-06
P8,U_change_20,16000,16200,10,9.083116533606621e-06
P8,U_change_20,16200,16400,10,1.4505611423596282e-05
P8,U_change_20,16400,16600,10,8.481137824822199e-06
P8,U_change_20,16600,16800,10,9.501558935605045e-06
P8,U_change_20,16800,17000,10,7.639036714893059e-06
P8,U_change_20,17000,17200,10,9.867824058478788e-06
P8,U_change_20,17200,17400,10,9.643115704048863e-06
P8,U_change_20,17400,17600,10,8.619625954858977e-06
P8,U_change_20,17600,17800,10,9.252893115028499e-06
P8,U_change_20,17800,18000,10,8.485073342624912e-06
P8,T_change_20,15000,15200,10,2.6362956475622923e-06
P8,T_change_20,15200,15400,10,2.4449038278362423e-06
P8,T_change_20,15400,15600,10,2.4390459998357983e-06
P8,T_change_20,15600,15800,10,2.7446718320334185e-06
P8,T_change_20,15800,16000,10,1.8359085061092628e-06
P8,T_change_20,16000,16200,10,2.773177385506642e-06
P8,T_change_20,16200,16400,10,5.160942407655966e-06
P8,T_change_20,16400,16600,10,2.3215619648908614e-06
P8,T_change_20,16600,16800,10,2.793998845618262e-06
P8,T_change_20,16800,17000,10,2.3896284346847096e-06
P8,T_change_20,17000,17200,10,3.1122703489927517e-06
P8,T_change_20,17200,17400,10,2.495442942063164e-06
P8,T_change_20,17400,17600,10,2.586890445854806e-06
P8,T_change_20,17600,17800,10,2.544279283256401e-06
P8,T_change_20,17800,18000,10,2.6711963130310323e-06
P8,heat_window_range,15000,15200,10,2.743492552479403e-06
P8,heat_window_range,15200,15400,10,3.4851632288035566e-06
P8,heat_window_range,15400,15600,10,3.763901286348233e-06
P8,heat_window_range,15600,15800,10,5.118765970250748e-06
P8,heat_window_range,15800,16000,10,2.5376881946204864e-06
P8,heat_window_range,16000,16200,10,2.6104540299654543e-06
P8,heat_window_range,16200,16400,10,2.812213496374011e-06
P8,heat_window_range,16400,16600,10,3.0538872576890176e-06
P8,heat_window_range,16600,16800,10,2.1629225127541215e-06
P8,heat_window_range,16800,17000,10,2.8773033498284123e-06
P8,heat_window_range,17000,17200,10,2.3441312108441815e-06
P8,heat_window_range,17200,17400,10,3.183353836391688e-06
P8,heat_window_range,17400,17600,10,3.4632297771552807e-06
P8,heat_window_range,17600,17800,10,2.941923244899443e-06
P8,heat_window_range,17800,18000,10,4.767928765493862e-06
P8,U_window_max,15000,15200,10,2.019176346202411e-05
P8,U_window_max,15200,15400,10,2.7738719258926918e-05
P8,U_window_max,15400,15600,10,3.594193862346733e-05
P8,U_window_max,15600,15800,10,3.0040953658612813e-05
P8,U_window_max,15800,16000,10,1.684346278845237e-05
P8,U_window_max,16000,16200,10,2.931451960680504e-05
P8,U_window_max,16200,16400,10,3.018901628362331e-05
P8,U_window_max,16400,16600,10,1.968000391421677e-05
P8,U_window_max,16600,16800,10,1.5445181140354458e-05
P8,U_window_max,16800,17000,10,1.8253067097040004e-05
P8,U_window_max,17000,17200,10,1.618085952976187e-05
P8,U_window_max,17200,17400,10,3.397332516883621e-05
P8,U_window_max,17400,17600,10,2.2165128565548746e-05
P8,U_window_max,17600,17800,10,3.0819050523943594e-05
P8,U_window_max,17800,18000,10,1.824857985759247e-05
P8,T_window_max,15000,15200,10,6.038447622813692e-06
P8,T_window_max,15200,15400,10,8.81985491218984e-06
P8,T_window_max,15400,15600,10,1.3414195450422994e-05
P8,T_window_max,15600,15800,10,8.905298614081403e-06
P8,T_window_max,15800,16000,10,3.5985023600915156e-06
P8,T_window_max,16000,16200,10,1.2961294942215318e-05
P8,T_window_max,16200,16400,10,1.4763419471819361e-05
P8,T_window_max,16400,16600,10,6.768269940948812e-06
P8,T_window_max,16600,16800,10,3.2723163485570694e-06
P8,T_window_max,16800,17000,10,7.973020615281712e-06
P8,T_window_max,17000,17200,10,6.9678917782312055e-06
P8,T_window_max,17200,17400,10,1.1789885320467874e-05
P8,T_window_max,17400,17600,10,8.666182338856743e-06
P8,T_window_max,17600,17800,10,1.8209913605460315e-05
P8,T_window_max,17800,18000,10,1.2335906262705976e-05
P8,heat_imbalance,15000,15200,10,1.0882605650046576e-06
P8,heat_imbalance,15200,15400,10,7.257743777720434e-07
P8,heat_imbalance,15400,15600,10,1.2149582811623152e-06
P8,heat_imbalance,15600,15800,10,7.002836179929502e-07
P8,heat_imbalance,15800,16000,10,9.970389104065714e-07
P8,heat_imbalance,16000,16200,10,1.9549745524725545e-06
P8,heat_imbalance,16200,16400,10,1.1936153051817365e-06
P8,heat_imbalance,16400,16600,10,1.1532296108763768e-06
P8,heat_imbalance,16600,16800,10,1.419197901739623e-06
P8,heat_imbalance,16800,17000,10,8.296103549427853e-07
P8,heat_imbalance,17000,17200,10,1.166178746580244e-06
P8,heat_imbalance,17200,17400,10,2.0867259484094354e-06
P8,heat_imbalance,17400,17600,10,1.2811214315174726e-06
P8,heat_imbalance,17600,17800,10,1.5424095940111873e-06
P8,heat_imbalance,17800,18000,10,1.8143605527879139e-06
P8,R_initial,15000,15200,10,1.050462654008406e-05
P8,R_initial,15200,15400,10,1.1889936180338076e-05
P8,R_initial,15400,15600,10,1.0761115052188053e-05
P8,R_initial,15600,15800,10,1.0831651325254708e-05
P8,R_initial,15800,16000,10,1.0082222773980858e-05
P8,R_initial,16000,16200,10,1.2401277610192899e-05
P8,R_initial,16200,16400,10,1.0894549213427511e-05
P8,R_initial,16400,16600,10,1.0486039771322079e-05
P8,R_initial,16600,16800,10,1.1021082924894328e-05
P8,R_initial,16800,17000,10,1.1284458757166142e-05
P8,R_initial,17000,17200,10,1.1696101089547e-05
P8,R_initial,17200,17400,10,1.2038501124994361e-05
P8,R_initial,17400,17600,10,1.0336944889563486e-05
P8,R_initial,17600,17800,10,1.0250051349856472e-05
P8,R_initial,17800,18000,10,1.1437420841083072e-05
P8,R_true,15000,15200,10,7.530457792180166e-09
P8,R_true,15200,15400,10,7.2037375658165406e-09
P8,R_true,15400,15600,10,6.193395717411608e-09
P8,R_true,15600,15800,10,6.962600099922699e-09
P8,R_true,15800,16000,10,7.146716269541538e-09
P8,R_true,16000,16200,10,7.471244855951438e-09
P8,R_true,16200,16400,10,7.201942219445665e-09
P8,R_true,16400,16600,10,7.876236186458213e-09
P8,R_true,16600,16800,10,7.172827962409365e-09
P8,R_true,16800,17000,10,6.520764320909761e-09
P8,R_true,17000,17200,10,6.874032671503909e-09
P8,R_true,17200,17400,10,7.1299115087960566e-09
P8,R_true,17400,17600,10,6.299671524780066e-09
P8,R_true,17600,17800,10,7.22902653401367e-09
P8,R_true,17800,18000,10,5.241395396579513e-09
P8,Np,15000,15200,10,2.2362064421813493e-07
P8,Np,15200,15400,10,2.2362052039736488e-07
P8,Np,15400,15600,10,2.2362044604966908e-07
P8,Np,15600,15800,10,2.2362044010227226e-07
P8,Np,15800,16000,10,2.2362050793841232e-07
P8,Np,16000,16200,10,2.23620357618621e-07
P8,Np,16200,16400,10,2.2362045245921599e-07
P8,Np,16400,16600,10,2.2362055317696237e-07
P8,Np,16600,16800,10,2.2362042416459691e-07
P8,Np,16800,17000,10,2.2362058259466468e-07
P8,Np,17000,17200,10,2.2362056928014846e-07
P8,Np,17200,17400,10,2.236204750005706e-07
P8,Np,17400,17600,10,2.236204320484141e-07
P8,Np,17600,17800,10,2.2362059154622996e-07
P8,Np,17800,18000,10,2.2362048903086674e-07
P8,Kp,15000,15200,10,4.35966229750275
P8,Kp,15200,15400,10,4.3596604262458065
P8,Kp,15400,15600,10,4.35965559651401
P8,Kp,15600,15800,10,4.359659464194102
P8,Kp,15800,16000,10,4.359659931845946
P8,Kp,16000,16200,10,4.359659409938258
P8,Kp,16200,16400,10,4.3596580039756905
P8,Kp,16400,16600,10,4.3596604075156105
P8,Kp,16600,16800,10,4.359656810937169
P8,Kp,16800,17000,10,4.359660027077645
P8,Kp,17000,17200,10,4.359663261428047
P8,Kp,17200,17400,10,4.359662768249235
P8,Kp,17400,17600,10,4.359658466488829
P8,Kp,17600,17800,10,4.359665554024175
P8,Kp,17800,18000,10,4.359658530432604
P8,linear_iterations,15000,15200,10,20.0
P8,linear_iterations,15200,15400,10,20.0
P8,linear_iterations,15400,15600,10,20.0
P8,linear_iterations,15600,15800,10,20.0
P8,linear_iterations,15800,16000,10,20.0
P8,linear_iterations,16000,16200,10,20.0
P8,linear_iterations,16200,16400,10,20.0
P8,linear_iterations,16400,16600,10,20.0
P8,linear_iterations,16600,16800,10,20.0
P8,linear_iterations,16800,17000,10,20.0
P8,linear_iterations,17000,17200,10,20.0
P8,linear_iterations,17200,17400,10,20.0
P8,linear_iterations,17400,17600,10,20.0
P8,linear_iterations,17600,17800,10,20.0
P8,linear_iterations,17800,18000,10,21.0
P8,P95_normalized,15000,15200,10,8.589571946733394e-08
P8,P95_normalized,15200,15400,10,8.521759276360975e-08
P8,P95_normalized,15400,15600,10,7.632890725059285e-08
P8,P95_normalized,15600,15800,10,8.156033119719563e-08
P8,P95_normalized,15800,16000,10,8.373568671088016e-08
P8,P95_normalized,16000,16200,10,8.76658530943507e-08
P8,P95_normalized,16200,16400,10,8.301082088591271e-08
P8,P95_normalized,16400,16600,10,8.984226687274559e-08
P8,P95_normalized,16600,16800,10,8.216106761509526e-08
P8,P95_normalized,16800,17000,10,7.395822818096572e-08
P8,P95_normalized,17000,17200,10,8.046198003115382e-08
P8,P95_normalized,17200,17400,10,8.883059146111238e-08
P8,P95_normalized,17400,17600,10,7.717936357820932e-08
P8,P95_normalized,17600,17800,10,8.144108871706623e-08
P8,P95_normalized,17800,18000,10,6.155292094632805e-08
P8,P99_normalized,15000,15200,10,1.2515435273539807e-07
P8,P99_normalized,15200,15400,10,1.237215297645124e-07
P8,P99_normalized,15400,15600,10,1.1216112084611747e-07
P8,P99_normalized,15600,15800,10,1.3425874763927122e-07
P8,P99_normalized,15800,16000,10,1.338977048647563e-07
P8,P99_normalized,16000,16200,10,1.2326759377189045e-07
P8,P99_normalized,16200,16400,10,1.2783717099153975e-07
P8,P99_normalized,16400,16600,10,1.268232932279685e-07
P8,P99_normalized,16600,16800,10,1.2125409098230095e-07
P8,P99_normalized,16800,17000,10,1.1747348388648445e-07
P8,P99_normalized,17000,17200,10,1.2418678253538986e-07
P8,P99_normalized,17200,17400,10,1.2436185016655587e-07
P8,P99_normalized,17400,17600,10,1.1886384605294682e-07
P8,P99_normalized,17600,17800,10,1.3689855764264712e-07
P8,P99_normalized,17800,18000,10,9.78107212499266e-08
P8,ratio_recursive,15000,15200,10,0.9928141248088065
P8,ratio_recursive,15200,15400,10,1.0049911215663272
P8,ratio_recursive,15400,15600,10,1.0070574904793057
P8,ratio_recursive,15600,15800,10,1.0036088048882708
P8,ratio_recursive,15800,16000,10,1.005191448073917
P8,ratio_recursive,16000,16200,10,1.0005872788902188
P8,ratio_recursive,16200,16400,10,1.0131656562416143
P8,ratio_recursive,16400,16600,10,1.002736962155788
P8,ratio_recursive,16600,16800,10,1.0027113124025067
P8,ratio_recursive,16800,17000,10,1.0108173182009663
P8,ratio_recursive,17000,17200,10,1.0050951015188165
P8,ratio_recursive,17200,17400,10,1.0050039705667042
P8,ratio_recursive,17400,17600,10,1.0058143757288587
P8,ratio_recursive,17600,17800,10,1.0053518168885365
P8,ratio_recursive,17800,18000,10,1.0042537013543265
P8,ratio_true,15000,15200,10,0.9928368587424479
P8,ratio_true,15200,15400,10,1.004995961771834
P8,ratio_true,15400,15600,10,1.007038607300516
P8,ratio_true,15600,15800,10,1.0036160096963989
P8,ratio_true,15800,16000,10,1.005231746065645
P8,ratio_true,16000,16200,10,1.0005847617718284
P8,ratio_true,16200,16400,10,1.013162309472522
P8,ratio_true,16400,16600,10,1.0027069909606197
P8,ratio_true,16600,16800,10,1.0026972014856024
P8,ratio_true,16800,17000,10,1.0108435335184869
P8,ratio_true,17000,17200,10,1.0050827783626084
P8,ratio_true,17200,17400,10,1.0050021811920913
P8,ratio_true,17400,17600,10,1.0058311447334791
P8,ratio_true,17600,17800,10,1.0053728532395576
P8,ratio_true,17800,18000,10,1.0042087679453182
P8,physical_reference_residual,15000,15200,10,-2.5118067994593556e-18
P8,physical_reference_residual,15200,15400,10,-9.119750961861734e-18
P8,physical_reference_residual,15400,15600,10,-3.0125112183565853e-18
P8,physical_reference_residual,15600,15800,10,-8.024176038230603e-18
P8,physical_reference_residual,15800,16000,10,-5.88621090582578e-18
P8,physical_reference_residual,16000,16200,10,6.382591961853925e-18
P8,physical_reference_residual,16200,16400,10,9.09349599072536e-18
P8,physical_reference_residual,16400,16600,10,2.1112257694716164e-18
P8,physical_reference_residual,16600,16800,10,-7.791131962714201e-18
P8,physical_reference_residual,16800,17000,10,9.36193140234015e-18
P8,physical_reference_residual,17000,17200,10,1.7083944227386428e-17
P8,physical_reference_residual,17200,17400,10,-3.0291434423307656e-18
P8,physical_reference_residual,17400,17600,10,8.879547431348533e-18
P8,physical_reference_residual,17600,17800,10,1.218308286458387e-18
P8,physical_reference_residual,17800,18000,10,-3.542834079857195e-18
