matrix_case_id,source_case_id,reused_existing_solver_result,case_id,route,Ra_target,Ra_actual,Pr_actual,grid,final_iteration,source_time_or_iteration,Gate_A,Gate_D,Gate_E_applicable,Gate_E,Gate_G_applicable,Gate_G,status,method_version,Nu_bar_0,Nu_bar_half,Nu_bar_cavity,Nu_bar_1,Nu_bar_cavity_from_section_trapezoid,Nu_bar_cavity_method_absolute_difference,Nu_bar_cavity_method_relative_difference,Umax,Umax_Z,Wmax,Wmax_X,Nu_hot_local_max,Nu_hot_local_max_Z,Nu_hot_local_min,Nu_hot_local_min_Z,Nu_bar_cavity_absolute_relative_error,Nu_bar_half_absolute_relative_error,Nu_bar_0_absolute_relative_error,Nu_hot_local_max_absolute_relative_error,Nu_hot_local_max_Z_absolute_position_error,Nu_hot_local_min_absolute_relative_error,Nu_hot_local_min_Z_absolute_position_error,Umax_absolute_relative_error,Umax_Z_absolute_position_error,Wmax_absolute_relative_error,Wmax_X_absolute_position_error,Rwin_Nu_bar_0,Rwin_Umax,Rwin_Wmax,maximum_final_normalized_residual
B-Ra1e3-coarse,B-Ra1e3-coarse,False,B-Ra1e3-coarse,B,1000,1000.0,0.71,40x40x1,3000,3000,PASS,PASS,False,NOT_APPLICABLE,False,NOT_APPLICABLE,GATE_D_PASS,dvd-nusselt-post-v2.1-full-matrix-extension,1.1186121610359123,1.118612141484978,1.1187958706851366,1.11861215795318,1.1186121491791365,0.00018372150600010073,0.00016421360751679568,3.6477752919664113,0.8125,3.6889568613677906,0.18750000000000003,1.5105930276847226,0.08859736650176557,0.6897975544088835,1.0,0.0007118700224834838,0.0005475326341482921,0.0014432954663494446,0.003716297464932024,0.003402633498234428,0.0031827248426538825,0.0,0.00033562840054501554,0.0004999999999999449,0.002175585239980934,0.009500000000000036,0.0,1.1264639309648627e-09,1.1182540248128452e-09,9.805226411579618e-11
B-Ra1e3-medium,B-Ra1e3-medium,False,B-Ra1e3-medium,B,1000,1000.0,0.71,80x80x1,6000,6000,PASS,PASS,False,NOT_APPLICABLE,False,NOT_APPLICABLE,GATE_D_PASS,dvd-nusselt-post-v2.1-full-matrix-extension,1.118001427241552,1.1179953402925502,1.1180442973567672,1.118001443953176,1.1179984192432144,4.5878113552833e-05,4.103425388537474e-05,3.646999248885325,0.818603515625,3.6963023532816552,0.18115234375,1.5074029217752658,0.08848341434597354,0.6908885469780071,1.0,3.962196490799848e-05,4.167895751247238e-06,0.0008965328930635132,0.0015966257642962853,0.0035165856540264606,0.0016061459855388613,0.0,0.0005483012098314951,0.005603515625000055,0.00018870617212464816,0.0031523437500000084,2.1202666644426823e-06,3.7227450641379083e-06,3.960014913883261e-06,3.692534578130231e-08
B-Ra1e3-fine,B-Ra1e3-fine,False,B-Ra1e3-fine,B,1000,,,160x160x1,,,NOT_EVALUATED,NOT_EVALUATED,True,NOT_EVALUATED,True,NOT_EVALUATED,NOT_RUN,,,,,,,,,,,,,,,,,,,,,,,,,,,,,,,
B-Ra1e4-coarse,B-SMOKE,True,B-SMOKE,B,10000,10000.0,0.71,40x40x1,3000,3000,PASS,PASS,False,NOT_APPLICABLE,False,NOT_APPLICABLE,GATE_D_PASS,dvd-nusselt-post-v2.1,2.257421662232673,2.2574216652554955,2.259326039868519,2.257421662888987,2.257421661124183,0.0019043787443360216,0.0008428968244206342,16.118437458362845,0.8125,19.5952224755579,0.112548828125,3.5771496613726255,0.13967295456384218,0.5820929168721065,1.0,0.007278662446954523,0.006429632302940525,0.008678133258567047,0.013931309912875693,0.003327045436157805,0.006667377351354013,0.0,,,,,2.0157136612821097e-09,3.4426289499454736e-10,1.8890576752169293e-10,1.227881200125584e-08
B-Ra1e4-medium,B-Ra1e4-medium,False,B-Ra1e4-medium,B,10000,,,80x80x1,,,NOT_EVALUATED,NOT_EVALUATED,False,NOT_APPLICABLE,False,NOT_APPLICABLE,NOT_RUN,,,,,,,,,,,,,,,,,,,,,,,,,,,,,,,
B-Ra1e4-fine,B-Ra1e4-fine,False,B-Ra1e4-fine,B,10000,,,160x160x1,,,NOT_EVALUATED,NOT_EVALUATED,True,NOT_EVALUATED,True,NOT_EVALUATED,NOT_RUN,,,,,,,,,,,,,,,,,,,,,,,,,,,,,,,
B-Ra1e5-coarse,B-Ra1e5-coarse,False,B-Ra1e5-coarse,B,100000,,,40x40x1,,,NOT_EVALUATED,NOT_EVALUATED,False,NOT_APPLICABLE,False,NOT_APPLICABLE,NOT_RUN,,,,,,,,,,,,,,,,,,,,,,,,,,,,,,,
B-Ra1e5-medium,B-Ra1e5-medium,False,B-Ra1e5-medium,B,100000,,,80x80x1,,,NOT_EVALUATED,NOT_EVALUATED,False,NOT_APPLICABLE,False,NOT_APPLICABLE,NOT_RUN,,,,,,,,,,,,,,,,,,,,,,,,,,,,,,,
B-Ra1e5-fine,B-Ra1e5-fine,False,B-Ra1e5-fine,B,100000,,,160x160x1,,,NOT_EVALUATED,NOT_EVALUATED,True,NOT_EVALUATED,True,NOT_EVALUATED,NOT_RUN,,,,,,,,,,,,,,,,,,,,,,,,,,,,,,,
B-Ra1e6-coarse,B-Ra1e6-coarse,False,B-Ra1e6-coarse,B,1000000,,,40x40x1,,,NOT_EVALUATED,NOT_EVALUATED,False,NOT_APPLICABLE,False,NOT_APPLICABLE,NOT_RUN,,,,,,,,,,,,,,,,,,,,,,,,,,,,,,,
B-Ra1e6-medium,B-Ra1e6-medium,False,B-Ra1e6-medium,B,1000000,,,80x80x1,,,NOT_EVALUATED,NOT_EVALUATED,False,NOT_APPLICABLE,False,NOT_APPLICABLE,NOT_RUN,,,,,,,,,,,,,,,,,,,,,,,,,,,,,,,
B-Ra1e6-fine,B-Ra1e6-fine,False,B-Ra1e6-fine,B,1000000,,,160x160x1,,,NOT_EVALUATED,NOT_EVALUATED,True,NOT_EVALUATED,True,NOT_EVALUATED,NOT_RUN,,,,,,,,,,,,,,,,,,,,,,,,,,,,,,,
