case_id,Nu_bar_0,Nu_bar_half,Nu_bar_cavity,Nu_bar_1,Nu_bar_cavity_from_section_trapezoid,Nu_bar_cavity_method_absolute_difference,Nu_bar_cavity_method_relative_difference,section_Nu_max_relative_deviation_from_half,mean_abs_div_phi_1_s,mean_abs_div_U_1_s,epsilon_phi,epsilon_v,epsilon_m,heat_imbalance,interpretation,matrix_case_id,source_case_id,reused_existing_solver_result,Ra_target,Ra_actual,Pr_actual,grid,route,status,source_time_or_iteration,method_version,mass_relation,theta_L2_relative,velocity_L2_relative,method,Gate_G
B-COND,1.000039392488361,0.9999606321543411,1.0,1.000039404026552,1.0,0.0,0.0,7.877497341183165e-05,0.0,0.0,N/A,N/A,N/A,1.1537736280500088e-08,Ra=0: use Gate C absolute velocity,,,,,,,,,,,,,,,,
B-SMOKE,2.257421662232673,2.2574216652554955,2.259326039868519,2.257421662888987,2.257421661124183,0.0019043787443360216,0.0008428968244206342,3.814009232758507e-09,1.1921742555899163e-12,0.00011941168786427201,4.298418092921215e-11,0.004305422275437945,0.004305422275437945,2.907361637623179e-10,coarse smoke diagnostic; Gate G is formally judged on fine grid,,,,,,,,,,,,,,,,
B-Ra1e3-coarse,1.1186121610359123,1.118612141484978,1.1187958706851366,1.11861215795318,,,,1.747784929368398e-08,3.458696079069914e-14,1.7922673070942065e-05,6.643040205927176e-12,0.003442367732986051,0.003442367732986051,2.7558544447186213e-09,,B-Ra1e3-coarse,B-Ra1e3-coarse,False,1000,1000.0,0.71,40x40x1,B,GATE_D_PASS,3000,dvd-nusselt-post-v2.1-full-matrix-extension,"rho0 is constant, so normalized mass- and volume-divergence metrics are identical; solver phi is volume flux",1.320518480465572e-09,8.638577729262234e-10,paired cell centres under 180-degree rotation; RMS defect divided by RMS original theta or in-plane velocity magnitude,NOT_APPLICABLE
B-Ra1e3-medium,1.118001427241552,1.1179953402925502,1.1180442973567672,1.118001443953176,1.1179984192432144,4.5878113552833e-05,4.103425388537474e-05,5.4594687525389765e-06,1.1005472212302214e-13,4.5710234285548445e-06,2.1104403733352112e-11,0.0008765523373272206,0.0008765523373272206,1.494776621251397e-08,,B-Ra1e3-medium,B-Ra1e3-medium,False,1000,1000.0,0.71,80x80x1,B,GATE_D_PASS,6000,dvd-nusselt-post-v2.1-full-matrix-extension,"rho0 is constant, so normalized mass- and volume-divergence metrics are identical; solver phi is volume flux",7.1265300116173495e-09,8.681114995210166e-09,paired cell centres under 180-degree rotation; RMS defect divided by RMS original theta or in-plane velocity magnitude,NOT_APPLICABLE
B-SMOKE,2.257421662232673,2.2574216652554955,2.259326039868519,2.257421662888987,,,,3.814009232758507e-09,1.1921742555899163e-12,0.00011941168786427201,4.298418092921215e-11,0.004305422275437945,0.004305422275437945,2.907361637623179e-10,,B-Ra1e4-coarse,B-SMOKE,True,10000,10000.0,0.71,40x40x1,B,GATE_D_PASS,3000,dvd-nusselt-post-v2.1,"rho0 is constant, so normalized mass- and volume-divergence metrics are identical; solver phi is volume flux",,,,NOT_APPLICABLE
B-Ra1e3-fine,1.1178584016290642,1.117846346537446,1.117864112488682,1.1178586452679156,,,,1.1002165465487265e-05,1.4751798531145742e-13,1.1471800501973435e-06,2.8283979308217443e-11,0.00021995159935295997,0.00021995159935295997,2.1795141890090027e-07,,B-Ra1e3-fine,B-Ra1e3-fine,False,1000,1000.0,0.71,160x160x1,B,GATE_D_PASS,21000,dvd-nusselt-post-v2.1-full-matrix-extension,"rho0 is constant, so normalized mass- and volume-divergence metrics are identical; solver phi is volume flux",8.929904725875264e-08,6.742284969940663e-08,paired cell centres under 180-degree rotation; RMS defect divided by RMS original theta or in-plane velocity magnitude,FAIL
B-Ra1e4-medium,2.2479853049708254,2.2479850859646366,2.2484533240277327,2.247985315892265,,,,1.0228165210162516e-07,4.334202261275156e-13,3.0378423721167443e-05,1.5629928934543094e-11,0.0010955017216146062,0.0010955017216146062,4.858323451619076e-09,,B-Ra1e4-medium,B-Ra1e4-medium,False,10000,10000.0,0.71,80x80x1,B,GATE_D_PASS,6000,dvd-nusselt-post-v2.1-full-matrix-extension,"rho0 is constant, so normalized mass- and volume-divergence metrics are identical; solver phi is volume flux",2.857805416058742e-09,2.6425121151566893e-09,paired cell centres under 180-degree rotation; RMS defect divided by RMS original theta or in-plane velocity magnitude,NOT_EVALUATED_UNDER_FROZEN_REVIEW
B-Ra1e4-fine,2.245611060789088,2.2455970053366445,2.245720240746932,2.2456111099077134,,,,6.280989436374483e-06,1.6166984145689846e-12,7.5792056276903085e-06,5.829131242747621e-11,0.00027327412411273197,0.00027327412411273197,2.1873166699156645e-08,,B-Ra1e4-fine,B-Ra1e4-fine,False,10000,10000.0,0.71,160x160x1,B,GATE_D_PASS,18000,dvd-nusselt-post-v2.1-full-matrix-extension,"rho0 is constant, so normalized mass- and volume-divergence metrics are identical; solver phi is volume flux",1.3813708774524402e-08,1.1815439683029026e-08,paired cell centres under 180-degree rotation; RMS defect divided by RMS original theta or in-plane velocity magnitude,NOT_EVALUATED_UNDER_FROZEN_REVIEW
B-Ra1e5-coarse,4.616287819891795,4.61628781164033,4.6243636549688,4.616287784724705,,,,1.0987354215310883e-08,1.936771034002628e-11,0.000755325639477098,1.9961484810371346e-10,0.007784823819956849,0.007784823819956849,7.618045511667686e-09,,B-Ra1e5-coarse,B-Ra1e5-coarse,False,100000,100000.0,0.71,40x40x1,B,GATE_D_PASS,6000,dvd-nusselt-post-v2.1-full-matrix-extension,"rho0 is constant, so normalized mass- and volume-divergence metrics are identical; solver phi is volume flux",7.144068069533122e-09,1.5434839519958746e-08,paired cell centres under 180-degree rotation; RMS defect divided by RMS original theta or in-plane velocity magnitude,NOT_EVALUATED_UNDER_FROZEN_REVIEW
B-Ra1e5-medium,4.54559358799861,4.545593593118885,4.5474797308600134,4.545593588241559,,,,2.8651590599540754e-09,1.1891949197008945e-11,0.00018946488022337143,1.2302947198699767e-10,0.0019601298145323397,0.0019601298145323397,5.344709497259949e-11,,B-Ra1e5-medium,B-Ra1e5-medium,False,100000,100000.0,0.71,80x80x1,B,GATE_D_PASS,9000,dvd-nusselt-post-v2.1-full-matrix-extension,"rho0 is constant, so normalized mass- and volume-divergence metrics are identical; solver phi is volume flux",8.494120134403616e-10,1.0621951376722798e-09,paired cell centres under 180-degree rotation; RMS defect divided by RMS original theta or in-plane velocity magnitude,NOT_EVALUATED_UNDER_FROZEN_REVIEW
B-Ra1e5-fine,4.527651133922632,4.527555717121404,4.528062764593452,4.527651233674646,,,,2.1096715139605512e-05,1.8572934417779405e-11,4.794524462850757e-05,1.9203401831457897e-10,0.0004957276959032412,0.0004957276959032412,2.2031735793902634e-08,,B-Ra1e5-fine,B-Ra1e5-fine,False,100000,100000.0,0.71,160x160x1,B,GATE_D_PASS,12000,dvd-nusselt-post-v2.1-full-matrix-extension,"rho0 is constant, so normalized mass- and volume-divergence metrics are identical; solver phi is volume flux",1.2044404886452221e-08,1.9823170388523974e-08,paired cell centres under 180-degree rotation; RMS defect divided by RMS original theta or in-plane velocity magnitude,NOT_EVALUATED_UNDER_FROZEN_REVIEW
