Co,t_star_end,Steps_PLANNING_ONLY,Optimistic_SHAPE_ONLY,Central_SHAPE_ONLY,Conservative_SHAPE_ONLY,optimistic_seconds_conditional,central_seconds_conditional,conservative_seconds_conditional,core_only_proxy_days,wall_seconds_per_t_star_central_shape_only,wall_seconds_per_simulated_second_central_shape_only,qualified_runtime_estimate,classification,omissions
0.5,0.5,50016,~3.4e+02 days,~1.9 years,~3.8 years,29803818.13813687,59645648.436273746,119506565.7365475,1.4217511111111112,119291296.87254749,168015.91108809505,UNRESOLVED,CONDITIONAL_DATA_SHAPE_STRESS_MODEL_NOT_PRODUCTION_BOUNDS,"native observer, additional field/BC identities, static-sharing hashes, full end evaluator, U03 candidate spikes, startup costs, sustained selected I/O"
0.5,1.0,100031,~1.9 years,~3.8 years,~7.6 years,59607040.3905944,119290104.3411888,239010742.1063776,2.8434737962962964,119290104.3411888,168014.2314664631,UNRESOLVED,CONDITIONAL_DATA_SHAPE_STRESS_MODEL_NOT_PRODUCTION_BOUNDS,"native observer, additional field/BC identities, static-sharing hashes, full end evaluator, U03 candidate spikes, startup costs, sustained selected I/O"
0.5,2.0,200061,~3.8 years,~7.6 years,~15 years,119213484.89550945,238579016.15101892,478019094.8460378,5.686919166666667,119289508.07550946,168013.39165564714,UNRESOLVED,CONDITIONAL_DATA_SHAPE_STRESS_MODEL_NOT_PRODUCTION_BOUNDS,"native observer, additional field/BC identities, static-sharing hashes, full end evaluator, U03 candidate spikes, startup costs, sustained selected I/O"
0.25,0.5,100031,~1.9 years,~3.8 years,~7.6 years,59607040.3905944,119290104.3411888,239010742.1063776,2.8434737962962964,238580208.6823776,336028.4629329262,UNRESOLVED,CONDITIONAL_DATA_SHAPE_STRESS_MODEL_NOT_PRODUCTION_BOUNDS,"native observer, additional field/BC identities, static-sharing hashes, full end evaluator, U03 candidate spikes, startup costs, sustained selected I/O"
0.25,1.0,200061,~3.8 years,~7.6 years,~15 years,119213484.89550945,238579016.15101892,478019094.8460378,5.686919166666667,238579016.15101892,336026.7833112943,UNRESOLVED,CONDITIONAL_DATA_SHAPE_STRESS_MODEL_NOT_PRODUCTION_BOUNDS,"native observer, additional field/BC identities, static-sharing hashes, full end evaluator, U03 candidate spikes, startup costs, sustained selected I/O"
0.25,2.0,400122,~7.6 years,~15 years,~30 years,238426969.7910189,477158032.30203784,956038189.6920756,11.373838333333333,238579016.15101892,336026.7833112943,UNRESOLVED,CONDITIONAL_DATA_SHAPE_STRESS_MODEL_NOT_PRODUCTION_BOUNDS,"native observer, additional field/BC identities, static-sharing hashes, full end evaluator, U03 candidate spikes, startup costs, sustained selected I/O"
0.125,0.5,200061,~3.8 years,~7.6 years,~15 years,119213484.89550945,238579016.15101892,478019094.8460378,5.686919166666667,477158032.30203784,672053.5666225886,UNRESOLVED,CONDITIONAL_DATA_SHAPE_STRESS_MODEL_NOT_PRODUCTION_BOUNDS,"native observer, additional field/BC identities, static-sharing hashes, full end evaluator, U03 candidate spikes, startup costs, sustained selected I/O"
0.125,1.0,400122,~7.6 years,~15 years,~30 years,238426969.7910189,477158032.30203784,956038189.6920756,11.373838333333333,477158032.30203784,672053.5666225886,UNRESOLVED,CONDITIONAL_DATA_SHAPE_STRESS_MODEL_NOT_PRODUCTION_BOUNDS,"native observer, additional field/BC identities, static-sharing hashes, full end evaluator, U03 candidate spikes, startup costs, sustained selected I/O"
0.125,2.0,800244,~15 years,~30 years,~61 years,476853939.5820378,954316064.6040757,1912076379.3841512,22.747676666666667,477158032.30203784,672053.5666225886,UNRESOLVED,CONDITIONAL_DATA_SHAPE_STRESS_MODEL_NOT_PRODUCTION_BOUNDS,"native observer, additional field/BC identities, static-sharing hashes, full end evaluator, U03 candidate spikes, startup costs, sustained selected I/O"
