Co,t_star_end,scenario,classification,permanent_planning_cap_bytes,GB_per_hour,MB_per_second,files_estimate,files_per_hour,fsync_estimate_lower_bound,fsync_per_hour_lower_bound,peak_full_audit_bytes,excluded
0.5,0.5,optimistic,CAP_BASED_CONDITIONAL_RATE_NOT_MEASURED_PRODUCTION,125102050752.00288,0.015111063308057223,0.00419751758557145,2914,0.3519817478209786,8749,1.0567907727130206,9663676416,extra immutable/provenance/trigger/lifecycle/validation calls; uses full fixed ceilings even for early arrival
0.5,0.5,central,CAP_BASED_CONDITIONAL_RATE_NOT_MEASURED_PRODUCTION,125102050752.00288,0.007550716515193715,0.002097421254220476,2914,0.17587871496121116,8749,0.5280586400808636,9663676416,extra immutable/provenance/trigger/lifecycle/validation calls; uses full fixed ceilings even for early arrival
0.5,0.5,conservative,CAP_BASED_CONDITIONAL_RATE_NOT_MEASURED_PRODUCTION,125102050752.00288,0.003768557651468676,0.00104682156985241,2914,0.08778095107448833,8749,0.26355372029879837,9663676416,extra immutable/provenance/trigger/lifecycle/validation calls; uses full fixed ceilings even for early arrival
0.5,1.0,optimistic,CAP_BASED_CONDITIONAL_RATE_NOT_MEASURED_PRODUCTION,142947002824.00192,0.008633362884556316,0.002398156356821199,5257,0.31749940738521004,15778,0.9529209910070084,9663676416,extra immutable/provenance/trigger/lifecycle/validation calls; uses full fixed ceilings even for early arrival
0.5,1.0,central,CAP_BASED_CONDITIONAL_RATE_NOT_MEASURED_PRODUCTION,142947002824.00192,0.0043139304220452535,0.0011983140061236817,5257,0.15864853253771075,15778,0.47615684732356856,9663676416,extra immutable/provenance/trigger/lifecycle/validation calls; uses full fixed ceilings even for early arrival
0.5,1.0,conservative,CAP_BASED_CONDITIONAL_RATE_NOT_MEASURED_PRODUCTION,142947002824.00192,0.0021530798391369683,0.0005980777330936023,5257,0.07918137834816175,15778,0.23764956963616057,9663676416,extra immutable/provenance/trigger/lifecycle/validation calls; uses full fixed ceilings even for early arrival
0.5,2.0,optimistic,CAP_BASED_CONDITIONAL_RATE_NOT_MEASURED_PRODUCTION,178636906968.0,0.005394464104865909,0.0014984622513516414,9946,0.30034857240675067,29845,0.9012571027025411,9663676416,extra immutable/provenance/trigger/lifecycle/validation calls; uses full fixed ceilings even for early arrival
0.5,2.0,central,CAP_BASED_CONDITIONAL_RATE_NOT_MEASURED_PRODUCTION,178636906968.0,0.0026955131069772145,0.000748753640827004,9946,0.15007858016035783,29845,0.45034136586425494,9663676416,extra immutable/provenance/trigger/lifecycle/validation calls; uses full fixed ceilings even for early arrival
0.5,2.0,conservative,CAP_BASED_CONDITIONAL_RATE_NOT_MEASURED_PRODUCTION,178636906968.0,0.0013453288205818009,0.00037370245016161134,9946,0.0749041207475873,29845,0.2247650798021057,9663676416,extra immutable/provenance/trigger/lifecycle/validation calls; uses full fixed ceilings even for early arrival
0.25,0.5,optimistic,CAP_BASED_CONDITIONAL_RATE_NOT_MEASURED_PRODUCTION,142947002824.00192,0.008633362884556316,0.002398156356821199,5257,0.31749940738521004,15778,0.9529209910070084,9663676416,extra immutable/provenance/trigger/lifecycle/validation calls; uses full fixed ceilings even for early arrival
0.25,0.5,central,CAP_BASED_CONDITIONAL_RATE_NOT_MEASURED_PRODUCTION,142947002824.00192,0.0043139304220452535,0.0011983140061236817,5257,0.15864853253771075,15778,0.47615684732356856,9663676416,extra immutable/provenance/trigger/lifecycle/validation calls; uses full fixed ceilings even for early arrival
0.25,0.5,conservative,CAP_BASED_CONDITIONAL_RATE_NOT_MEASURED_PRODUCTION,142947002824.00192,0.0021530798391369683,0.0005980777330936023,5257,0.07918137834816175,15778,0.23764956963616057,9663676416,extra immutable/provenance/trigger/lifecycle/validation calls; uses full fixed ceilings even for early arrival
0.25,1.0,optimistic,CAP_BASED_CONDITIONAL_RATE_NOT_MEASURED_PRODUCTION,178636906968.0,0.005394464104865909,0.0014984622513516414,9946,0.30034857240675067,29845,0.9012571027025411,9663676416,extra immutable/provenance/trigger/lifecycle/validation calls; uses full fixed ceilings even for early arrival
0.25,1.0,central,CAP_BASED_CONDITIONAL_RATE_NOT_MEASURED_PRODUCTION,178636906968.0,0.0026955131069772145,0.000748753640827004,9946,0.15007858016035783,29845,0.45034136586425494,9663676416,extra immutable/provenance/trigger/lifecycle/validation calls; uses full fixed ceilings even for early arrival
0.25,1.0,conservative,CAP_BASED_CONDITIONAL_RATE_NOT_MEASURED_PRODUCTION,178636906968.0,0.0013453288205818009,0.00037370245016161134,9946,0.0749041207475873,29845,0.2247650798021057,9663676416,extra immutable/provenance/trigger/lifecycle/validation calls; uses full fixed ceilings even for early arrival
0.25,2.0,optimistic,CAP_BASED_CONDITIONAL_RATE_NOT_MEASURED_PRODUCTION,250017072048.0,0.0037749985253836987,0.001048610701495472,19324,0.29177236141102203,57979,0.8754227769742107,9663676416,extra immutable/provenance/trigger/lifecycle/validation calls; uses full fixed ceilings even for early arrival
0.25,2.0,central,CAP_BASED_CONDITIONAL_RATE_NOT_MEASURED_PRODUCTION,250017072048.0,0.0018862963597835176,0.0005239712110509771,19324,0.14579320747128266,57979,0.4374324351054387,9663676416,extra immutable/provenance/trigger/lifecycle/validation calls; uses full fixed ceilings even for early arrival
0.25,2.0,conservative,CAP_BASED_CONDITIONAL_RATE_NOT_MEASURED_PRODUCTION,250017072048.0,0.0009414492737603873,0.00026151368715566316,19324,0.07276529405421159,57979,0.21832224094230665,9663676416,extra immutable/provenance/trigger/lifecycle/validation calls; uses full fixed ceilings even for early arrival
0.125,0.5,optimistic,CAP_BASED_CONDITIONAL_RATE_NOT_MEASURED_PRODUCTION,178636906968.0,0.005394464104865909,0.0014984622513516414,9946,0.30034857240675067,29845,0.9012571027025411,9663676416,extra immutable/provenance/trigger/lifecycle/validation calls; uses full fixed ceilings even for early arrival
0.125,0.5,central,CAP_BASED_CONDITIONAL_RATE_NOT_MEASURED_PRODUCTION,178636906968.0,0.0026955131069772145,0.000748753640827004,9946,0.15007858016035783,29845,0.45034136586425494,9663676416,extra immutable/provenance/trigger/lifecycle/validation calls; uses full fixed ceilings even for early arrival
0.125,0.5,conservative,CAP_BASED_CONDITIONAL_RATE_NOT_MEASURED_PRODUCTION,178636906968.0,0.0013453288205818009,0.00037370245016161134,9946,0.0749041207475873,29845,0.2247650798021057,9663676416,extra immutable/provenance/trigger/lifecycle/validation calls; uses full fixed ceilings even for early arrival
0.125,1.0,optimistic,CAP_BASED_CONDITIONAL_RATE_NOT_MEASURED_PRODUCTION,250017072048.0,0.0037749985253836987,0.001048610701495472,19324,0.29177236141102203,57979,0.8754227769742107,9663676416,extra immutable/provenance/trigger/lifecycle/validation calls; uses full fixed ceilings even for early arrival
0.125,1.0,central,CAP_BASED_CONDITIONAL_RATE_NOT_MEASURED_PRODUCTION,250017072048.0,0.0018862963597835176,0.0005239712110509771,19324,0.14579320747128266,57979,0.4374324351054387,9663676416,extra immutable/provenance/trigger/lifecycle/validation calls; uses full fixed ceilings even for early arrival
0.125,1.0,conservative,CAP_BASED_CONDITIONAL_RATE_NOT_MEASURED_PRODUCTION,250017072048.0,0.0009414492737603873,0.00026151368715566316,19324,0.07276529405421159,57979,0.21832224094230665,9663676416,extra immutable/provenance/trigger/lifecycle/validation calls; uses full fixed ceilings even for early arrival
0.125,2.0,optimistic,CAP_BASED_CONDITIONAL_RATE_NOT_MEASURED_PRODUCTION,392777402208.0,0.002965265735642593,0.000823684926567387,38080,0.28748425591315774,114247,0.8625056141100453,9663676416,extra immutable/provenance/trigger/lifecycle/validation calls; uses full fixed ceilings even for early arrival
0.125,2.0,central,CAP_BASED_CONDITIONAL_RATE_NOT_MEASURED_PRODUCTION,392777402208.0,0.001481687986186669,0.0004115799961629636,38080,0.1436505211267451,114247,0.43097796972603064,9663676416,extra immutable/provenance/trigger/lifecycle/validation calls; uses full fixed ceilings even for early arrival
0.125,2.0,conservative,CAP_BASED_CONDITIONAL_RATE_NOT_MEASURED_PRODUCTION,392777402208.0,0.0007395095003496806,0.00020541930565268904,38080,0.07169588070752372,114247,0.21510082151240717,9663676416,extra immutable/provenance/trigger/lifecycle/validation calls; uses full fixed ceilings even for early arrival
