iteration,qoi,value,window_min,window_max,window_mean,normalized_range,raw_range,trend_slope_per_iteration,previous_checkpoint_difference,qoi_max_variation,U_change,T_change,heat_range,epsilon_phi_mean,epsilon_phi_max,criteria_met,field_separation_diagnostics,Ux_initial,Ux_final,Uy_initial,Uy_final,T_initial,T_final,p_rgh_initial,p_rgh_final,pressure_R_true
12000,Nu_bar_cavity,3.2919556065743287,3.2919555840802635,3.291955680016193,3.2919556183309933,2.9142534374162073e-08,9.593592942280793e-08,1.58133229742997e-10,,8.727933461830326e-08,2.2789435944019007e-07,1.6270951164187863e-07,2.439801880387474e-08,2.2744934485141647e-10,1.2369914443343967e-09,False,"{""20"": {""U_max"": 2.0416405716855773e-07, ""U_RMS"": 3.883314415599537e-08, ""T_max"": 3.52154643223912e-08, ""T_RMS"": 5.230235432634709e-09}, ""40"": {""U_max"": 5.634098084178565e-08, ""U_RMS"": 2.1158462911853823e-08, ""T_max"": 1.4789065971854143e-08, ""T_RMS"": 5.790140564259969e-09}, ""100"": {""U_max"": 1.7625496963381038e-07, ""U_RMS"": 2.725877760348073e-08, ""T_max"": 1.0731218935688958e-07, ""T_RMS"": 8.768323762899332e-09}, ""200"": {""U_max"": 6.614298204050355e-08, ""U_RMS"": 2.4002652906003756e-08, ""T_max"": 1.9321134914207505e-08, ""T_RMS"": 5.916762306827072e-09}}",1.048399618457453e-08,6.057831045048665e-13,1.474874070585851e-08,3.065261917510911e-13,9.331149190904106e-09,9.11777707323566e-13,1.054574693091111e-07,5.152673301487168e-11,5.179671257416009e-11
12000,Nu_bar_0,3.2754300266315113,3.2754299502847743,3.275430060655026,3.275430023013004,3.3696415648442145e-08,1.1037025160476333e-07,2.289372311927515e-10,,8.727933461830326e-08,2.2789435944019007e-07,1.6270951164187863e-07,2.439801880387474e-08,2.2744934485141647e-10,1.2369914443343967e-09,False,"{""20"": {""U_max"": 2.0416405716855773e-07, ""U_RMS"": 3.883314415599537e-08, ""T_max"": 3.52154643223912e-08, ""T_RMS"": 5.230235432634709e-09}, ""40"": {""U_max"": 5.634098084178565e-08, ""U_RMS"": 2.1158462911853823e-08, ""T_max"": 1.4789065971854143e-08, ""T_RMS"": 5.790140564259969e-09}, ""100"": {""U_max"": 1.7625496963381038e-07, ""U_RMS"": 2.725877760348073e-08, ""T_max"": 1.0731218935688958e-07, ""T_RMS"": 8.768323762899332e-09}, ""200"": {""U_max"": 6.614298204050355e-08, ""U_RMS"": 2.4002652906003756e-08, ""T_max"": 1.9321134914207505e-08, ""T_RMS"": 5.916762306827072e-09}}",1.048399618457453e-08,6.057831045048665e-13,1.474874070585851e-08,3.065261917510911e-13,9.331149190904106e-09,9.11777707323566e-13,1.054574693091111e-07,5.152673301487168e-11,5.179671257416009e-11
12000,Nu_bar_half,3.27543003208845,3.2754298864655644,3.2754301723429182,3.275430045253121,8.727933461830326e-08,2.8587735378948764e-07,4.4914619680046583e-10,,8.727933461830326e-08,2.2789435944019007e-07,1.6270951164187863e-07,2.439801880387474e-08,2.2744934485141647e-10,1.2369914443343967e-09,False,"{""20"": {""U_max"": 2.0416405716855773e-07, ""U_RMS"": 3.883314415599537e-08, ""T_max"": 3.52154643223912e-08, ""T_RMS"": 5.230235432634709e-09}, ""40"": {""U_max"": 5.634098084178565e-08, ""U_RMS"": 2.1158462911853823e-08, ""T_max"": 1.4789065971854143e-08, ""T_RMS"": 5.790140564259969e-09}, ""100"": {""U_max"": 1.7625496963381038e-07, ""U_RMS"": 2.725877760348073e-08, ""T_max"": 1.0731218935688958e-07, ""T_RMS"": 8.768323762899332e-09}, ""200"": {""U_max"": 6.614298204050355e-08, ""U_RMS"": 2.4002652906003756e-08, ""T_max"": 1.9321134914207505e-08, ""T_RMS"": 5.916762306827072e-09}}",1.048399618457453e-08,6.057831045048665e-13,1.474874070585851e-08,3.065261917510911e-13,9.331149190904106e-09,9.11777707323566e-13,1.054574693091111e-07,5.152673301487168e-11,5.179671257416009e-11
12000,Umax,24.452103857067595,24.452103857067595,24.452105889099965,24.45210473126211,8.310255762871232e-08,2.0320323699252185e-06,-2.0015724641356507e-09,,8.727933461830326e-08,2.2789435944019007e-07,1.6270951164187863e-07,2.439801880387474e-08,2.2744934485141647e-10,1.2369914443343967e-09,False,"{""20"": {""U_max"": 2.0416405716855773e-07, ""U_RMS"": 3.883314415599537e-08, ""T_max"": 3.52154643223912e-08, ""T_RMS"": 5.230235432634709e-09}, ""40"": {""U_max"": 5.634098084178565e-08, ""U_RMS"": 2.1158462911853823e-08, ""T_max"": 1.4789065971854143e-08, ""T_RMS"": 5.790140564259969e-09}, ""100"": {""U_max"": 1.7625496963381038e-07, ""U_RMS"": 2.725877760348073e-08, ""T_max"": 1.0731218935688958e-07, ""T_RMS"": 8.768323762899332e-09}, ""200"": {""U_max"": 6.614298204050355e-08, ""U_RMS"": 2.4002652906003756e-08, ""T_max"": 1.9321134914207505e-08, ""T_RMS"": 5.916762306827072e-09}}",1.048399618457453e-08,6.057831045048665e-13,1.474874070585851e-08,3.065261917510911e-13,9.331149190904106e-09,9.11777707323566e-13,1.054574693091111e-07,5.152673301487168e-11,5.179671257416009e-11
12000,Wmax,36.24984771961258,36.24984704958704,36.24984796429634,36.24984750493774,2.5233466108093598e-08,9.14709303856398e-07,1.0748694475895802e-09,,8.727933461830326e-08,2.2789435944019007e-07,1.6270951164187863e-07,2.439801880387474e-08,2.2744934485141647e-10,1.2369914443343967e-09,False,"{""20"": {""U_max"": 2.0416405716855773e-07, ""U_RMS"": 3.883314415599537e-08, ""T_max"": 3.52154643223912e-08, ""T_RMS"": 5.230235432634709e-09}, ""40"": {""U_max"": 5.634098084178565e-08, ""U_RMS"": 2.1158462911853823e-08, ""T_max"": 1.4789065971854143e-08, ""T_RMS"": 5.790140564259969e-09}, ""100"": {""U_max"": 1.7625496963381038e-07, ""U_RMS"": 2.725877760348073e-08, ""T_max"": 1.0731218935688958e-07, ""T_RMS"": 8.768323762899332e-09}, ""200"": {""U_max"": 6.614298204050355e-08, ""U_RMS"": 2.4002652906003756e-08, ""T_max"": 1.9321134914207505e-08, ""T_RMS"": 5.916762306827072e-09}}",1.048399618457453e-08,6.057831045048665e-13,1.474874070585851e-08,3.065261917510911e-13,9.331149190904106e-09,9.11777707323566e-13,1.054574693091111e-07,5.152673301487168e-11,5.179671257416009e-11
12000,Umax_Z,0.8251953125,0.8251953125,0.8251953125,0.8251953125,0.0,0.0,0.0,,8.727933461830326e-08,2.2789435944019007e-07,1.6270951164187863e-07,2.439801880387474e-08,2.2744934485141647e-10,1.2369914443343967e-09,False,"{""20"": {""U_max"": 2.0416405716855773e-07, ""U_RMS"": 3.883314415599537e-08, ""T_max"": 3.52154643223912e-08, ""T_RMS"": 5.230235432634709e-09}, ""40"": {""U_max"": 5.634098084178565e-08, ""U_RMS"": 2.1158462911853823e-08, ""T_max"": 1.4789065971854143e-08, ""T_RMS"": 5.790140564259969e-09}, ""100"": {""U_max"": 1.7625496963381038e-07, ""U_RMS"": 2.725877760348073e-08, ""T_max"": 1.0731218935688958e-07, ""T_RMS"": 8.768323762899332e-09}, ""200"": {""U_max"": 6.614298204050355e-08, ""U_RMS"": 2.4002652906003756e-08, ""T_max"": 1.9321134914207505e-08, ""T_RMS"": 5.916762306827072e-09}}",1.048399618457453e-08,6.057831045048665e-13,1.474874070585851e-08,3.065261917510911e-13,9.331149190904106e-09,9.11777707323566e-13,1.054574693091111e-07,5.152673301487168e-11,5.179671257416009e-11
12000,Wmax_X,0.074951171875,0.074951171875,0.074951171875,0.074951171875,0.0,0.0,0.0,,8.727933461830326e-08,2.2789435944019007e-07,1.6270951164187863e-07,2.439801880387474e-08,2.2744934485141647e-10,1.2369914443343967e-09,False,"{""20"": {""U_max"": 2.0416405716855773e-07, ""U_RMS"": 3.883314415599537e-08, ""T_max"": 3.52154643223912e-08, ""T_RMS"": 5.230235432634709e-09}, ""40"": {""U_max"": 5.634098084178565e-08, ""U_RMS"": 2.1158462911853823e-08, ""T_max"": 1.4789065971854143e-08, ""T_RMS"": 5.790140564259969e-09}, ""100"": {""U_max"": 1.7625496963381038e-07, ""U_RMS"": 2.725877760348073e-08, ""T_max"": 1.0731218935688958e-07, ""T_RMS"": 8.768323762899332e-09}, ""200"": {""U_max"": 6.614298204050355e-08, ""U_RMS"": 2.4002652906003756e-08, ""T_max"": 1.9321134914207505e-08, ""T_RMS"": 5.916762306827072e-09}}",1.048399618457453e-08,6.057831045048665e-13,1.474874070585851e-08,3.065261917510911e-13,9.331149190904106e-09,9.11777707323566e-13,1.054574693091111e-07,5.152673301487168e-11,5.179671257416009e-11
15000,Nu_bar_cavity,3.2919556518800457,3.2919555980766972,3.29195569231575,3.2919556376994645,2.862707233244226e-08,9.423905256156218e-08,7.208525574433434e-11,4.530571695582353e-08,6.41342481969555e-08,1.2737351015541012e-07,3.23933022627898e-08,3.240715047665729e-08,3.398696815753142e-10,2.6576718655920234e-09,False,"{""20"": {""U_max"": 8.712792450276134e-08, ""U_RMS"": 2.6351668193541414e-08, ""T_max"": 3.0637465897598304e-08, ""T_RMS"": 9.851578670534431e-09}, ""40"": {""U_max"": 7.992655289170584e-08, ""U_RMS"": 2.0464893775600085e-08, ""T_max"": 2.370012452956871e-08, ""T_RMS"": 7.539771715929343e-09}, ""100"": {""U_max"": 6.28930839868071e-08, ""U_RMS"": 2.2726753335636156e-08, ""T_max"": 3.205184384569293e-08, ""T_RMS"": 8.907397821711467e-09}, ""200"": {""U_max"": 1.1983832986368992e-07, ""U_RMS"": 2.8792775392975804e-08, ""T_max"": 2.9090074349369388e-08, ""T_RMS"": 7.336385279055146e-09}}",1.482046323900165e-08,6.745053338125295e-13,1.478969711444148e-08,8.657012962203054e-13,8.992972959866106e-09,6.544107197167018e-13,9.275998872381276e-08,7.802644674356634e-11,7.799484310918631e-11
15000,Nu_bar_0,3.2754299789348806,3.2754299789348806,3.275430066922354,3.2754300087261443,2.6862877201821916e-08,8.798747330729384e-08,-2.0785514400565505e-10,-4.7696630645077676e-08,6.41342481969555e-08,1.2737351015541012e-07,3.23933022627898e-08,3.240715047665729e-08,3.398696815753142e-10,2.6576718655920234e-09,False,"{""20"": {""U_max"": 8.712792450276134e-08, ""U_RMS"": 2.6351668193541414e-08, ""T_max"": 3.0637465897598304e-08, ""T_RMS"": 9.851578670534431e-09}, ""40"": {""U_max"": 7.992655289170584e-08, ""U_RMS"": 2.0464893775600085e-08, ""T_max"": 2.370012452956871e-08, ""T_RMS"": 7.539771715929343e-09}, ""100"": {""U_max"": 6.28930839868071e-08, ""U_RMS"": 2.2726753335636156e-08, ""T_max"": 3.205184384569293e-08, ""T_RMS"": 8.907397821711467e-09}, ""200"": {""U_max"": 1.1983832986368992e-07, ""U_RMS"": 2.8792775392975804e-08, ""T_max"": 2.9090074349369388e-08, ""T_RMS"": 7.336385279055146e-09}}",1.482046323900165e-08,6.745053338125295e-13,1.478969711444148e-08,8.657012962203054e-13,8.992972959866106e-09,6.544107197167018e-13,9.275998872381276e-08,7.802644674356634e-11,7.799484310918631e-11
15000,Nu_bar_half,3.275430051115661,3.275429926388426,3.2754301039476794,3.2754300190944066,5.4209447538650757e-08,1.775592535224746e-07,3.0376741203238816e-10,1.9027210917954562e-08,6.41342481969555e-08,1.2737351015541012e-07,3.23933022627898e-08,3.240715047665729e-08,3.398696815753142e-10,2.6576718655920234e-09,False,"{""20"": {""U_max"": 8.712792450276134e-08, ""U_RMS"": 2.6351668193541414e-08, ""T_max"": 3.0637465897598304e-08, ""T_RMS"": 9.851578670534431e-09}, ""40"": {""U_max"": 7.992655289170584e-08, ""U_RMS"": 2.0464893775600085e-08, ""T_max"": 2.370012452956871e-08, ""T_RMS"": 7.539771715929343e-09}, ""100"": {""U_max"": 6.28930839868071e-08, ""U_RMS"": 2.2726753335636156e-08, ""T_max"": 3.205184384569293e-08, ""T_RMS"": 8.907397821711467e-09}, ""200"": {""U_max"": 1.1983832986368992e-07, ""U_RMS"": 2.8792775392975804e-08, ""T_max"": 2.9090074349369388e-08, ""T_RMS"": 7.336385279055146e-09}}",1.482046323900165e-08,6.745053338125295e-13,1.478969711444148e-08,8.657012962203054e-13,8.992972959866106e-09,6.544107197167018e-13,9.275998872381276e-08,7.802644674356634e-11,7.799484310918631e-11
15000,Umax,24.452105388776868,24.452103820559472,24.452105388776868,24.45210475638596,6.41342481969555e-08,1.5682173959419288e-06,4.092410630172274e-09,1.5317092731947923e-06,6.41342481969555e-08,1.2737351015541012e-07,3.23933022627898e-08,3.240715047665729e-08,3.398696815753142e-10,2.6576718655920234e-09,False,"{""20"": {""U_max"": 8.712792450276134e-08, ""U_RMS"": 2.6351668193541414e-08, ""T_max"": 3.0637465897598304e-08, ""T_RMS"": 9.851578670534431e-09}, ""40"": {""U_max"": 7.992655289170584e-08, ""U_RMS"": 2.0464893775600085e-08, ""T_max"": 2.370012452956871e-08, ""T_RMS"": 7.539771715929343e-09}, ""100"": {""U_max"": 6.28930839868071e-08, ""U_RMS"": 2.2726753335636156e-08, ""T_max"": 3.205184384569293e-08, ""T_RMS"": 8.907397821711467e-09}, ""200"": {""U_max"": 1.1983832986368992e-07, ""U_RMS"": 2.8792775392975804e-08, ""T_max"": 2.9090074349369388e-08, ""T_RMS"": 7.336385279055146e-09}}",1.482046323900165e-08,6.745053338125295e-13,1.478969711444148e-08,8.657012962203054e-13,8.992972959866106e-09,6.544107197167018e-13,9.275998872381276e-08,7.802644674356634e-11,7.799484310918631e-11
15000,Wmax,36.24984731623319,36.249846426292784,36.24984804601966,36.249847224679066,4.468230884902916e-08,1.6197268735140824e-06,1.5303255713144485e-10,-4.0337938855827815e-07,6.41342481969555e-08,1.2737351015541012e-07,3.23933022627898e-08,3.240715047665729e-08,3.398696815753142e-10,2.6576718655920234e-09,False,"{""20"": {""U_max"": 8.712792450276134e-08, ""U_RMS"": 2.6351668193541414e-08, ""T_max"": 3.0637465897598304e-08, ""T_RMS"": 9.851578670534431e-09}, ""40"": {""U_max"": 7.992655289170584e-08, ""U_RMS"": 2.0464893775600085e-08, ""T_max"": 2.370012452956871e-08, ""T_RMS"": 7.539771715929343e-09}, ""100"": {""U_max"": 6.28930839868071e-08, ""U_RMS"": 2.2726753335636156e-08, ""T_max"": 3.205184384569293e-08, ""T_RMS"": 8.907397821711467e-09}, ""200"": {""U_max"": 1.1983832986368992e-07, ""U_RMS"": 2.8792775392975804e-08, ""T_max"": 2.9090074349369388e-08, ""T_RMS"": 7.336385279055146e-09}}",1.482046323900165e-08,6.745053338125295e-13,1.478969711444148e-08,8.657012962203054e-13,8.992972959866106e-09,6.544107197167018e-13,9.275998872381276e-08,7.802644674356634e-11,7.799484310918631e-11
15000,Umax_Z,0.8251953125,0.8251953125,0.8251953125,0.8251953125,0.0,0.0,0.0,0.0,6.41342481969555e-08,1.2737351015541012e-07,3.23933022627898e-08,3.240715047665729e-08,3.398696815753142e-10,2.6576718655920234e-09,False,"{""20"": {""U_max"": 8.712792450276134e-08, ""U_RMS"": 2.6351668193541414e-08, ""T_max"": 3.0637465897598304e-08, ""T_RMS"": 9.851578670534431e-09}, ""40"": {""U_max"": 7.992655289170584e-08, ""U_RMS"": 2.0464893775600085e-08, ""T_max"": 2.370012452956871e-08, ""T_RMS"": 7.539771715929343e-09}, ""100"": {""U_max"": 6.28930839868071e-08, ""U_RMS"": 2.2726753335636156e-08, ""T_max"": 3.205184384569293e-08, ""T_RMS"": 8.907397821711467e-09}, ""200"": {""U_max"": 1.1983832986368992e-07, ""U_RMS"": 2.8792775392975804e-08, ""T_max"": 2.9090074349369388e-08, ""T_RMS"": 7.336385279055146e-09}}",1.482046323900165e-08,6.745053338125295e-13,1.478969711444148e-08,8.657012962203054e-13,8.992972959866106e-09,6.544107197167018e-13,9.275998872381276e-08,7.802644674356634e-11,7.799484310918631e-11
15000,Wmax_X,0.074951171875,0.074951171875,0.074951171875,0.074951171875,0.0,0.0,0.0,0.0,6.41342481969555e-08,1.2737351015541012e-07,3.23933022627898e-08,3.240715047665729e-08,3.398696815753142e-10,2.6576718655920234e-09,False,"{""20"": {""U_max"": 8.712792450276134e-08, ""U_RMS"": 2.6351668193541414e-08, ""T_max"": 3.0637465897598304e-08, ""T_RMS"": 9.851578670534431e-09}, ""40"": {""U_max"": 7.992655289170584e-08, ""U_RMS"": 2.0464893775600085e-08, ""T_max"": 2.370012452956871e-08, ""T_RMS"": 7.539771715929343e-09}, ""100"": {""U_max"": 6.28930839868071e-08, ""U_RMS"": 2.2726753335636156e-08, ""T_max"": 3.205184384569293e-08, ""T_RMS"": 8.907397821711467e-09}, ""200"": {""U_max"": 1.1983832986368992e-07, ""U_RMS"": 2.8792775392975804e-08, ""T_max"": 2.9090074349369388e-08, ""T_RMS"": 7.336385279055146e-09}}",1.482046323900165e-08,6.745053338125295e-13,1.478969711444148e-08,8.657012962203054e-13,8.992972959866106e-09,6.544107197167018e-13,9.275998872381276e-08,7.802644674356634e-11,7.799484310918631e-11
18000,Nu_bar_cavity,3.2919556143018935,3.2919555974838914,3.2919556721161776,3.2919556333650832,2.2671109478110053e-08,7.463228612891726e-08,3.435114616998843e-11,-3.757815214555649e-08,1.5274729886529427e-07,6.86192777847191e-07,4.232002197568363e-07,5.622500819051478e-08,4.287918741137221e-10,3.627307108107226e-09,False,"{""20"": {""U_max"": 7.191708869632891e-08, ""U_RMS"": 2.3353736727421923e-08, ""T_max"": 3.756815658562118e-08, ""T_RMS"": 5.938999166198729e-09}, ""40"": {""U_max"": 7.023296633949332e-08, ""U_RMS"": 2.294172706691107e-08, ""T_max"": 1.647237013457925e-08, ""T_RMS"": 5.693689929746192e-09}, ""100"": {""U_max"": 7.072962826363989e-08, ""U_RMS"": 2.193270893632385e-08, ""T_max"": 2.7755390874517616e-08, ""T_RMS"": 9.187716701750417e-09}, ""200"": {""U_max"": 6.984750970821507e-08, ""U_RMS"": 2.6121883914263914e-08, ""T_max"": 2.2258802800934063e-08, ""T_RMS"": 7.64880233799209e-09}}",1.809345534920578e-08,9.329570298521369e-13,1.748112177835088e-08,3.885371112009019e-13,8.462154525443177e-09,5.227144448261432e-13,8.818786798504089e-08,9.851423494575985e-11,9.859498957709137e-11
18000,Nu_bar_0,3.2754300374485865,3.275429948310716,3.2754300686999613,3.2754300172673023,3.675524858203711e-08,1.203892452394939e-07,7.86300027109312e-11,5.8513705880614e-08,1.5274729886529427e-07,6.86192777847191e-07,4.232002197568363e-07,5.622500819051478e-08,4.287918741137221e-10,3.627307108107226e-09,False,"{""20"": {""U_max"": 7.191708869632891e-08, ""U_RMS"": 2.3353736727421923e-08, ""T_max"": 3.756815658562118e-08, ""T_RMS"": 5.938999166198729e-09}, ""40"": {""U_max"": 7.023296633949332e-08, ""U_RMS"": 2.294172706691107e-08, ""T_max"": 1.647237013457925e-08, ""T_RMS"": 5.693689929746192e-09}, ""100"": {""U_max"": 7.072962826363989e-08, ""U_RMS"": 2.193270893632385e-08, ""T_max"": 2.7755390874517616e-08, ""T_RMS"": 9.187716701750417e-09}, ""200"": {""U_max"": 6.984750970821507e-08, ""U_RMS"": 2.6121883914263914e-08, ""T_max"": 2.2258802800934063e-08, ""T_RMS"": 7.64880233799209e-09}}",1.809345534920578e-08,9.329570298521369e-13,1.748112177835088e-08,3.885371112009019e-13,8.462154525443177e-09,5.227144448261432e-13,8.818786798504089e-08,9.851423494575985e-11,9.859498957709137e-11
18000,Nu_bar_half,3.275430029472342,3.275429701978011,3.275430202291101,3.2754300158641088,1.5274729886529427e-07,5.003130896241714e-07,8.303851000752097e-11,-2.164331913689921e-08,1.5274729886529427e-07,6.86192777847191e-07,4.232002197568363e-07,5.622500819051478e-08,4.287918741137221e-10,3.627307108107226e-09,False,"{""20"": {""U_max"": 7.191708869632891e-08, ""U_RMS"": 2.3353736727421923e-08, ""T_max"": 3.756815658562118e-08, ""T_RMS"": 5.938999166198729e-09}, ""40"": {""U_max"": 7.023296633949332e-08, ""U_RMS"": 2.294172706691107e-08, ""T_max"": 1.647237013457925e-08, ""T_RMS"": 5.693689929746192e-09}, ""100"": {""U_max"": 7.072962826363989e-08, ""U_RMS"": 2.193270893632385e-08, ""T_max"": 2.7755390874517616e-08, ""T_RMS"": 9.187716701750417e-09}, ""200"": {""U_max"": 6.984750970821507e-08, ""U_RMS"": 2.6121883914263914e-08, ""T_max"": 2.2258802800934063e-08, ""T_RMS"": 7.64880233799209e-09}}",1.809345534920578e-08,9.329570298521369e-13,1.748112177835088e-08,3.885371112009019e-13,8.462154525443177e-09,5.227144448261432e-13,8.818786798504089e-08,9.851423494575985e-11,9.859498957709137e-11
18000,Umax,24.452104385841167,24.45210367054789,24.45210524227633,24.45210455272215,6.42778394464932e-08,1.5717284398419906e-06,1.0304463916487423e-09,-1.0029357007113049e-06,1.5274729886529427e-07,6.86192777847191e-07,4.232002197568363e-07,5.622500819051478e-08,4.287918741137221e-10,3.627307108107226e-09,False,"{""20"": {""U_max"": 7.191708869632891e-08, ""U_RMS"": 2.3353736727421923e-08, ""T_max"": 3.756815658562118e-08, ""T_RMS"": 5.938999166198729e-09}, ""40"": {""U_max"": 7.023296633949332e-08, ""U_RMS"": 2.294172706691107e-08, ""T_max"": 1.647237013457925e-08, ""T_RMS"": 5.693689929746192e-09}, ""100"": {""U_max"": 7.072962826363989e-08, ""U_RMS"": 2.193270893632385e-08, ""T_max"": 2.7755390874517616e-08, ""T_RMS"": 9.187716701750417e-09}, ""200"": {""U_max"": 6.984750970821507e-08, ""U_RMS"": 2.6121883914263914e-08, ""T_max"": 2.2258802800934063e-08, ""T_RMS"": 7.64880233799209e-09}}",1.809345534920578e-08,9.329570298521369e-13,1.748112177835088e-08,3.885371112009019e-13,8.462154525443177e-09,5.227144448261432e-13,8.818786798504089e-08,9.851423494575985e-11,9.859498957709137e-11
18000,Wmax,36.24984728687684,36.24984704385367,36.2498478824737,36.24984744440784,2.3134443172891193e-08,8.386200320842363e-07,-1.0480367184196767e-09,-2.9356350239595486e-08,1.5274729886529427e-07,6.86192777847191e-07,4.232002197568363e-07,5.622500819051478e-08,4.287918741137221e-10,3.627307108107226e-09,False,"{""20"": {""U_max"": 7.191708869632891e-08, ""U_RMS"": 2.3353736727421923e-08, ""T_max"": 3.756815658562118e-08, ""T_RMS"": 5.938999166198729e-09}, ""40"": {""U_max"": 7.023296633949332e-08, ""U_RMS"": 2.294172706691107e-08, ""T_max"": 1.647237013457925e-08, ""T_RMS"": 5.693689929746192e-09}, ""100"": {""U_max"": 7.072962826363989e-08, ""U_RMS"": 2.193270893632385e-08, ""T_max"": 2.7755390874517616e-08, ""T_RMS"": 9.187716701750417e-09}, ""200"": {""U_max"": 6.984750970821507e-08, ""U_RMS"": 2.6121883914263914e-08, ""T_max"": 2.2258802800934063e-08, ""T_RMS"": 7.64880233799209e-09}}",1.809345534920578e-08,9.329570298521369e-13,1.748112177835088e-08,3.885371112009019e-13,8.462154525443177e-09,5.227144448261432e-13,8.818786798504089e-08,9.851423494575985e-11,9.859498957709137e-11
18000,Umax_Z,0.8251953125,0.8251953125,0.8251953125,0.8251953125,0.0,0.0,0.0,0.0,1.5274729886529427e-07,6.86192777847191e-07,4.232002197568363e-07,5.622500819051478e-08,4.287918741137221e-10,3.627307108107226e-09,False,"{""20"": {""U_max"": 7.191708869632891e-08, ""U_RMS"": 2.3353736727421923e-08, ""T_max"": 3.756815658562118e-08, ""T_RMS"": 5.938999166198729e-09}, ""40"": {""U_max"": 7.023296633949332e-08, ""U_RMS"": 2.294172706691107e-08, ""T_max"": 1.647237013457925e-08, ""T_RMS"": 5.693689929746192e-09}, ""100"": {""U_max"": 7.072962826363989e-08, ""U_RMS"": 2.193270893632385e-08, ""T_max"": 2.7755390874517616e-08, ""T_RMS"": 9.187716701750417e-09}, ""200"": {""U_max"": 6.984750970821507e-08, ""U_RMS"": 2.6121883914263914e-08, ""T_max"": 2.2258802800934063e-08, ""T_RMS"": 7.64880233799209e-09}}",1.809345534920578e-08,9.329570298521369e-13,1.748112177835088e-08,3.885371112009019e-13,8.462154525443177e-09,5.227144448261432e-13,8.818786798504089e-08,9.851423494575985e-11,9.859498957709137e-11
18000,Wmax_X,0.074951171875,0.074951171875,0.074951171875,0.074951171875,0.0,0.0,0.0,0.0,1.5274729886529427e-07,6.86192777847191e-07,4.232002197568363e-07,5.622500819051478e-08,4.287918741137221e-10,3.627307108107226e-09,False,"{""20"": {""U_max"": 7.191708869632891e-08, ""U_RMS"": 2.3353736727421923e-08, ""T_max"": 3.756815658562118e-08, ""T_RMS"": 5.938999166198729e-09}, ""40"": {""U_max"": 7.023296633949332e-08, ""U_RMS"": 2.294172706691107e-08, ""T_max"": 1.647237013457925e-08, ""T_RMS"": 5.693689929746192e-09}, ""100"": {""U_max"": 7.072962826363989e-08, ""U_RMS"": 2.193270893632385e-08, ""T_max"": 2.7755390874517616e-08, ""T_RMS"": 9.187716701750417e-09}, ""200"": {""U_max"": 6.984750970821507e-08, ""U_RMS"": 2.6121883914263914e-08, ""T_max"": 2.2258802800934063e-08, ""T_RMS"": 7.64880233799209e-09}}",1.809345534920578e-08,9.329570298521369e-13,1.748112177835088e-08,3.885371112009019e-13,8.462154525443177e-09,5.227144448261432e-13,8.818786798504089e-08,9.851423494575985e-11,9.859498957709137e-11
24000,Nu_bar_cavity,3.2919556475892,3.2919555899411255,3.291955660192467,3.2919556323938646,2.1340306235383673e-08,7.025134163285429e-08,-1.1716385861504363e-10,3.328730624474474e-08,1.3888703109852001e-07,3.0097997319151753e-07,2.987358129757922e-07,3.087474912185951e-08,1.8961819719388847e-10,1.027980176252224e-09,False,"{""20"": {""U_max"": 1.7744133751804123e-07, ""U_RMS"": 3.32664239923928e-08, ""T_max"": 2.1275980088830693e-08, ""T_RMS"": 8.009922826977343e-09}, ""40"": {""U_max"": 1.482551644782015e-07, ""U_RMS"": 3.247258816377378e-08, ""T_max"": 6.600549795621191e-08, ""T_RMS"": 7.686381410821333e-09}, ""100"": {""U_max"": 1.9562613080059042e-07, ""U_RMS"": 3.725538211050746e-08, ""T_max"": 8.710009069545777e-08, ""T_RMS"": 8.821538720987603e-09}, ""200"": {""U_max"": 1.9376904176902286e-07, ""U_RMS"": 4.107023687181176e-08, ""T_max"": 5.8278487813367974e-08, ""T_RMS"": 5.795785137023327e-09}}",2.472497015311168e-08,6.994117190959789e-13,2.370322978999387e-08,5.609588127694392e-13,1.162109451874571e-08,5.563932547030935e-13,9.798318540757297e-08,4.327052418827312e-11,4.322254539627335e-11
24000,Nu_bar_0,3.275430038255763,3.2754299786565753,3.2754300934705043,3.2754300407527293,3.505308545436953e-08,1.1481392903078813e-07,3.2122722421428826e-10,8.071765478234738e-10,1.3888703109852001e-07,3.0097997319151753e-07,2.987358129757922e-07,3.087474912185951e-08,1.8961819719388847e-10,1.027980176252224e-09,False,"{""20"": {""U_max"": 1.7744133751804123e-07, ""U_RMS"": 3.32664239923928e-08, ""T_max"": 2.1275980088830693e-08, ""T_RMS"": 8.009922826977343e-09}, ""40"": {""U_max"": 1.482551644782015e-07, ""U_RMS"": 3.247258816377378e-08, ""T_max"": 6.600549795621191e-08, ""T_RMS"": 7.686381410821333e-09}, ""100"": {""U_max"": 1.9562613080059042e-07, ""U_RMS"": 3.725538211050746e-08, ""T_max"": 8.710009069545777e-08, ""T_RMS"": 8.821538720987603e-09}, ""200"": {""U_max"": 1.9376904176902286e-07, ""U_RMS"": 4.107023687181176e-08, ""T_max"": 5.8278487813367974e-08, ""T_RMS"": 5.795785137023327e-09}}",2.472497015311168e-08,6.994117190959789e-13,2.370322978999387e-08,5.609588127694392e-13,1.162109451874571e-08,5.563932547030935e-13,9.798318540757297e-08,4.327052418827312e-11,4.322254539627335e-11
24000,Nu_bar_half,3.2754300402903374,3.2754299012952512,3.275430356210005,3.2754300576125104,1.3888703109852001e-07,4.549147538668308e-07,-3.528354897142094e-10,1.0817995388379131e-08,1.3888703109852001e-07,3.0097997319151753e-07,2.987358129757922e-07,3.087474912185951e-08,1.8961819719388847e-10,1.027980176252224e-09,False,"{""20"": {""U_max"": 1.7744133751804123e-07, ""U_RMS"": 3.32664239923928e-08, ""T_max"": 2.1275980088830693e-08, ""T_RMS"": 8.009922826977343e-09}, ""40"": {""U_max"": 1.482551644782015e-07, ""U_RMS"": 3.247258816377378e-08, ""T_max"": 6.600549795621191e-08, ""T_RMS"": 7.686381410821333e-09}, ""100"": {""U_max"": 1.9562613080059042e-07, ""U_RMS"": 3.725538211050746e-08, ""T_max"": 8.710009069545777e-08, ""T_RMS"": 8.821538720987603e-09}, ""200"": {""U_max"": 1.9376904176902286e-07, ""U_RMS"": 4.107023687181176e-08, ""T_max"": 5.8278487813367974e-08, ""T_RMS"": 5.795785137023327e-09}}",2.472497015311168e-08,6.994117190959789e-13,2.370322978999387e-08,5.609588127694392e-13,1.162109451874571e-08,5.563932547030935e-13,9.798318540757297e-08,4.327052418827312e-11,4.322254539627335e-11
24000,Umax,24.452105136172573,24.452103807135394,24.452105602003712,24.452104646363082,7.340342714776307e-08,1.7948683179724867e-06,5.185425478903095e-09,7.503314058965316e-07,1.3888703109852001e-07,3.0097997319151753e-07,2.987358129757922e-07,3.087474912185951e-08,1.8961819719388847e-10,1.027980176252224e-09,False,"{""20"": {""U_max"": 1.7744133751804123e-07, ""U_RMS"": 3.32664239923928e-08, ""T_max"": 2.1275980088830693e-08, ""T_RMS"": 8.009922826977343e-09}, ""40"": {""U_max"": 1.482551644782015e-07, ""U_RMS"": 3.247258816377378e-08, ""T_max"": 6.600549795621191e-08, ""T_RMS"": 7.686381410821333e-09}, ""100"": {""U_max"": 1.9562613080059042e-07, ""U_RMS"": 3.725538211050746e-08, ""T_max"": 8.710009069545777e-08, ""T_RMS"": 8.821538720987603e-09}, ""200"": {""U_max"": 1.9376904176902286e-07, ""U_RMS"": 4.107023687181176e-08, ""T_max"": 5.8278487813367974e-08, ""T_RMS"": 5.795785137023327e-09}}",2.472497015311168e-08,6.994117190959789e-13,2.370322978999387e-08,5.609588127694392e-13,1.162109451874571e-08,5.563932547030935e-13,9.798318540757297e-08,4.327052418827312e-11,4.322254539627335e-11
24000,Wmax,36.24984713355207,36.24984678529117,36.24984782298407,36.249847329021,2.862613186273316e-08,1.0376929040489813e-06,-1.364628439339619e-09,-1.533247697693696e-07,1.3888703109852001e-07,3.0097997319151753e-07,2.987358129757922e-07,3.087474912185951e-08,1.8961819719388847e-10,1.027980176252224e-09,False,"{""20"": {""U_max"": 1.7744133751804123e-07, ""U_RMS"": 3.32664239923928e-08, ""T_max"": 2.1275980088830693e-08, ""T_RMS"": 8.009922826977343e-09}, ""40"": {""U_max"": 1.482551644782015e-07, ""U_RMS"": 3.247258816377378e-08, ""T_max"": 6.600549795621191e-08, ""T_RMS"": 7.686381410821333e-09}, ""100"": {""U_max"": 1.9562613080059042e-07, ""U_RMS"": 3.725538211050746e-08, ""T_max"": 8.710009069545777e-08, ""T_RMS"": 8.821538720987603e-09}, ""200"": {""U_max"": 1.9376904176902286e-07, ""U_RMS"": 4.107023687181176e-08, ""T_max"": 5.8278487813367974e-08, ""T_RMS"": 5.795785137023327e-09}}",2.472497015311168e-08,6.994117190959789e-13,2.370322978999387e-08,5.609588127694392e-13,1.162109451874571e-08,5.563932547030935e-13,9.798318540757297e-08,4.327052418827312e-11,4.322254539627335e-11
24000,Umax_Z,0.8251953125,0.8251953125,0.8251953125,0.8251953125,0.0,0.0,0.0,0.0,1.3888703109852001e-07,3.0097997319151753e-07,2.987358129757922e-07,3.087474912185951e-08,1.8961819719388847e-10,1.027980176252224e-09,False,"{""20"": {""U_max"": 1.7744133751804123e-07, ""U_RMS"": 3.32664239923928e-08, ""T_max"": 2.1275980088830693e-08, ""T_RMS"": 8.009922826977343e-09}, ""40"": {""U_max"": 1.482551644782015e-07, ""U_RMS"": 3.247258816377378e-08, ""T_max"": 6.600549795621191e-08, ""T_RMS"": 7.686381410821333e-09}, ""100"": {""U_max"": 1.9562613080059042e-07, ""U_RMS"": 3.725538211050746e-08, ""T_max"": 8.710009069545777e-08, ""T_RMS"": 8.821538720987603e-09}, ""200"": {""U_max"": 1.9376904176902286e-07, ""U_RMS"": 4.107023687181176e-08, ""T_max"": 5.8278487813367974e-08, ""T_RMS"": 5.795785137023327e-09}}",2.472497015311168e-08,6.994117190959789e-13,2.370322978999387e-08,5.609588127694392e-13,1.162109451874571e-08,5.563932547030935e-13,9.798318540757297e-08,4.327052418827312e-11,4.322254539627335e-11
24000,Wmax_X,0.074951171875,0.074951171875,0.074951171875,0.074951171875,0.0,0.0,0.0,0.0,1.3888703109852001e-07,3.0097997319151753e-07,2.987358129757922e-07,3.087474912185951e-08,1.8961819719388847e-10,1.027980176252224e-09,False,"{""20"": {""U_max"": 1.7744133751804123e-07, ""U_RMS"": 3.32664239923928e-08, ""T_max"": 2.1275980088830693e-08, ""T_RMS"": 8.009922826977343e-09}, ""40"": {""U_max"": 1.482551644782015e-07, ""U_RMS"": 3.247258816377378e-08, ""T_max"": 6.600549795621191e-08, ""T_RMS"": 7.686381410821333e-09}, ""100"": {""U_max"": 1.9562613080059042e-07, ""U_RMS"": 3.725538211050746e-08, ""T_max"": 8.710009069545777e-08, ""T_RMS"": 8.821538720987603e-09}, ""200"": {""U_max"": 1.9376904176902286e-07, ""U_RMS"": 4.107023687181176e-08, ""T_max"": 5.8278487813367974e-08, ""T_RMS"": 5.795785137023327e-09}}",2.472497015311168e-08,6.994117190959789e-13,2.370322978999387e-08,5.609588127694392e-13,1.162109451874571e-08,5.563932547030935e-13,9.798318540757297e-08,4.327052418827312e-11,4.322254539627335e-11
30000,Nu_bar_cavity,3.291955616654041,3.291955584401232,3.291955647450189,3.291955621331024,1.915243232541768e-08,6.304895716624515e-08,-5.2543044057077006e-11,-3.0935158878975244e-08,1.1217197032410395e-07,3.152675489330931e-07,1.3685871635971125e-07,3.1947985075883387e-08,2.106100902581735e-10,2.721926615515256e-09,False,"{""20"": {""U_max"": 1.8821032392564795e-07, ""U_RMS"": 3.813043664200634e-08, ""T_max"": 6.494150284197531e-08, ""T_RMS"": 1.1892116356299007e-08}, ""40"": {""U_max"": 8.081209261841474e-08, ""U_RMS"": 2.84254447201544e-08, ""T_max"": 5.25146219843009e-08, ""T_RMS"": 1.0561312816926701e-08}, ""100"": {""U_max"": 9.0204313831897e-08, ""U_RMS"": 2.7100339059452283e-08, ""T_max"": 2.2483220618596533e-08, ""T_RMS"": 7.59204281001611e-09}, ""200"": {""U_max"": 1.0722875794355012e-07, ""U_RMS"": 2.7560718781732008e-08, ""T_max"": 2.5562428618286503e-08, ""T_RMS"": 9.08185821342116e-09}}",1.930960780003642e-08,2.653475602733286e-13,1.530024412895654e-08,2.491956479895904e-13,1.232438590927889e-08,8.92995771263328e-13,1.529248897048456e-07,4.709370794619317e-11,4.69934551693372e-11
30000,Nu_bar_0,3.2754300114456782,3.275429992000454,3.2754301024694996,3.275430043115772,3.3726577909074487e-08,1.1046904546674341e-07,-2.0685795541133049e-10,-2.681008481886238e-08,1.1217197032410395e-07,3.152675489330931e-07,1.3685871635971125e-07,3.1947985075883387e-08,2.106100902581735e-10,2.721926615515256e-09,False,"{""20"": {""U_max"": 1.8821032392564795e-07, ""U_RMS"": 3.813043664200634e-08, ""T_max"": 6.494150284197531e-08, ""T_RMS"": 1.1892116356299007e-08}, ""40"": {""U_max"": 8.081209261841474e-08, ""U_RMS"": 2.84254447201544e-08, ""T_max"": 5.25146219843009e-08, ""T_RMS"": 1.0561312816926701e-08}, ""100"": {""U_max"": 9.0204313831897e-08, ""U_RMS"": 2.7100339059452283e-08, ""T_max"": 2.2483220618596533e-08, ""T_RMS"": 7.59204281001611e-09}, ""200"": {""U_max"": 1.0722875794355012e-07, ""U_RMS"": 2.7560718781732008e-08, ""T_max"": 2.5562428618286503e-08, ""T_RMS"": 9.08185821342116e-09}}",1.930960780003642e-08,2.653475602733286e-13,1.530024412895654e-08,2.491956479895904e-13,1.232438590927889e-08,8.92995771263328e-13,1.529248897048456e-07,4.709370794619317e-11,4.69934551693372e-11
30000,Nu_bar_half,3.275430015256452,3.275429859269153,3.275430128960631,3.2754300219548793,8.233773177338514e-08,2.6969147803868054e-07,1.6892484885647465e-10,-2.5033885187042415e-08,1.1217197032410395e-07,3.152675489330931e-07,1.3685871635971125e-07,3.1947985075883387e-08,2.106100902581735e-10,2.721926615515256e-09,False,"{""20"": {""U_max"": 1.8821032392564795e-07, ""U_RMS"": 3.813043664200634e-08, ""T_max"": 6.494150284197531e-08, ""T_RMS"": 1.1892116356299007e-08}, ""40"": {""U_max"": 8.081209261841474e-08, ""U_RMS"": 2.84254447201544e-08, ""T_max"": 5.25146219843009e-08, ""T_RMS"": 1.0561312816926701e-08}, ""100"": {""U_max"": 9.0204313831897e-08, ""U_RMS"": 2.7100339059452283e-08, ""T_max"": 2.2483220618596533e-08, ""T_RMS"": 7.59204281001611e-09}, ""200"": {""U_max"": 1.0722875794355012e-07, ""U_RMS"": 2.7560718781732008e-08, ""T_max"": 2.5562428618286503e-08, ""T_RMS"": 9.08185821342116e-09}}",1.930960780003642e-08,2.653475602733286e-13,1.530024412895654e-08,2.491956479895904e-13,1.232438590927889e-08,8.92995771263328e-13,1.529248897048456e-07,4.709370794619317e-11,4.69934551693372e-11
30000,Umax,24.45210419889142,24.452102846828808,24.452105589669515,24.452104268856022,1.1217197032410395e-07,2.742840706559946e-06,6.586294622417715e-09,-9.372811540231396e-07,1.1217197032410395e-07,3.152675489330931e-07,1.3685871635971125e-07,3.1947985075883387e-08,2.106100902581735e-10,2.721926615515256e-09,False,"{""20"": {""U_max"": 1.8821032392564795e-07, ""U_RMS"": 3.813043664200634e-08, ""T_max"": 6.494150284197531e-08, ""T_RMS"": 1.1892116356299007e-08}, ""40"": {""U_max"": 8.081209261841474e-08, ""U_RMS"": 2.84254447201544e-08, ""T_max"": 5.25146219843009e-08, ""T_RMS"": 1.0561312816926701e-08}, ""100"": {""U_max"": 9.0204313831897e-08, ""U_RMS"": 2.7100339059452283e-08, ""T_max"": 2.2483220618596533e-08, ""T_RMS"": 7.59204281001611e-09}, ""200"": {""U_max"": 1.0722875794355012e-07, ""U_RMS"": 2.7560718781732008e-08, ""T_max"": 2.5562428618286503e-08, ""T_RMS"": 9.08185821342116e-09}}",1.930960780003642e-08,2.653475602733286e-13,1.530024412895654e-08,2.491956479895904e-13,1.232438590927889e-08,8.92995771263328e-13,1.529248897048456e-07,4.709370794619317e-11,4.69934551693372e-11
30000,Wmax,36.24984758129839,36.24984669724413,36.24984780364399,36.24984739782833,3.052150369966369e-08,1.1063998570648437e-06,-3.4447196125856036e-10,4.47746316467601e-07,1.1217197032410395e-07,3.152675489330931e-07,1.3685871635971125e-07,3.1947985075883387e-08,2.106100902581735e-10,2.721926615515256e-09,False,"{""20"": {""U_max"": 1.8821032392564795e-07, ""U_RMS"": 3.813043664200634e-08, ""T_max"": 6.494150284197531e-08, ""T_RMS"": 1.1892116356299007e-08}, ""40"": {""U_max"": 8.081209261841474e-08, ""U_RMS"": 2.84254447201544e-08, ""T_max"": 5.25146219843009e-08, ""T_RMS"": 1.0561312816926701e-08}, ""100"": {""U_max"": 9.0204313831897e-08, ""U_RMS"": 2.7100339059452283e-08, ""T_max"": 2.2483220618596533e-08, ""T_RMS"": 7.59204281001611e-09}, ""200"": {""U_max"": 1.0722875794355012e-07, ""U_RMS"": 2.7560718781732008e-08, ""T_max"": 2.5562428618286503e-08, ""T_RMS"": 9.08185821342116e-09}}",1.930960780003642e-08,2.653475602733286e-13,1.530024412895654e-08,2.491956479895904e-13,1.232438590927889e-08,8.92995771263328e-13,1.529248897048456e-07,4.709370794619317e-11,4.69934551693372e-11
30000,Umax_Z,0.8251953125,0.8251953125,0.8251953125,0.8251953125,0.0,0.0,0.0,0.0,1.1217197032410395e-07,3.152675489330931e-07,1.3685871635971125e-07,3.1947985075883387e-08,2.106100902581735e-10,2.721926615515256e-09,False,"{""20"": {""U_max"": 1.8821032392564795e-07, ""U_RMS"": 3.813043664200634e-08, ""T_max"": 6.494150284197531e-08, ""T_RMS"": 1.1892116356299007e-08}, ""40"": {""U_max"": 8.081209261841474e-08, ""U_RMS"": 2.84254447201544e-08, ""T_max"": 5.25146219843009e-08, ""T_RMS"": 1.0561312816926701e-08}, ""100"": {""U_max"": 9.0204313831897e-08, ""U_RMS"": 2.7100339059452283e-08, ""T_max"": 2.2483220618596533e-08, ""T_RMS"": 7.59204281001611e-09}, ""200"": {""U_max"": 1.0722875794355012e-07, ""U_RMS"": 2.7560718781732008e-08, ""T_max"": 2.5562428618286503e-08, ""T_RMS"": 9.08185821342116e-09}}",1.930960780003642e-08,2.653475602733286e-13,1.530024412895654e-08,2.491956479895904e-13,1.232438590927889e-08,8.92995771263328e-13,1.529248897048456e-07,4.709370794619317e-11,4.69934551693372e-11
30000,Wmax_X,0.074951171875,0.074951171875,0.074951171875,0.074951171875,0.0,0.0,0.0,0.0,1.1217197032410395e-07,3.152675489330931e-07,1.3685871635971125e-07,3.1947985075883387e-08,2.106100902581735e-10,2.721926615515256e-09,False,"{""20"": {""U_max"": 1.8821032392564795e-07, ""U_RMS"": 3.813043664200634e-08, ""T_max"": 6.494150284197531e-08, ""T_RMS"": 1.1892116356299007e-08}, ""40"": {""U_max"": 8.081209261841474e-08, ""U_RMS"": 2.84254447201544e-08, ""T_max"": 5.25146219843009e-08, ""T_RMS"": 1.0561312816926701e-08}, ""100"": {""U_max"": 9.0204313831897e-08, ""U_RMS"": 2.7100339059452283e-08, ""T_max"": 2.2483220618596533e-08, ""T_RMS"": 7.59204281001611e-09}, ""200"": {""U_max"": 1.0722875794355012e-07, ""U_RMS"": 2.7560718781732008e-08, ""T_max"": 2.5562428618286503e-08, ""T_RMS"": 9.08185821342116e-09}}",1.930960780003642e-08,2.653475602733286e-13,1.530024412895654e-08,2.491956479895904e-13,1.232438590927889e-08,8.92995771263328e-13,1.529248897048456e-07,4.709370794619317e-11,4.69934551693372e-11
