run_id,n,role,phase,status,iteration,p_tolerance,eta_nom,pattern,sign,temperature_offset,qoi,iterative,extraction,serialization,restart,total
equivalence_source20,20,equivalence,verification,FIXED_ITERATION_DIAGNOSTIC,10,1e-08,0.0,P1,1,0.0,Nu_bar_cavity,0.0,1.7006692938438138e-14,0.0,0.0,1.7006692938438138e-14
equivalence_source20,20,equivalence,verification,FIXED_ITERATION_DIAGNOSTIC,10,1e-08,0.0,P1,1,0.0,Nu_bar_0,0.0,3.6975220437856766e-14,0.0,0.0,3.6975220437856766e-14
equivalence_source20,20,equivalence,verification,FIXED_ITERATION_DIAGNOSTIC,10,1e-08,0.0,P1,1,0.0,Nu_bar_half,0.0,1.4210854715202004e-14,0.0,0.0,1.4210854715202004e-14
equivalence_source20,20,equivalence,verification,FIXED_ITERATION_DIAGNOSTIC,10,1e-08,0.0,P1,1,0.0,Umax,0.0,2.4416854556315817e-13,0.0,0.0,2.4416854556315817e-13
equivalence_source20,20,equivalence,verification,FIXED_ITERATION_DIAGNOSTIC,10,1e-08,0.0,P1,1,0.0,Wmax,0.0,0.00385172158312446,0.0,0.0,0.00385172158312446
equivalence_source20,20,equivalence,verification,FIXED_ITERATION_DIAGNOSTIC,10,1e-08,0.0,P1,1,0.0,Umax_Z,0.0,0.00024414062501421085,0.0,0.0,0.00024414062501421085
equivalence_source20,20,equivalence,verification,FIXED_ITERATION_DIAGNOSTIC,10,1e-08,0.0,P1,1,0.0,Wmax_X,0.0,0.00036621093751421085,0.0,0.0,0.00036621093751421085
baseline_n20,20,arm1,exploration,NOT_CONVERGED,12000,1e-10,0.0,P1,1,0.0,Nu_bar_cavity,9.593592942280793e-08,4.6781502853922964e-14,3.4638958368304884e-14,0.0,9.593601084326916e-08
baseline_n20,20,arm1,exploration,NOT_CONVERGED,12000,1e-10,0.0,P1,1,0.0,Nu_bar_0,1.1037025160476333e-07,4.6546660238267406e-14,2.2737367544323206e-13,0.0,1.10370525525099e-07
baseline_n20,20,arm1,exploration,NOT_CONVERGED,12000,1e-10,0.0,P1,1,0.0,Nu_bar_half,2.8587735378948764e-07,4.65466603158184e-14,0.0,0.0,2.8587740033614794e-07
baseline_n20,20,arm1,exploration,NOT_CONVERGED,12000,1e-10,0.0,P1,1,0.0,Umax,2.0320323699252185e-06,0.0011690584924182034,0.0,0.0,0.0011710905247881286
baseline_n20,20,arm1,exploration,NOT_CONVERGED,12000,1e-10,0.0,P1,1,0.0,Wmax,9.14709303856398e-07,0.007479964020635775,0.0,0.0,0.007480878729939631
baseline_n20,20,arm1,exploration,NOT_CONVERGED,12000,1e-10,0.0,P1,1,0.0,Umax_Z,0.0,0.00036621093751421085,0.0,0.0,0.00036621093751421085
baseline_n20,20,arm1,exploration,NOT_CONVERGED,12000,1e-10,0.0,P1,1,0.0,Wmax_X,0.0,0.00036621093751421085,0.0,0.0,0.00036621093751421085
