prerequisite,formal_owner,required_for,current_status,formal_status,evidence,reason,blocks_formal_J,scientific_need_for_transient_study,scientific_importance,remediation,priority,concept
A_B,Route B Gate A,BENCHMARK_CORE_PASS,FORMAL_PASS (existing evidence),FORMAL_PASS (existing evidence),results/routeB/routeB_final_verification_review.json#/Gate_A_to_G/0,"Recorded environment/input/mesh/Ra/Pr checks PASS; historical binary digest absent, disclosed",NO,A own provenance required; full B provenance not required for within-A question,MEDIUM,Preserve existing evidence; no new source audit,P2,FORMAL_PREREQUISITE
B_B,Route B Gate B,BENCHMARK_CORE_PASS,FORMAL_PASS / ROUTE_B_AUDIT_PASS,FORMAL_PASS / ROUTE_B_AUDIT_PASS,docs/routeB_design.md; results/routeB/routeB_final_verification_review.json#/foundation_evidence/B,Source-to-equation audit PASS within laminar steady Boussinesq scope,NO,B equation audit gives comparative context; not needed to measure A time sensitivity,MEDIUM,Retain scope limitation,P2,FORMAL_PREREQUISITE
C_B,Route B Gate C,BENCHMARK_CORE_PASS,FORMAL_PASS,FORMAL_PASS,results/routeB/run_manifest.json; results/routeB/routeB_final_verification_review.json#/foundation_evidence/C,Conduction unit test PASS,NO,Useful calibration; A has its own C PASS,MEDIUM,None for current bounded study,P2,FORMAL_PREREQUISITE
D_B,Route B Gate D,BENCHMARK_CORE_PASS,PASS 9/12; FAIL Ra1e6 3/3,PASS 9/12; FAIL Ra1e6 3/3,results/routeB/Ra1e6_post_matrix_gateD_review.json,Residual FAIL all three; positive heat trend coarse/medium; accepted 0/3 at Ra1e6,YES,NOT_REQUIRED_FOR_THIS_SPECIFIC_QUESTION; required for accepted B comparison,HIGH for formal/AB claims; indirect for A temporal,"Future controlled mechanism/remediation plan, preserve original failures and cap",P1 formal / P2 diagnostic,FORMAL_PREREQUISITE
E_B,Route B Gate E,BENCHMARK_CORE_PASS,PASS Ra1e3–1e5; NOT_EVALUATED Ra1e6,PASS Ra1e3–1e5; NOT_EVALUATED Ra1e6,results/routeB/routeB_final_verification_review.json#/formal_Ra_gates,Ra1e6 fine unaccepted; paper agreement diagnostic only,YES,Not required for within-A temporal; required for B Verification claim,MEDIUM,"After accepted B fine evidence, evaluate unchanged E",P1 formal / P2 diagnostic,FORMAL_PREREQUISITE
F_B,Route B Gate F,BENCHMARK_CORE_PASS,FAIL Ra1e3–1e5; NOT_EVALUATED Ra1e6,FAIL Ra1e3–1e5; NOT_EVALUATED Ra1e6,results/routeB/routeB_final_verification_review.json#/Gate_F_results,"Ra3 U, Ra4/5 W non-monotonic; Ra6 grids unaccepted",YES,Not required for fixed A temporal; needed to separate AB continuum errors,HIGH for AB uncertainty; indirect temporal,320 and appropriate uncertainty evaluation where required; Ra6 D first; no guaranteed PASS,P1 formal / P2 diagnostic,FORMAL_PREREQUISITE
G_B,Route B Gate G,BENCHMARK_CORE_PASS,FAIL Ra1e3; NOT_EVALUATED_UNDER_FROZEN_REVIEW others,FAIL Ra1e3; NOT_EVALUATED_UNDER_FROZEN_REVIEW others,results/routeB/routeB_final_verification_review.json#/Gate_G,Ra3 reconstructed mass divergence FAIL; native phi is different operator; freeze does not waive criterion,YES,Not needed for within-A study; own A transient mass/energy essential,HIGH for formal conservation; indirect temporal,Future operator-consistent review/remediation under unchanged criteria; frozen investigation retained now,P1 formal / P2 diagnostic,FORMAL_PREREQUISITE
K_B,Route B Gate K,BENCHMARK_CORE_PASS,FORMAL_UNRESOLVED / final PASS not established,FORMAL_UNRESOLVED / final PASS not established,"docs/acceptance_criteria.md §13; results/routeB/{full_matrix_manifest.json,benchmark_summary.csv,grid_convergence.csv,conservation.csv}",Many traceable artifacts present; no full Gate K closure; aggregate row metadata gaps,YES (evidence not established),Own diagnostic evidence closure essential; complete B packaging not required,HIGH provenance; MEDIUM B packaging,"Review-only future Gate K checklist/equivalent path index, row metadata and visual/diagnostic closure",P1 formal / P2 diagnostic,FORMAL_PREREQUISITE
BENCHMARK_CORE_PASS,Route B aggregate,ROUTE_A_CHARACTERIZED; formal J sequencing,NOT_ESTABLISHED; historical NOT_EVALUATED,NOT_ESTABLISHED; historical NOT_EVALUATED,results/routeB/routeB_final_verification_review.json#/formal_state_preserved,"Conjunction not satisfied due D/E/F/G plus unresolved K; review NO is readiness, not rewritten historical FAIL",YES,NO for bounded within-A question; PARTIALLY for AB/continuum interpretation,HIGH formal; indirect diagnostic,Close all required B components under frozen rules,P1 formal / P2 diagnostic,FORMAL_PREREQUISITE
A_A / OQ-02,Route A Gate A,ROUTE_A_CHARACTERIZED,FORMAL_PASS (12 recorded final segments),FORMAL_PASS (12 recorded final segments),12 final segment_manifest.json; results/routeA/attempts/attempt_007/RouteA_full_steady_matrix_review.json,A/OQ-02 PASS all; accepted coarse reuse retains explicit owner,NO,Required: correct runtime/model/inputs and cold pressure/rho initialization,HIGH,"Future transient-specific initialization/runtime checks, do not reuse steady PASS as transient proof",P0 future design,FORMAL_PREREQUISITE
B_A,Route A Gate B,ROUTE_A_CHARACTERIZED,FORMAL_PASS / ROUTE_A_AUDIT_PASS,FORMAL_PASS / ROUTE_A_AUDIT_PASS,docs/openfoam_design.md; docs/routeA_implementation.md,Existing source audit supports Route A formulation; differs from classical B,NO,"Required, with transient active terms and algorithm checked",HIGH,Future bounded transient algorithm/source-to-observable review; no broad re-audit now,P0 future design,FORMAL_PREREQUISITE
C_A,Route A Gate C,ROUTE_A_CHARACTERIZED,FORMAL_PASS,FORMAL_PASS,results/routeA/run_manifest.json; docs/routeA_implementation.md §4,A-COND and two Nu paths PASS,NO,Required calibration available; not transient validation,HIGH,Retain; additional transient unit check decision belongs to future design,P0 available,FORMAL_PREREQUISITE
D_A,Route A Gate D,ROUTE_A_CHARACTERIZED,FORMAL_PASS 12/12,FORMAL_PASS 12/12,results/routeA/attempts/attempt_007/RouteA_full_steady_matrix_review.json#/Gate_D_evidence,All primary cases accepted under frozen residual/QoI/trend checks,NO,Accepted Ra6 fine baseline important; transient arrival requires separate definition,HIGH,Future duration/arrival/inner-convergence plan; no steady rerun,P0 available,FORMAL_PREREQUISITE
E_A practical comparison,Route A Gate E diagnostic,Three comparisons; J final paper requirement,PASS all fine (diagnostic steady),PASS all fine (diagnostic steady),results/routeA/attempts/attempt_007/RouteA_full_steady_matrix_review.json#/paper_fine_errors,A E is not an extra term in characterization predicate; future J comparison is Hard,NO (steady); future J must evaluate,Useful baseline and final practical comparison; not transient reference trajectory,MEDIUM,Same scalar/position definitions on future transient final state; no new threshold,P0 future design,FORMAL_PREREQUISITE
F_A,Route A Gate F,ROUTE_A_CHARACTERIZED,FORMAL FAIL all four Ra; needs_320 YES,FORMAL FAIL all four Ra; needs_320 YES,results/routeA/attempts/attempt_007/RouteA_full_steady_matrix_review.json#/Gate_F_detailed,"Ra3 U, Ra4/5 W non-monotonic; Ra6 Nu fm>1% plus W non-monotonic",YES,NOT_REQUIRED_FOR_THIS_SPECIFIC_QUESTION; required for grid-independent/AB claims,HIGH spatial; separate from temporal,Additional 320 per affected Ra + generalized Richardson/uncertainty review; acceptance not guaranteed,P1 formal / P2 diagnostic,FORMAL_PREREQUISITE
G_A steady,Route A Gate G,ROUTE_A_CHARACTERIZED,FORMAL_PASS all four accepted fine,FORMAL_PASS all four accepted fine,results/routeA/attempts/attempt_007/RouteA_full_steady_matrix_review.json#/Gate_G_fine,Frozen heat/section/native mass/reconstructed U/symmetry criteria PASS,NO,Necessary supporting steady baseline; does not establish transient storage balance,HIGH,Future transient final G plus full mass/energy evolution checks,P0 future design,FORMAL_PREREQUISITE
K_A,Route A Gate K,ROUTE_A_CHARACTERIZED,FORMAL_UNRESOLVED / final PASS not established,FORMAL_UNRESOLVED / final PASS not established,"docs/acceptance_criteria.md §13; historical trio/group reports, seals and figures",Distributed evidence exists; complete corresponding-artifact/metadata/visual closure not established,YES (evidence not established),Own transient provenance and evidence closure required,HIGH,Future indexed Gate K audit; stale minimal tables must not be treated as full matrix,P1 formal / P0 diagnostic evidence design,FORMAL_PREREQUISITE
Three separated comparisons,Route A reporting,ROUTE_A_CHARACTERIZED,REPORTED within stated scope; full K closure unresolved,REPORTED within stated scope; full K closure unresolved,results/routeA/attempts/attempt_007/RouteA_full_steady_matrix_review.json; results/routeB/routeB_final_verification_review.json; attempts004–007/*routeA_vs_routeB.csv,"B-paper Verification, A-B formulation, A-paper practical are separated; Ra6 B computed/unaccepted and operator mismatch disclosed",NO for reporting separation; K remains unresolved,Comparative context useful; diagnostic B row cannot prove model difference causally,HIGH interpretation,Preserve labels; Gate K metadata/visual completeness separately audit,P0 available,FORMAL_PREREQUISITE
I_A / I_B reporting and cause analysis,Gate I diagnostic; supported by K,Field/local diagnostic reporting,DIAGNOSTICALLY_USEFUL; full visual/cause checklist UNKNOWN,DIAGNOSTICALLY_USEFUL; full visual/cause checklist UNKNOWN,case metrics/local_nusselt.csv/figures; attempts004–007 comparison tables; results/routeB/routeB_final_verification_review.json,Local values and positions reported; no formal I Hard PASS; existence of plots is not visual audit,"UNRESOLVED through K, not independent Hard I threshold",Needed to detect axes/artifacts; complete B I not prerequisite to A temporal question,MEDIUM,Future evidence closure of visuals and out-of-guide causes; no new I threshold,P1 formal / P0 own diagnostics,FORMAL_PREREQUISITE
H performed/reported,Route A Gate H reporting,ROUTE_A_CHARACTERIZED,COMPLETE,COMPLETE,results/routeA/attempts/attempt_008/GateH_report.json; results/routeA/attempts/attempt_008/GateH_result_review.json,"Accepted baseline9000 and perturbed12000, frozen same160 grid",NO,Available steady formulation sensitivity evidence,HIGH supporting evidence,None; retain limitations,P0 available,FORMAL_PREREQUISITE
H_pass,Route A Gate H numeric,Formal J sequencing; DOWNSTREAM_TRANSIENT_READY,FORMAL_PASS; review SUPPORTED_WITH_LIMITATIONS,FORMAL_PASS; review SUPPORTED_WITH_LIMITATIONS,results/routeA/attempts/attempt_008/GateH_report.json#/formal_Gate_H,Primary changes<=0.039204%; epsilon_v decreased; not F or transient proof,NO,"Supporting confidence for selected steady QoIs, not transient mass/energy",HIGH supporting evidence,None; no waiver,P0 available,FORMAL_PREREQUISITE
ROUTE_A_CHARACTERIZED,Route A aggregate,Formal J sequencing,NOT_ESTABLISHED / readiness NO,NOT_ESTABLISHED / readiness NO,docs/acceptance_criteria.md §14; results/routeA/attempts/attempt_007/RouteA_full_steady_matrix_review.json,B core and F_A unmet; K_A not established despite D/G/H reporting,YES,Not required as full formal predicate for separately owned diagnostic question,HIGH formal; conditional diagnostic,Close every required component; H numerical PASS alone insufficient,P1 formal / P2 diagnostic,FORMAL_PREREQUISITE
J_A numeric checklist,Route A Gate J,DOWNSTREAM_TRANSIENT_READY,NOT_EXECUTED,NOT_EXECUTED,docs/acceptance_criteria.md §12,Cold/backward/Co/final paper/G/time-history requirements not tested,"Execution not allowed now; J_A is outcome, not prerequisite to itself",Temporal sensitivity and final-state comparison scientifically valuable,HIGH,Only after formal prerequisites + future explicit formal contract/authorization,P1 formal,FUTURE_FORMAL_GATE_REQUIREMENT
Transient algorithm / startup / dt / arrival,Future transient study owner,Interpretable transient study,NOT_DESIGNED / technically NOT_READY,NOT_DESIGNED / technically NOT_READY,docs/routeA_pre_full_matrix_review.md §14; docs/openfoam_design.md §10,"PISO/PIMPLE, variable backward startup, actual Co histories, duration and inner convergence not frozen",YES technical execution readiness; separate from frozen predicate,Essential to isolate temporal/iterative/truncation effects,HIGH,Future separate contract preparation; no algorithm selection or contract now,P0 future design,SCIENTIFIC_PREREQUISITE
Transient mass / energy / OQ-07,Future transient study owner,Fluid-only transient interpretation and later coupling,NOT_EVALUATED / method tolerances UNRESOLVED,NOT_EVALUATED / method tolerances UNRESOLVED,"docs/openfoam_design.md §3,§10, OQ-07; docs/routeA_pre_full_matrix_review.md §14",Steady div(phi) and hot=cold do not include density/energy storage and audited work,YES technical execution readiness; not inferred from steady G,Essential; psi=0 EOS/solver-rho synchronization and total mass need assessment,HIGH,Preregister operators/integrals/normalizations and grounded criteria; unresolved means stop before execution,P0 future design,SCIENTIFIC_PREREQUISITE
New execution authority / ownership,User + future separate study contract,Any future transient execution,NOT_AUTHORIZED; v1.7 Gate_J_authorized=false,NOT_AUTHORIZED; v1.7 Gate_J_authorized=false,"docs/routeA_execution_contract_v1.7.json#/authority; current request §49,54","Current task permits review only; recommendation YES is scientific path, not run permission",YES execution authorization,"Required reproducible scope, ownership and evidence retention",HIGH,Next prepare-only task after user roadmap decision; later explicit RUN task,P0 future decision,PROJECT_SEQUENCING_AND_AUTHORIZATION
Full formal closure first as development sequence,Frozen formal logic vs project workflow,Formal label vs diagnostic development,Formal order binding; development preference separable,Formal order binding; development preference separable,"docs/acceptance_criteria.md §12,14; docs/routeA_pre_full_matrix_review.md §13",Workflow levels do not replace formal labels; proposed diagnostic owner does not claim J,YES formal; NO inherent scientific need for separate bounded diagnostic,NOT_REQUIRED_FOR_THIS_SPECIFIC_QUESTION,MEDIUM sequencing,Choose scope; preserve formal failures; no criteria amendment,P0 future decision,PROJECT_SEQUENCING_PREFERENCE
Particle/FSI readiness,Future coupling project,Actual moving/deformable objects,NOT_READY / NOT_EVALUATED,NOT_READY / NOT_EVALUATED,"docs/routeA_pre_full_matrix_review.md §13,15","No transient fluid proof, actual force/thermal/geometry/particle/FSI validation",Not a prerequisite to fluid-only study; blocks coupling claims,"Required before actual coupling claims, later research",HIGH eventual goal,Separate later fluid-condition/force/heat/particle validation; no particle work now,P2 later,DOWNSTREAM_REQUIREMENT
