quantity,baseline,perturbed,signed_difference,absolute_difference,relative_difference,signed_relative_difference,signed_position_difference,absolute_position_difference,threshold,check,comparison_class,quantity_class,criterion,baseline_accepted,perturbed_accepted,baseline_owner,perturbed_owner,scalar_denominator,operator_note
Nu_bar_cavity,8.868989455786025,8.86551246466168,-0.0034769911243444085,0.0034769911243444085,0.0003920391541424215,-0.0003920391541424215,,,0.002,PASS,FIXED_GRID_MODEL_FORMULATION_SENSITIVITY,PRIMARY_EXISTING_H_THRESHOLD,D_H <= 0.002,True,True,HISTORICAL_ACCEPTED_STEADY_BASELINE,GATE_H_FORMAL_SENSITIVITY_CASE,abs(historical baseline),Both A cases use same native mass phi and reconstructed Gauss-linear div(U); no cross-Route B comparison.
Nu_bar_0,8.863383392408878,8.863347542477413,-3.58499314643268e-05,3.58499314643268e-05,4.044723090172404e-06,-4.044723090172404e-06,,,,DIAGNOSTIC_ONLY,FIXED_GRID_MODEL_FORMULATION_SENSITIVITY,SECONDARY_DIAGNOSTIC,no Gate H Hard threshold,True,True,HISTORICAL_ACCEPTED_STEADY_BASELINE,GATE_H_FORMAL_SENSITIVITY_CASE,abs(historical baseline),Both A cases use same native mass phi and reconstructed Gauss-linear div(U); no cross-Route B comparison.
Nu_bar_half,8.867669176277998,8.863845139827621,-0.0038240364503767665,0.0038240364503767665,0.0004312335490149418,-0.0004312335490149418,,,,DIAGNOSTIC_ONLY,FIXED_GRID_MODEL_FORMULATION_SENSITIVITY,SECONDARY_DIAGNOSTIC,no Gate H Hard threshold,True,True,HISTORICAL_ACCEPTED_STEADY_BASELINE,GATE_H_FORMAL_SENSITIVITY_CASE,abs(historical baseline),Both A cases use same native mass phi and reconstructed Gauss-linear div(U); no cross-Route B comparison.
Nu_bar_1,8.863383756337953,8.863347541279836,-3.621505811679526e-05,3.621505811679526e-05,4.085917874299294e-06,-4.085917874299294e-06,,,,DIAGNOSTIC_ONLY,FIXED_GRID_MODEL_FORMULATION_SENSITIVITY,SECONDARY_DIAGNOSTIC,no Gate H Hard threshold,True,True,HISTORICAL_ACCEPTED_STEADY_BASELINE,GATE_H_FORMAL_SENSITIVITY_CASE,abs(historical baseline),Both A cases use same native mass phi and reconstructed Gauss-linear div(U); no cross-Route B comparison.
Umax,64.9147345963897,64.89920914350851,-0.015525452881192336,0.015525452881192336,0.00023916685445488672,-0.00023916685445488672,,,0.002,PASS,FIXED_GRID_MODEL_FORMULATION_SENSITIVITY,PRIMARY_EXISTING_H_THRESHOLD,D_H <= 0.002,True,True,HISTORICAL_ACCEPTED_STEADY_BASELINE,GATE_H_FORMAL_SENSITIVITY_CASE,abs(historical baseline),Both A cases use same native mass phi and reconstructed Gauss-linear div(U); no cross-Route B comparison.
Umax_Z,0.85302734375,0.85302734375,0.0,0.0,,,0.0,0.0,,DIAGNOSTIC_ONLY,FIXED_GRID_MODEL_FORMULATION_SENSITIVITY,POSITION_DIAGNOSTIC,no Gate H Hard threshold,True,True,HISTORICAL_ACCEPTED_STEADY_BASELINE,GATE_H_FORMAL_SENSITIVITY_CASE,"absolute normalized-coordinate difference, no relative position error",Both A cases use same native mass phi and reconstructed Gauss-linear div(U); no cross-Route B comparison.
Wmax,219.90026166168474,219.87596235012782,-0.024299311556916336,0.024299311556916336,0.00011050151270079289,-0.00011050151270079289,,,0.002,PASS,FIXED_GRID_MODEL_FORMULATION_SENSITIVITY,PRIMARY_EXISTING_H_THRESHOLD,D_H <= 0.002,True,True,HISTORICAL_ACCEPTED_STEADY_BASELINE,GATE_H_FORMAL_SENSITIVITY_CASE,abs(historical baseline),Both A cases use same native mass phi and reconstructed Gauss-linear div(U); no cross-Route B comparison.
Wmax_X,0.04052734375,0.04052734375,0.0,0.0,,,0.0,0.0,,DIAGNOSTIC_ONLY,FIXED_GRID_MODEL_FORMULATION_SENSITIVITY,POSITION_DIAGNOSTIC,no Gate H Hard threshold,True,True,HISTORICAL_ACCEPTED_STEADY_BASELINE,GATE_H_FORMAL_SENSITIVITY_CASE,"absolute normalized-coordinate difference, no relative position error",Both A cases use same native mass phi and reconstructed Gauss-linear div(U); no cross-Route B comparison.
Nu_hot_local_max,17.824136170214214,17.823743337637207,-0.0003928325770061747,0.0003928325770061747,2.2039361305073195e-05,-2.2039361305073195e-05,,,,DIAGNOSTIC_ONLY,FIXED_GRID_MODEL_FORMULATION_SENSITIVITY,SECONDARY_DIAGNOSTIC,no Gate H Hard threshold,True,True,HISTORICAL_ACCEPTED_STEADY_BASELINE,GATE_H_FORMAL_SENSITIVITY_CASE,abs(historical baseline),Both A cases use same native mass phi and reconstructed Gauss-linear div(U); no cross-Route B comparison.
Nu_hot_local_max_Z,0.03714365993269268,0.03715625450665767,1.2594573964984368e-05,1.2594573964984368e-05,,,1.2594573964984368e-05,1.2594573964984368e-05,,DIAGNOSTIC_ONLY,FIXED_GRID_MODEL_FORMULATION_SENSITIVITY,POSITION_DIAGNOSTIC,no Gate H Hard threshold,True,True,HISTORICAL_ACCEPTED_STEADY_BASELINE,GATE_H_FORMAL_SENSITIVITY_CASE,"absolute normalized-coordinate difference, no relative position error",Both A cases use same native mass phi and reconstructed Gauss-linear div(U); no cross-Route B comparison.
Nu_hot_local_min,0.9756661546016403,0.9748962825178751,-0.0007698720837652218,0.0007698720837652218,0.0007890732707434714,-0.0007890732707434714,,,,DIAGNOSTIC_ONLY,FIXED_GRID_MODEL_FORMULATION_SENSITIVITY,SECONDARY_DIAGNOSTIC,no Gate H Hard threshold,True,True,HISTORICAL_ACCEPTED_STEADY_BASELINE,GATE_H_FORMAL_SENSITIVITY_CASE,abs(historical baseline),Both A cases use same native mass phi and reconstructed Gauss-linear div(U); no cross-Route B comparison.
Nu_hot_local_min_Z,1.0,1.0,0.0,0.0,,,0.0,0.0,,DIAGNOSTIC_ONLY,FIXED_GRID_MODEL_FORMULATION_SENSITIVITY,POSITION_DIAGNOSTIC,no Gate H Hard threshold,True,True,HISTORICAL_ACCEPTED_STEADY_BASELINE,GATE_H_FORMAL_SENSITIVITY_CASE,"absolute normalized-coordinate difference, no relative position error",Both A cases use same native mass phi and reconstructed Gauss-linear div(U); no cross-Route B comparison.
physical_heat_imbalance,4.1059911683730156e-08,1.3495032757267415e-10,-4.0924961356157484e-08,4.0924961356157484e-08,0.9967133312752315,-0.9967133312752315,,,,DIAGNOSTIC_ONLY,FIXED_GRID_MODEL_FORMULATION_SENSITIVITY,SECONDARY_DIAGNOSTIC,no Gate H Hard threshold,True,True,HISTORICAL_ACCEPTED_STEADY_BASELINE,GATE_H_FORMAL_SENSITIVITY_CASE,abs(historical baseline),Both A cases use same native mass phi and reconstructed Gauss-linear div(U); no cross-Route B comparison.
section_Nu_deviation,0.0005392664063731737,0.0002606109787786637,-0.00027865542759451,0.00027865542759451,0.5167305515442765,-0.5167305515442765,,,,DIAGNOSTIC_ONLY,FIXED_GRID_MODEL_FORMULATION_SENSITIVITY,SECONDARY_DIAGNOSTIC,no Gate H Hard threshold,True,True,HISTORICAL_ACCEPTED_STEADY_BASELINE,GATE_H_FORMAL_SENSITIVITY_CASE,abs(historical baseline),Both A cases use same native mass phi and reconstructed Gauss-linear div(U); no cross-Route B comparison.
native_mass_epsilon_m,9.201282491398326e-11,8.805332110374995e-11,-3.959503810233306e-12,3.959503810233306e-12,0.04303208616771397,-0.04303208616771397,,,,DIAGNOSTIC_ONLY,FIXED_GRID_MODEL_FORMULATION_SENSITIVITY,SECONDARY_DIAGNOSTIC,no Gate H Hard threshold,True,True,HISTORICAL_ACCEPTED_STEADY_BASELINE,GATE_H_FORMAL_SENSITIVITY_CASE,abs(historical baseline),Both A cases use same native mass phi and reconstructed Gauss-linear div(U); no cross-Route B comparison.
reconstructed_velocity_epsilon_v,0.000949693061760976,0.0009026457665325413,-4.704729522843473e-05,4.704729522843473e-05,0.049539474513162075,-0.049539474513162075,,,0.000949693061760976,PASS,FIXED_GRID_MODEL_FORMULATION_SENSITIVITY,EPSILON_V_NON_WORSENING,perturbed <= baseline; zero new slack,True,True,HISTORICAL_ACCEPTED_STEADY_BASELINE,GATE_H_FORMAL_SENSITIVITY_CASE,abs(historical baseline),Both A cases use same native mass phi and reconstructed Gauss-linear div(U); no cross-Route B comparison.
temperature_symmetry,0.00011037035422029161,1.1531482570008994e-05,-9.883887165028261e-05,9.883887165028261e-05,0.8955201090775431,-0.8955201090775431,,,,DIAGNOSTIC_ONLY,FIXED_GRID_MODEL_FORMULATION_SENSITIVITY,SECONDARY_DIAGNOSTIC,no Gate H Hard threshold,True,True,HISTORICAL_ACCEPTED_STEADY_BASELINE,GATE_H_FORMAL_SENSITIVITY_CASE,abs(historical baseline),Both A cases use same native mass phi and reconstructed Gauss-linear div(U); no cross-Route B comparison.
velocity_symmetry,0.0004010982483525466,4.115582908994948e-05,-0.0003599424192625971,0.0003599424192625971,0.8973921495319634,-0.8973921495319634,,,,DIAGNOSTIC_ONLY,FIXED_GRID_MODEL_FORMULATION_SENSITIVITY,SECONDARY_DIAGNOSTIC,no Gate H Hard threshold,True,True,HISTORICAL_ACCEPTED_STEADY_BASELINE,GATE_H_FORMAL_SENSITIVITY_CASE,abs(historical baseline),Both A cases use same native mass phi and reconstructed Gauss-linear div(U); no cross-Route B comparison.
T_min,299.5030523700989,299.5030504890369,-1.881061962194508e-06,1.881061962194508e-06,6.280610322027907e-09,-6.280610322027907e-09,,,,DIAGNOSTIC_ONLY,FIXED_GRID_MODEL_FORMULATION_SENSITIVITY,SECONDARY_DIAGNOSTIC,no Gate H Hard threshold,True,True,HISTORICAL_ACCEPTED_STEADY_BASELINE,GATE_H_FORMAL_SENSITIVITY_CASE,abs(historical baseline),Both A cases use same native mass phi and reconstructed Gauss-linear div(U); no cross-Route B comparison.
T_max,300.4969470476793,300.4969494608452,2.4131658733494987e-06,2.4131658733494987e-06,8.030583661692264e-09,8.030583661692264e-09,,,,DIAGNOSTIC_ONLY,FIXED_GRID_MODEL_FORMULATION_SENSITIVITY,SECONDARY_DIAGNOSTIC,no Gate H Hard threshold,True,True,HISTORICAL_ACCEPTED_STEADY_BASELINE,GATE_H_FORMAL_SENSITIVITY_CASE,abs(historical baseline),Both A cases use same native mass phi and reconstructed Gauss-linear div(U); no cross-Route B comparison.
rho_min,0.9995030529523208,0.9999503050539155,0.0004472521015946862,0.0004472521015946862,0.00044747447271281264,0.00044747447271281264,,,,DIAGNOSTIC_ONLY,FIXED_GRID_MODEL_FORMULATION_SENSITIVITY,SECONDARY_DIAGNOSTIC,no Gate H Hard threshold,True,True,HISTORICAL_ACCEPTED_STEADY_BASELINE,GATE_H_FORMAL_SENSITIVITY_CASE,abs(historical baseline),Both A cases use same native mass phi and reconstructed Gauss-linear div(U); no cross-Route B comparison.
rho_max,1.000496947629901,1.000049694951096,-0.0004472526788050768,0.0004472526788050768,0.00044703052804367206,-0.00044703052804367206,,,,DIAGNOSTIC_ONLY,FIXED_GRID_MODEL_FORMULATION_SENSITIVITY,SECONDARY_DIAGNOSTIC,no Gate H Hard threshold,True,True,HISTORICAL_ACCEPTED_STEADY_BASELINE,GATE_H_FORMAL_SENSITIVITY_CASE,abs(historical baseline),Both A cases use same native mass phi and reconstructed Gauss-linear div(U); no cross-Route B comparison.
max_relative_density_deviation,0.0004969476299010456,4.9694951095968776e-05,-0.0004472526788050768,0.0004472526788050768,0.89999962147749,-0.89999962147749,,,,DIAGNOSTIC_ONLY,FIXED_GRID_MODEL_FORMULATION_SENSITIVITY,SECONDARY_DIAGNOSTIC,no Gate H Hard threshold,True,True,HISTORICAL_ACCEPTED_STEADY_BASELINE,GATE_H_FORMAL_SENSITIVITY_CASE,abs(historical baseline),Both A cases use same native mass phi and reconstructed Gauss-linear div(U); no cross-Route B comparison.
